id,data_inversa,dia_semana,horario,uf,br,km,municipio,causa_acidente,tipo_acidente,classificacao_acidente,fase_dia,sentido_via,condicao_metereologica,tipo_pista,tracado_via,uso_solo,ano,pessoas,mortos,feridos_leves,feridos_graves,ilesos,ignorados,feridos,veiculos
83147819,2014-02-18,Terça,15:30:00,RN,304,136.3,IPANGUACU,Outras,Saída de Pista,Com Vítimas Feridas,Pleno dia,Decrescente,Ceu Claro,Simples,Reta,Rural,2014,1,0,1,0,0,0,1,1
83147841,2014-02-19,Quarta,00:45:00,RN,304,281.0,MACAIBA,Outras,Saída de Pista,Sem Vítimas,Plena noite,Crescente,Nublado,Simples,Cruzamento,Rural,2014,1,0,0,0,1,0,0,1
83147869,2014-02-19,Quarta,07:30:00,RN,101,84.9,SAO GONCALO DO AMARANTE,Desobediência à sinalização,Colisão lateral,Com Vítimas Feridas,Pleno dia,Crescente,Ceu Claro,Dupla,Reta,Urbano,2014,3,0,0,1,2,0,1,3
83147901,2014-02-17,Segunda,00:25:00,RN,110,47.9,MOSSORO,Ingestão de álcool,Colisão frontal,Com Vítimas Feridas,Plena noite,Decrescente,Ceu Claro,Simples,Reta,Urbano,2014,3,0,1,1,1,0,2,2
83147945,2014-02-19,Quarta,06:45:00,RN,101,98.2,NATAL,Não guardar distância de segurança,Colisão traseira,Sem Vítimas,Pleno dia,Decrescente,Nublado,Dupla,Reta,Urbano,2014,3,0,0,0,3,0,0,3
83147969,2014-02-16,Domingo,04:15:00,RN,304,39.0,MOSSORO,Outras,Colisão com objeto fixo,Com Vítimas Feridas,Amanhecer,Decrescente,Ceu Claro,Dupla,Reta,Urbano,2014,2,0,2,0,0,0,2,1
83148077,2014-02-13,Quinta,19:25:00,RN,110,0.6,AREIA BRANCA,Outras,Colisão Transversal,Com Vítimas Feridas,Plena noite,Crescente,Chuva,Simples,Curva,Urbano,2014,2,0,0,1,1,0,1,2
83148135,2014-02-20,Quinta,10:47:00,RN,101,115.4,SAO JOSE DE MIPIBU,Defeito mecânico em veículo,Capotamento,Sem Vítimas,Pleno dia,Crescente,Nublado,Dupla,Reta,Urbano,2014,1,0,0,0,1,0,0,1
83148155,2014-02-20,Quinta,11:30:00,RN,226,106.6,SANTA CRUZ,Defeito mecânico em veículo,Tombamento,Com Vítimas Feridas,Pleno dia,Crescente,Ceu Claro,Simples,Reta,Rural,2014,1,0,1,0,0,0,1,1
83148156,2014-02-16,Domingo,19:45:00,RN,101,85.0,NATAL,Falta de atenção,Colisão lateral,Com Vítimas Feridas,Plena noite,Decrescente,Ceu Claro,Simples,Reta,Urbano,2014,2,0,0,1,0,1,1,2
83148305,2014-02-04,Terça,18:30:00,RN,101,98.1,NATAL,Falta de atenção,Colisão traseira,Com Vítimas Feridas,Plena noite,Crescente,Ceu Claro,Dupla,Reta,Urbano,2014,2,0,1,0,1,0,1,2
83148433,2014-02-18,Terça,09:15:00,RN,304,205.2,LAJES,Dormindo,Capotamento,Com Vítimas Feridas,Pleno dia,Decrescente,Ceu Claro,Simples,Reta,Rural,2014,1,0,1,0,0,0,1,1
83148439,2014-02-13,Quinta,17:30:00,RN,101,102.7,PARNAMIRIM,Outras,Colisão traseira,Com Vítimas Feridas,Anoitecer,Crescente,Ceu Claro,Dupla,Reta,Urbano,2014,2,0,1,0,1,0,1,2
83148543,2014-02-21,Sexta,05:40:00,RN,226,6.8,NATAL,Não guardar distância de segurança,Colisão traseira,Sem Vítimas,Amanhecer,Crescente,Chuva,Simples,Reta,Urbano,2014,2,0,0,0,1,1,0,2
83148569,2014-02-21,Sexta,14:25:00,RN,101,104.4,PARNAMIRIM,Falta de atenção,Colisão lateral,Sem Vítimas,Pleno dia,Decrescente,Nublado,Múltipla,Curva,Urbano,2014,2,0,0,0,2,0,0,2
83148607,2014-02-21,Sexta,18:00:00,RN,304,241.2,RIACHUELO,Falta de atenção,Colisão traseira,Sem Vítimas,Pleno dia,Crescente,Ceu Claro,Simples,Reta,Rural,2014,3,0,0,0,3,0,0,3
83148618,2014-02-21,Sexta,12:00:00,RN,405,1.8,MOSSORO,Desobediência à sinalização,Colisão com bicicleta,Com Vítimas Feridas,Pleno dia,Decrescente,Nublado,Simples,Reta,Urbano,2014,2,0,0,2,0,0,2,2
83148622,2014-02-21,Sexta,19:00:00,RN,101,95.8,NATAL,Não guardar distância de segurança,Colisão traseira,Sem Vítimas,Pleno dia,Decrescente,Ceu Claro,Dupla,Reta,Urbano,2014,2,0,0,0,2,0,0,2
83148667,2014-02-22,Sábado,03:15:00,RN,304,299.8,MACAIBA,Ingestão de álcool,Colisão traseira,Com Vítimas Feridas,Plena noite,Crescente,Ceu Claro,Dupla,Reta,Urbano,2014,2,0,0,1,1,0,1,2
83148737,2014-02-19,Quarta,07:10:00,RN,101,108.7,PARNAMIRIM,Outras,Colisão Transversal,Sem Vítimas,Pleno dia,Crescente,Ceu Claro,Dupla,Reta,Urbano,2014,2,0,0,0,2,0,0,2
83148835,2014-02-19,Quarta,23:00:00,RN,101,98.5,NATAL,Ingestão de álcool,Colisão Transversal,Sem Vítimas,Plena noite,Decrescente,Ceu Claro,Múltipla,Reta,Urbano,2014,2,0,0,0,1,1,0,2
83148893,2014-02-22,Sábado,07:30:00,RN,101,96.6,NATAL,Outras,Colisão Transversal,Sem Vítimas,Pleno dia,Crescente,Ceu Claro,Dupla,Reta,Urbano,2014,2,0,0,0,2,0,0,2
83148906,2014-02-22,Sábado,09:00:00,RN,101,101.9,PARNAMIRIM,Desobediência à sinalização,Colisão Transversal,Sem Vítimas,Pleno dia,Decrescente,Ceu Claro,Dupla,Cruzamento,Urbano,2014,2,0,0,0,2,0,0,2
83148933,2014-02-22,Sábado,14:10:00,RN,226,175.8,CURRAIS NOVOS,Falta de atenção,Colisão traseira,Com Vítimas Feridas,Pleno dia,Crescente,Ceu Claro,Dupla,Reta,Urbano,2014,2,0,0,1,0,1,1,2
83148935,2014-02-19,Quarta,07:30:00,RN,101,102.1,PARNAMIRIM,Falta de atenção,Colisão lateral,Com Vítimas Feridas,Pleno dia,Decrescente,Ceu Claro,Dupla,Cruzamento,Urbano,2014,2,0,1,0,1,0,1,2
83148968,2014-02-22,Sábado,17:16:00,RN,110,49.7,MOSSORO,Ingestão de álcool,Saída de Pista,Com Vítimas Feridas,Pleno dia,Crescente,Ceu Claro,Múltipla,Curva,Urbano,2014,2,0,1,1,0,0,2,1
83148974,2014-02-22,Sábado,16:40:00,RN,226,90.9,TANGARA,Falta de atenção,Capotamento,Com Vítimas Feridas,Pleno dia,Decrescente,Ceu Claro,Simples,Reta,Urbano,2014,1,0,0,1,0,0,1,1
83148992,2014-02-22,Sábado,18:40:00,RN,304,26.6,MOSSORO,Outras,Colisão traseira,Com Vítimas Feridas,Plena noite,Crescente,Ceu Claro,Simples,Reta,Rural,2014,2,0,1,0,1,0,1,2
83148999,2014-02-22,Sábado,11:15:00,RN,427,100.7,CAICO,Falta de atenção,Colisão Transversal,Sem Vítimas,Pleno dia,Decrescente,Sol,Simples,Cruzamento,Urbano,2014,2,0,0,0,2,0,0,2
83149155,2014-02-23,Domingo,04:50:00,RN,101,114.0,SAO JOSE DE MIPIBU,Falta de atenção,Tombamento,Sem Vítimas,Amanhecer,Crescente,Ceu Claro,Dupla,Curva,Rural,2014,1,0,0,0,1,0,0,1
83149271,2014-02-16,Domingo,23:21:00,RN,304,286.0,MACAIBA,Animais na Pista,Atropelamento de animal,Com Vítimas Feridas,Plena noite,Crescente,Ceu Claro,Simples,Reta,Rural,2014,1,0,1,0,0,0,1,1
83149317,2014-02-19,Quarta,23:10:00,RN,304,42.9,MOSSORO,Outras,Colisão com objeto fixo,Com Vítimas Feridas,Plena noite,Crescente,Ceu Claro,Dupla,Reta,Urbano,2014,2,0,1,0,1,0,1,1
83149384,2014-02-20,Quinta,04:40:00,RN,304,96.6,MOSSORO,Outras,Colisão lateral,Sem Vítimas,Pleno dia,Crescente,Ceu Claro,Simples,Reta,Rural,2014,2,0,0,0,1,1,0,2
83149434,2014-02-16,Domingo,18:20:00,RN,101,95.2,NATAL,Outras,Colisão lateral,Sem Vítimas,Plena noite,Crescente,Ceu Claro,Múltipla,Reta,Urbano,2014,2,0,0,0,2,0,0,2
83149449,2014-02-23,Domingo,16:42:00,RN,304,223.0,RIACHUELO,Outras,Saída de Pista,Com Vítimas Feridas,Anoitecer,Decrescente,Ceu Claro,Simples,Curva,Rural,2014,2,0,1,1,0,0,2,1
83149494,2014-02-23,Domingo,12:45:00,RN,101,99.9,NATAL,Não guardar distância de segurança,Colisão traseira,Sem Vítimas,Pleno dia,Decrescente,Ceu Claro,Dupla,Reta,Urbano,2014,2,0,0,0,2,0,0,2
83149506,2014-02-22,Sábado,23:00:00,RN,405,138.5,SAO FRANCISCO DO OESTE,Outras,Queda de motocicleta / bicicleta / veículo,Com Vítimas Feridas,Plena noite,Decrescente,Ceu Claro,Simples,Curva,Rural,2014,2,0,2,0,0,0,2,1
83149556,2014-02-14,Sexta,21:00:00,RN,304,282.0,MACAIBA,Outras,Capotamento,Sem Vítimas,Plena noite,Crescente,Ceu Claro,Simples,Curva,Rural,2014,1,0,0,0,1,0,0,1
83149604,2014-02-20,Quinta,14:05:00,RN,101,118.0,PARNAMIRIM,Defeito mecânico em veículo,Saída de Pista,Com Vítimas Feridas,Pleno dia,Crescente,Ceu Claro,Dupla,Reta,Rural,2014,2,0,2,0,0,0,2,1
83149618,2014-02-16,Domingo,17:30:00,RN,304,297.2,MACAIBA,Ingestão de álcool,Colisão Transversal,Sem Vítimas,Anoitecer,Decrescente,Ceu Claro,Simples,Reta,Urbano,2014,2,0,0,0,2,0,0,2
83149649,2014-02-19,Quarta,09:50:00,RN,101,100.0,PARNAMIRIM,Outras,Colisão lateral,Sem Vítimas,Pleno dia,Crescente,Ceu Claro,Dupla,Curva,Urbano,2014,2,0,0,0,2,0,0,2
83149695,2014-02-20,Quinta,23:20:00,RN,101,94.9,NATAL,Falta de atenção,Atropelamento de pessoa,Com Vítimas Fatais,Plena noite,Crescente,Nublado,Dupla,Curva,Urbano,2014,2,1,0,0,1,0,0,1
83149724,2014-02-24,Segunda,07:10:00,RN,101,83.0,SAO GONCALO DO AMARANTE,Não guardar distância de segurança,Colisão traseira,Sem Vítimas,Pleno dia,Crescente,Sol,Dupla,Reta,Urbano,2014,2,0,0,0,2,0,0,2
83149736,2014-02-15,Sábado,19:45:00,RN,427,100.6,CAICO,Ingestão de álcool,Colisão Transversal,Sem Vítimas,Plena noite,Crescente,Nublado,Dupla,Cruzamento,Urbano,2014,2,0,0,0,2,0,0,2
83149771,2014-02-20,Quinta,21:20:00,RN,226,175.3,CURRAIS NOVOS,Ingestão de álcool,Colisão com objeto fixo,Com Vítimas Feridas,Plena noite,Decrescente,Ceu Claro,Dupla,Reta,Urbano,2014,2,0,1,0,1,0,1,2
83149912,2014-02-20,Quinta,21:30:00,RN,101,95.9,NATAL,Não guardar distância de segurança,Colisão lateral,Sem Vítimas,Plena noite,Decrescente,Ceu Claro,Dupla,Reta,Urbano,2014,2,0,0,0,2,0,0,2
83149986,2014-02-24,Segunda,17:00:00,RN,101,102.5,PARNAMIRIM,Falta de atenção,Colisão traseira,Com Vítimas Feridas,Pleno dia,Crescente,Nublado,Dupla,Reta,Urbano,2014,2,0,1,0,1,0,1,2
83150013,2014-02-24,Segunda,09:15:00,RN,304,252.0,SANTA MARIA,Outras,Colisão lateral,Sem Vítimas,Pleno dia,Crescente,Sol,Simples,Reta,Rural,2014,2,0,0,0,2,0,0,2
83150055,2014-02-24,Segunda,15:30:00,RN,304,51.1,MOSSORO,Outras,Capotamento,Com Vítimas Feridas,Pleno dia,Decrescente,Chuva,Simples,Reta,Rural,2014,1,0,1,0,0,0,1,1
83150074,2014-02-24,Segunda,17:15:00,RN,304,57.6,MOSSORO,Defeito mecânico em veículo,Capotamento,Com Vítimas Feridas,Pleno dia,Decrescente,Nublado,Simples,Reta,Rural,2014,4,0,2,0,2,0,2,1
83150096,2014-02-24,Segunda,19:30:00,RN,101,95.3,NATAL,Falta de atenção,Colisão lateral,Sem Vítimas,Pleno dia,Crescente,Ceu Claro,Dupla,Cruzamento,Urbano,2014,2,0,0,0,2,0,0,2
83150155,2014-02-21,Sexta,16:40:00,RN,101,97.0,NATAL,Não guardar distância de segurança,Colisão traseira,Sem Vítimas,Plena noite,Crescente,Ceu Claro,Múltipla,Reta,Urbano,2014,3,0,0,0,3,0,0,3
83150313,2014-02-25,Terça,10:25:00,RN,101,107.3,NATAL,Desobediência à sinalização,Colisão traseira,Com Vítimas Feridas,Pleno dia,Decrescente,Ceu Claro,Dupla,Cruzamento,Urbano,2014,2,0,1,0,1,0,1,2
83150425,2014-02-25,Terça,15:00:00,RN,101,97.0,NATAL,Não guardar distância de segurança,Colisão traseira,Com Vítimas Feridas,Pleno dia,Crescente,Sol,Dupla,Cruzamento,Urbano,2014,2,0,1,0,1,0,1,2
83150515,2014-02-25,Terça,19:20:00,RN,101,96.3,NATAL,Não guardar distância de segurança,Colisão traseira,Sem Vítimas,Plena noite,Crescente,Ceu Claro,Dupla,Reta,Urbano,2014,2,0,0,0,2,0,0,2
83150555,2014-02-23,Domingo,20:55:00,RN,304,297.9,MACAIBA,Animais na Pista,Capotamento,Com Vítimas Feridas,Plena noite,Crescente,Ceu Claro,Dupla,Reta,Urbano,2014,4,0,3,1,0,0,4,1
83150600,2014-02-26,Quarta,01:10:00,RN,101,154.5,GOIANINHA,Animais na Pista,Atropelamento de animal,Sem Vítimas,Plena noite,Decrescente,Ceu Claro,Dupla,Reta,Rural,2014,1,0,0,0,1,0,0,1
83150669,2014-02-23,Domingo,19:00:00,RN,405,154.3,PAU DOS FERROS,Desobediência à sinalização,Colisão Transversal,Com Vítimas Feridas,Plena noite,Decrescente,Ceu Claro,Simples,Reta,Urbano,2014,2,0,0,1,0,1,1,2
83150738,2014-02-26,Quarta,12:10:00,RN,101,100.0,PARNAMIRIM,Falta de atenção,Colisão traseira,Com Vítimas Feridas,Pleno dia,Decrescente,Sol,Dupla,Reta,Urbano,2014,2,0,1,0,1,0,1,2
83150790,2014-02-22,Sábado,17:15:00,RN,304,295.6,MACAIBA,Falta de atenção,Colisão traseira,Sem Vítimas,Pleno dia,Decrescente,Ceu Claro,Simples,Reta,Urbano,2014,2,0,0,0,2,0,0,2
83150813,2014-02-26,Quarta,12:20:00,RN,101,95.2,NATAL,Falta de atenção,Colisão lateral,Sem Vítimas,Pleno dia,Crescente,Ceu Claro,Múltipla,Reta,Urbano,2014,2,0,0,0,2,0,0,2
83150824,2014-02-26,Quarta,14:00:00,RN,101,82.9,SAO GONCALO DO AMARANTE,Falta de atenção,Colisão lateral,Sem Vítimas,Pleno dia,Crescente,Sol,Dupla,Curva,Urbano,2014,2,0,0,0,1,1,0,2
83150831,2014-02-22,Sábado,11:10:00,RN,101,94.5,NATAL,Desobediência à sinalização,Colisão lateral,Sem Vítimas,Pleno dia,Crescente,Ceu Claro,Múltipla,Cruzamento,Urbano,2014,2,0,0,0,2,0,0,2
83150923,2014-02-10,Segunda,09:00:00,RN,304,307.0,PARNAMIRIM,Outras,Incêndio,Com Vítimas Feridas,Pleno dia,Crescente,Ceu Claro,Simples,Reta,Urbano,2014,1,0,0,1,0,0,1,1
83151027,2014-02-26,Quarta,18:30:00,RN,406,10.0,MACAU,Outras,Colisão Transversal,Com Vítimas Feridas,Anoitecer,Decrescente,Ceu Claro,Simples,Reta,Rural,2014,2,0,2,0,0,0,2,2
83151173,2014-02-24,Segunda,16:00:00,RN,110,47.3,MOSSORO,Defeito mecânico em veículo,Queda de motocicleta / bicicleta / veículo,Com Vítimas Feridas,Pleno dia,Crescente,Nublado,Simples,Reta,Urbano,2014,1,0,1,0,0,0,1,1
83151229,2014-02-20,Quinta,18:15:00,RN,101,99.9,NATAL,Não guardar distância de segurança,Colisão traseira,Sem Vítimas,Plena noite,Decrescente,Ceu Claro,Dupla,Reta,Urbano,2014,2,0,0,0,2,0,0,2
83151236,2014-02-25,Terça,12:20:00,RN,101,105.0,PARNAMIRIM,Não guardar distância de segurança,Colisão traseira,Com Vítimas Feridas,Pleno dia,Decrescente,Ceu Claro,Dupla,Reta,Urbano,2014,2,0,1,0,1,0,1,2
83151266,2014-02-16,Domingo,01:30:00,RN,101,96.5,NATAL,Outras,Colisão com objeto fixo,Com Vítimas Fatais,Plena noite,Crescente,Chuva,Múltipla,Curva,Urbano,2014,2,1,0,1,0,0,1,1
83151321,2014-02-27,Quinta,06:35:00,RN,101,100.0,NATAL,Desobediência à sinalização,Colisão Transversal,Sem Vítimas,Amanhecer,Decrescente,Sol,Simples,Reta,Urbano,2014,2,0,0,0,2,0,0,2
83151361,2014-02-23,Domingo,23:04:00,RN,304,305.9,PARNAMIRIM,Ingestão de álcool,Queda de motocicleta / bicicleta / veículo,Com Vítimas Feridas,Plena noite,Crescente,Ceu Claro,Dupla,Reta,Urbano,2014,1,0,0,1,0,0,1,1
83151364,2014-02-23,Domingo,20:20:00,RN,427,101.4,CAICO,Falta de atenção,Colisão traseira,Com Vítimas Feridas,Plena noite,Crescente,Ceu Claro,Simples,Curva,Urbano,2014,2,0,1,0,1,0,1,2
83151390,2014-02-27,Quinta,13:15:00,RN,101,83.8,SAO GONCALO DO AMARANTE,Falta de atenção,Colisão Transversal,Sem Vítimas,Pleno dia,Crescente,Ceu Claro,Dupla,Reta,Urbano,2014,2,0,0,0,2,0,0,2
83151600,2014-02-27,Quinta,18:25:00,RN,110,47.3,MOSSORO,Ingestão de álcool,Colisão com bicicleta,Com Vítimas Feridas,Plena noite,Decrescente,Ceu Claro,Simples,Reta,Urbano,2014,2,0,1,0,1,0,1,2
83151670,2014-02-27,Quinta,19:40:00,RN,304,280.0,MACAIBA,Outras,Colisão Transversal,Sem Vítimas,Plena noite,Decrescente,Ceu Claro,Simples,Cruzamento,Rural,2014,2,0,0,0,2,0,0,2
83151778,2014-02-13,Quinta,17:30:00,RN,101,102.8,PARNAMIRIM,Falta de atenção,Colisão traseira,Sem Vítimas,Anoitecer,Crescente,Ceu Claro,Múltipla,Reta,Urbano,2014,2,0,0,0,2,0,0,2
83151884,2014-02-21,Sexta,13:00:00,RN,101,96.0,NATAL,Falta de atenção,Colisão traseira,Sem Vítimas,Pleno dia,Crescente,Ceu Claro,Simples,Curva,Urbano,2014,2,0,0,0,2,0,0,2
83151886,2014-02-21,Sexta,20:00:00,RN,101,100.0,NATAL,Falta de atenção,Colisão lateral,Com Vítimas Feridas,Plena noite,Crescente,Ceu Claro,Múltipla,Reta,Urbano,2014,2,0,1,0,1,0,1,2
83151932,2014-02-28,Sexta,10:30:00,RN,101,101.8,PARNAMIRIM,Não guardar distância de segurança,Colisão traseira,Sem Vítimas,Pleno dia,Decrescente,Sol,Dupla,Reta,Urbano,2014,3,0,0,0,3,0,0,3
83151943,2014-02-26,Quarta,18:30:00,RN,101,103.0,PARNAMIRIM,Não guardar distância de segurança,Colisão traseira,Sem Vítimas,Plena noite,Crescente,Nublado,Múltipla,Reta,Urbano,2014,2,0,0,0,2,0,0,2
83152018,2014-02-28,Sexta,14:20:00,RN,101,94.6,NATAL,Não guardar distância de segurança,Colisão traseira,Sem Vítimas,Pleno dia,Decrescente,Ceu Claro,Múltipla,Reta,Urbano,2014,2,0,0,0,2,0,0,2
83152044,2014-02-27,Quinta,15:00:00,RN,427,0.3,CURRAIS NOVOS,Falta de atenção,Colisão traseira,Com Vítimas Feridas,Pleno dia,Decrescente,Ceu Claro,Simples,Reta,Rural,2014,3,0,2,0,1,0,2,2
83152100,2014-02-28,Sexta,14:00:00,RN,101,101.6,PARNAMIRIM,Não guardar distância de segurança,Colisão traseira,Sem Vítimas,Pleno dia,Decrescente,Ceu Claro,Dupla,Reta,Urbano,2014,2,0,0,0,2,0,0,2
83152109,2014-02-28,Sexta,07:15:00,RN,101,108.0,PARNAMIRIM,Desobediência à sinalização,Colisão Transversal,Com Vítimas Feridas,Pleno dia,Decrescente,Ceu Claro,Dupla,Cruzamento,Urbano,2014,2,0,1,0,1,0,1,2
83152113,2014-02-28,Sexta,14:30:00,RN,101,99.6,NATAL,Falta de atenção,Colisão lateral,Sem Vítimas,Pleno dia,Crescente,Ceu Claro,Dupla,Cruzamento,Urbano,2014,2,0,0,0,2,0,0,2
83152119,2014-02-28,Sexta,14:50:00,RN,101,100.5,PARNAMIRIM,Falta de atenção,Colisão traseira,Sem Vítimas,Pleno dia,Crescente,Ceu Claro,Dupla,Reta,Urbano,2014,2,0,0,0,2,0,0,2
83152147,2014-02-28,Sexta,16:00:00,RN,101,94.6,NATAL,Outras,Atropelamento de pessoa,Com Vítimas Feridas,Pleno dia,Crescente,Ceu Claro,Dupla,Reta,Urbano,2014,2,0,0,1,1,0,1,1
83152196,2014-02-28,Sexta,16:30:00,RN,101,81.0,NATAL,Não guardar distância de segurança,Colisão traseira,Sem Vítimas,Pleno dia,Decrescente,Sol,Dupla,Reta,Urbano,2014,2,0,0,0,2,0,0,2
83152234,2014-02-25,Terça,04:10:00,RN,101,96.6,NATAL,Defeito na via,Saída de Pista,Sem Vítimas,Plena noite,Crescente,Chuva,Dupla,Reta,Urbano,2014,1,0,0,0,1,0,0,1
83152236,2014-02-28,Sexta,15:30:00,RN,101,80.0,NATAL,Não guardar distância de segurança,Colisão lateral,Com Vítimas Feridas,Pleno dia,Decrescente,Ignorada,Dupla,Cruzamento,Urbano,2014,2,0,1,0,0,1,1,2
83152255,2014-02-28,Sexta,17:30:00,RN,101,98.9,NATAL,Falta de atenção,Colisão Transversal,Sem Vítimas,Anoitecer,Decrescente,Ceu Claro,Múltipla,Reta,Urbano,2014,3,0,0,0,3,0,0,3
83152304,2014-02-28,Sexta,15:00:00,RN,304,296.0,MACAIBA,Falta de atenção,Colisão traseira,Sem Vítimas,Pleno dia,Crescente,Sol,Simples,Reta,Urbano,2014,3,0,0,0,3,0,0,3
83152390,2014-02-28,Sexta,20:35:00,RN,101,83.0,NATAL,Não guardar distância de segurança,Colisão traseira,Sem Vítimas,Plena noite,Decrescente,Ceu Claro,Dupla,Reta,Urbano,2014,2,0,0,0,2,0,0,2
83152407,2014-02-28,Sexta,19:30:00,RN,226,160.6,CURRAIS NOVOS,Defeito mecânico em veículo,Saída de Pista,Sem Vítimas,Plena noite,Decrescente,Ceu Claro,Simples,Reta,Rural,2014,1,0,0,0,1,0,0,1
83152593,2014-03-01,Sábado,06:30:00,RN,226,120.0,SANTA CRUZ,Não guardar distância de segurança,Colisão traseira,Sem Vítimas,Pleno dia,Decrescente,Ceu Claro,Simples,Reta,Rural,2014,3,0,0,0,2,1,0,3
83152609,2014-03-01,Sábado,08:15:00,RN,101,73.3,EXTREMOZ,Outras,Colisão com objeto móvel,Com Vítimas Feridas,Pleno dia,Decrescente,Ceu Claro,Simples,Cruzamento,Rural,2014,2,0,0,1,1,0,1,2
83152636,2014-03-01,Sábado,11:50:00,RN,304,281.0,MACAIBA,Não guardar distância de segurança,Colisão traseira,Sem Vítimas,Pleno dia,Crescente,Sol,Dupla,Curva,Rural,2014,2,0,0,0,2,0,0,2
83152849,2014-03-01,Sábado,12:45:00,RN,304,35.0,MOSSORO,Falta de atenção,Colisão traseira,Sem Vítimas,Pleno dia,Crescente,Ceu Claro,Dupla,Cruzamento,Urbano,2014,2,0,0,0,2,0,0,2
83152859,2014-03-01,Sábado,12:15:00,RN,101,160.0,GOIANINHA,Outras,Colisão traseira,Sem Vítimas,Pleno dia,Decrescente,Ceu Claro,Dupla,Reta,Urbano,2014,3,0,0,0,2,1,0,3
83152881,2014-02-06,Quinta,11:25:00,RN,304,292.5,MACAIBA,Outras,Tombamento,Sem Vítimas,Pleno dia,Crescente,Sol,Simples,Reta,Rural,2014,1,0,0,0,1,0,0,1
83152900,2014-02-21,Sexta,14:30:00,RN,101,103.3,PARNAMIRIM,Ingestão de álcool,Colisão com objeto fixo,Sem Vítimas,Pleno dia,Crescente,Ceu Claro,Múltipla,Reta,Urbano,2014,1,0,0,0,1,0,0,1
83153077,2014-02-25,Terça,19:25:00,RN,101,101.1,PARNAMIRIM,Não guardar distância de segurança,Colisão traseira,Com Vítimas Feridas,Plena noite,Crescente,Ceu Claro,Dupla,Cruzamento,Urbano,2014,2,0,1,1,0,0,2,2
83153118,2014-02-25,Terça,17:13:00,RN,101,80.8,NATAL,Falta de atenção,Colisão Transversal,Sem Vítimas,Pleno dia,Crescente,Ceu Claro,Dupla,Cruzamento,Urbano,2014,2,0,0,0,2,0,0,2
83153166,2014-02-20,Quinta,18:00:00,RN,101,95.9,NATAL,Falta de atenção,Colisão traseira,Sem Vítimas,Plena noite,Crescente,Ceu Claro,Múltipla,Reta,Urbano,2014,2,0,0,0,2,0,0,2
83153253,2014-02-28,Sexta,09:25:00,RN,110,47.9,MOSSORO,Falta de atenção,Colisão lateral,Com Vítimas Feridas,Pleno dia,Decrescente,Sol,Simples,Reta,Urbano,2014,2,0,1,0,1,0,1,2
83153268,2014-02-28,Sexta,15:50:00,RN,226,16.0,MACAIBA,Falta de atenção,Colisão Transversal,Com Vítimas Feridas,Pleno dia,Crescente,Ceu Claro,Simples,Reta,Urbano,2014,2,0,0,1,0,1,1,2
83153276,2014-03-02,Domingo,08:17:00,RN,304,35.0,MOSSORO,Desobediência à sinalização,Colisão lateral,Sem Vítimas,Pleno dia,Crescente,Ceu Claro,Dupla,Curva,Urbano,2014,2,0,0,0,2,0,0,2
83153283,2014-03-02,Domingo,12:00:00,RN,304,38.0,MOSSORO,Outras,Saída de Pista,Sem Vítimas,Pleno dia,Decrescente,Sol,Simples,Cruzamento,Urbano,2014,1,0,0,0,1,0,0,1
83153301,2014-03-02,Domingo,11:42:00,RN,101,71.2,EXTREMOZ,Não guardar distância de segurança,Colisão traseira,Sem Vítimas,Pleno dia,Decrescente,Ceu Claro,Simples,Reta,Rural,2014,2,0,0,0,2,0,0,2
83153404,2014-03-02,Domingo,15:30:00,RN,406,168.0,SAO GONCALO DO AMARANTE,Não guardar distância de segurança,Colisão traseira,Sem Vítimas,Pleno dia,Crescente,Ceu Claro,Simples,Reta,Rural,2014,2,0,0,0,2,0,0,2
83153409,2014-02-20,Quinta,17:40:00,RN,101,104.0,PARNAMIRIM,Defeito mecânico em veículo,Queda de motocicleta / bicicleta / veículo,Com Vítimas Feridas,Anoitecer,Crescente,Ceu Claro,Múltipla,Reta,Urbano,2014,2,0,0,1,1,0,1,2
83153414,2014-02-28,Sexta,23:30:00,RN,101,107.9,PARNAMIRIM,Falta de atenção,Colisão lateral,Sem Vítimas,Plena noite,Crescente,Vento,Dupla,Reta,Urbano,2014,2,0,0,0,2,0,0,2
83153449,2014-02-28,Sexta,12:35:00,RN,101,86.0,SAO GONCALO DO AMARANTE,Não guardar distância de segurança,Colisão traseira,Sem Vítimas,Pleno dia,Crescente,Ceu Claro,Dupla,Reta,Urbano,2014,3,0,0,0,3,0,0,3
83153457,2014-03-02,Domingo,16:10:00,RN,304,24.0,MOSSORO,Ingestão de álcool,Saída de Pista,Com Vítimas Feridas,Pleno dia,Crescente,Ceu Claro,Simples,Curva,Rural,2014,1,0,1,0,0,0,1,1
83153501,2014-03-02,Domingo,17:00:00,RN,405,13.0,MOSSORO,Outras,Saída de Pista,Com Vítimas Feridas,Pleno dia,Decrescente,Sol,Simples,Reta,Rural,2014,4,0,4,0,0,0,4,1