id,data_inversa,dia_semana,horario,uf,br,km,municipio,causa_acidente,tipo_acidente,classificacao_acidente,fase_dia,sentido_via,condicao_metereologica,tipo_pista,tracado_via,uso_solo,ano,pessoas,mortos,feridos_leves,feridos_graves,ilesos,ignorados,feridos,veiculos
83165042,2014-03-24,Segunda,07:40:00,RN,226,175.0,CURRAIS NOVOS,Falta de atenção,Colisão lateral,Sem Vítimas,Pleno dia,Decrescente,Ceu Claro,Dupla,Reta,Urbano,2014,2,0,0,0,2,0,0,2
83165082,2014-03-25,Terça,09:05:00,RN,226,174.6,CURRAIS NOVOS,Falta de atenção,Colisão lateral,Sem Vítimas,Pleno dia,Decrescente,Sol,Simples,Reta,Urbano,2014,2,0,0,0,1,1,0,2
83165084,2014-03-22,Sábado,04:30:00,RN,304,43.8,MOSSORO,Outras,Saída de Pista,Ignorado,Plena noite,Decrescente,Ceu Claro,Dupla,Curva,Urbano,2014,1,0,0,0,0,1,0,1
83165101,2014-03-18,Terça,13:20:00,RN,101,97.2,NATAL,Não guardar distância de segurança,Colisão traseira,Sem Vítimas,Pleno dia,Decrescente,Sol,Múltipla,Reta,Urbano,2014,3,0,0,0,3,0,0,3
83165103,2014-03-25,Terça,08:10:00,RN,101,100.0,NATAL,Falta de atenção,Colisão traseira,Sem Vítimas,Pleno dia,Decrescente,Ceu Claro,Múltipla,Reta,Urbano,2014,2,0,0,0,2,0,0,2
83165255,2014-03-25,Terça,14:55:00,RN,304,21.5,MOSSORO,Defeito mecânico em veículo,Saída de Pista,Sem Vítimas,Pleno dia,Crescente,Ceu Claro,Simples,Reta,Rural,2014,1,0,0,0,1,0,0,1
83165282,2014-03-25,Terça,17:45:00,RN,226,9.2,MACAIBA,Ingestão de álcool,Colisão Transversal,Com Vítimas Feridas,Anoitecer,Decrescente,Ceu Claro,Simples,Reta,Urbano,2014,2,0,1,0,1,0,1,2
83165295,2014-03-25,Terça,11:45:00,RN,304,297.5,MACAIBA,Velocidade incompatível,Tombamento,Sem Vítimas,Pleno dia,Decrescente,Sol,Dupla,Curva,Urbano,2014,2,0,0,0,2,0,0,2
83165367,2014-03-25,Terça,18:30:00,RN,406,103.0,JOAO CAMARA,Falta de atenção,Colisão Transversal,Com Vítimas Feridas,Plena noite,Crescente,Vento,Simples,Cruzamento,Urbano,2014,2,0,0,1,1,0,1,2
83165374,2014-03-25,Terça,07:20:00,RN,101,82.7,NATAL,Outras,Colisão lateral,Sem Vítimas,Pleno dia,Decrescente,Nublado,Dupla,Reta,Urbano,2014,2,0,0,0,2,0,0,2
83165377,2014-03-25,Terça,20:30:00,RN,101,85.5,SAO GONCALO DO AMARANTE,Falta de atenção,Colisão traseira,Com Vítimas Feridas,Plena noite,Crescente,Ceu Claro,Dupla,Reta,Urbano,2014,2,0,0,1,1,0,1,2
83165557,2014-03-26,Quarta,14:55:00,RN,101,84.8,NATAL,Outras,Colisão lateral,Sem Vítimas,Pleno dia,Decrescente,Sol,Múltipla,Cruzamento,Urbano,2014,2,0,0,0,2,0,0,2
83165712,2014-03-26,Quarta,18:10:00,RN,304,35.0,MOSSORO,Falta de atenção,Colisão traseira,Sem Vítimas,Plena noite,Decrescente,Ceu Claro,Dupla,Cruzamento,Urbano,2014,2,0,0,0,2,0,0,2
83165738,2014-03-22,Sábado,21:30:00,RN,101,96.5,NATAL,Ingestão de álcool,Colisão com objeto fixo,Sem Vítimas,Plena noite,Decrescente,Ceu Claro,Múltipla,Reta,Urbano,2014,1,0,0,0,1,0,0,1
83165866,2014-03-23,Domingo,22:30:00,RN,101,109.9,PARNAMIRIM,Falta de atenção,Queda de motocicleta / bicicleta / veículo,Com Vítimas Feridas,Plena noite,Decrescente,Ceu Claro,Dupla,Reta,Rural,2014,1,0,0,1,0,0,1,1
83165945,2014-03-27,Quinta,12:05:00,RN,304,35.5,MOSSORO,Não guardar distância de segurança,Colisão traseira,Sem Vítimas,Pleno dia,Decrescente,Sol,Dupla,Cruzamento,Urbano,2014,2,0,0,0,2,0,0,2
83165955,2014-03-27,Quinta,12:30:00,RN,226,132.1,CAMPO REDONDO,Ingestão de álcool,Colisão lateral,Com Vítimas Feridas,Pleno dia,Crescente,Ceu Claro,Simples,Curva,Rural,2014,2,0,1,1,0,0,2,2
83165974,2014-03-27,Quinta,11:05:00,RN,304,45.6,MOSSORO,Outras,Colisão Transversal,Com Vítimas Feridas,Pleno dia,Decrescente,Ceu Claro,Dupla,Reta,Urbano,2014,2,0,0,1,1,0,1,2
83166004,2014-03-19,Quarta,17:15:00,RN,101,109.0,PARNAMIRIM,Não guardar distância de segurança,Colisão traseira,Sem Vítimas,Anoitecer,Decrescente,Ceu Claro,Dupla,Reta,Rural,2014,2,0,0,0,2,0,0,2
83166037,2014-03-25,Terça,06:00:00,RN,101,94.0,NATAL,Outras,Colisão com objeto fixo,Ignorado,Pleno dia,Decrescente,Ceu Claro,Simples,Curva,Urbano,2014,1,0,0,0,0,1,0,1
83166059,2014-03-22,Sábado,08:00:00,RN,427,26.5,ACARI,Não guardar distância de segurança,Colisão traseira,Sem Vítimas,Pleno dia,Crescente,Ceu Claro,Simples,Reta,Urbano,2014,2,0,0,0,2,0,0,2
83166304,2014-03-27,Quinta,21:00:00,RN,405,151.0,PAU DOS FERROS,Falta de atenção,Colisão frontal,Com Vítimas Feridas,Plena noite,Crescente,Ceu Claro,Simples,Cruzamento,Urbano,2014,2,0,0,1,1,0,1,2
83166363,2014-03-20,Quinta,15:00:00,RN,226,395.5,PAU DOS FERROS,Falta de atenção,Saída de Pista,Com Vítimas Feridas,Pleno dia,Decrescente,Ceu Claro,Simples,Reta,Rural,2014,3,0,2,1,0,0,3,1
83166393,2014-03-24,Segunda,18:45:00,RN,101,85.4,NATAL,Falta de atenção,Colisão traseira,Com Vítimas Feridas,Plena noite,Decrescente,Ceu Claro,Dupla,Reta,Urbano,2014,2,0,1,0,1,0,1,2
83166412,2014-03-28,Sexta,06:30:00,RN,101,102.4,PARNAMIRIM,Não guardar distância de segurança,Colisão traseira,Sem Vítimas,Pleno dia,Decrescente,Nublado,Dupla,Reta,Urbano,2014,2,0,0,0,2,0,0,2
83166419,2014-03-24,Segunda,20:30:00,RN,101,73.0,EXTREMOZ,Defeito mecânico em veículo,Capotamento,Com Vítimas Feridas,Plena noite,Decrescente,Ceu Claro,Simples,Reta,Rural,2014,2,0,1,1,0,0,2,1
83166443,2014-03-28,Sexta,04:30:00,RN,304,7.6,MOSSORO,Animais na Pista,Saída de Pista,Sem Vítimas,Amanhecer,Decrescente,Ceu Claro,Simples,Reta,Rural,2014,1,0,0,0,1,0,0,1
83166460,2014-03-24,Segunda,14:40:00,RN,101,94.3,NATAL,Falta de atenção,Colisão traseira,Sem Vítimas,Pleno dia,Decrescente,Sol,Dupla,Curva,Urbano,2014,2,0,0,0,2,0,0,2
83166517,2014-03-28,Sexta,07:05:00,RN,101,85.2,SAO GONCALO DO AMARANTE,Falta de atenção,Colisão lateral,Sem Vítimas,Pleno dia,Crescente,Chuva,Dupla,Cruzamento,Urbano,2014,2,0,0,0,2,0,0,2
83166521,2014-03-28,Sexta,11:15:00,RN,101,84.1,NATAL,Falta de atenção,Colisão traseira,Sem Vítimas,Pleno dia,Decrescente,Sol,Dupla,Reta,Urbano,2014,2,0,0,0,2,0,0,2
83166524,2014-03-27,Quinta,18:05:00,RN,101,99.5,NATAL,Falta de atenção,Colisão traseira,Sem Vítimas,Plena noite,Crescente,Ceu Claro,Múltipla,Reta,Urbano,2014,2,0,0,0,2,0,0,2
83166554,2014-03-24,Segunda,21:10:00,RN,101,80.4,NATAL,Defeito na via,Queda de motocicleta / bicicleta / veículo,Com Vítimas Feridas,Plena noite,Decrescente,Ceu Claro,Dupla,Reta,Urbano,2014,1,0,1,0,0,0,1,1
83166597,2014-03-28,Sexta,11:30:00,RN,304,37.3,MOSSORO,Falta de atenção,Colisão lateral,Sem Vítimas,Pleno dia,Decrescente,Sol,Simples,Reta,Urbano,2014,2,0,0,0,2,0,0,2
83166634,2014-03-25,Terça,08:10:00,RN,427,104.7,CAICO,Não guardar distância de segurança,Colisão traseira,Sem Vítimas,Pleno dia,Crescente,Ceu Claro,Simples,Curva,Rural,2014,2,0,0,0,2,0,0,2
83166744,2014-03-25,Terça,18:10:00,RN,304,37.0,MOSSORO,Falta de atenção,Colisão traseira,Sem Vítimas,Plena noite,Crescente,Ceu Claro,Dupla,Cruzamento,Urbano,2014,2,0,0,0,2,0,0,2
83166763,2014-03-29,Sábado,12:00:00,RN,110,44.8,MOSSORO,Falta de atenção,Colisão Transversal,Com Vítimas Feridas,Pleno dia,Crescente,Ceu Claro,Simples,Reta,Urbano,2014,2,0,0,1,1,0,1,2
83166770,2014-03-29,Sábado,12:40:00,RN,304,45.1,MOSSORO,Velocidade incompatível,Saída de Pista,Sem Vítimas,Pleno dia,Decrescente,Chuva,Dupla,Reta,Urbano,2014,1,0,0,0,1,0,0,1
83166798,2014-03-29,Sábado,12:30:00,RN,110,45.3,MOSSORO,Não guardar distância de segurança,Colisão traseira,Sem Vítimas,Pleno dia,Crescente,Chuva,Simples,Reta,Urbano,2014,2,0,0,0,2,0,0,2
83166832,2014-03-29,Sábado,13:45:00,RN,101,101.8,NATAL,Não guardar distância de segurança,Colisão traseira,Sem Vítimas,Pleno dia,Crescente,Ceu Claro,Múltipla,Reta,Urbano,2014,2,0,0,0,2,0,0,2
83166848,2014-03-29,Sábado,14:30:00,RN,304,62.2,MOSSORO,Falta de atenção,Colisão Transversal,Sem Vítimas,Pleno dia,Crescente,Chuva,Simples,Reta,Rural,2014,3,0,0,0,3,0,0,3
83166925,2014-03-29,Sábado,12:00:00,RN,101,106.9,PARNAMIRIM,Outras,Colisão traseira,Sem Vítimas,Pleno dia,Crescente,Sol,Dupla,Reta,Urbano,2014,3,0,0,0,3,0,0,3
83166926,2014-03-29,Sábado,12:10:00,RN,304,37.6,MOSSORO,Outras,Colisão lateral,Sem Vítimas,Pleno dia,Decrescente,Nublado,Simples,Reta,Urbano,2014,2,0,0,0,2,0,0,2
83166928,2014-03-29,Sábado,15:20:00,RN,101,99.7,PARNAMIRIM,Falta de atenção,Colisão lateral,Sem Vítimas,Pleno dia,Decrescente,Ceu Claro,Dupla,Reta,Urbano,2014,2,0,0,0,2,0,0,2
83166940,2014-03-29,Sábado,16:50:00,RN,304,296.5,MACAIBA,Falta de atenção,Colisão traseira,Com Vítimas Feridas,Pleno dia,Crescente,Sol,Simples,Cruzamento,Urbano,2014,2,0,1,0,1,0,1,2
83167009,2014-03-29,Sábado,15:30:00,RN,304,257.3,SANTA MARIA,Falta de atenção,Colisão lateral,Sem Vítimas,Pleno dia,Decrescente,Sol,Dupla,Reta,Urbano,2014,2,0,0,0,2,0,0,2
83167019,2014-03-23,Domingo,14:30:00,RN,406,5.5,MACAU,Desobediência à sinalização,Colisão Transversal,Sem Vítimas,Pleno dia,Crescente,Ceu Claro,Simples,Reta,Rural,2014,2,0,0,0,2,0,0,2
83167050,2014-03-28,Sexta,20:20:00,RN,304,152.6,ANGICOS,Desobediência à sinalização,Colisão frontal,Com Vítimas Fatais,Plena noite,Decrescente,Ceu Claro,Simples,Reta,Rural,2014,3,1,1,0,1,0,1,2
83167054,2014-03-29,Sábado,04:40:00,RN,226,64.6,SERRA CAIADA,Animais na Pista,Atropelamento de animal,Com Vítimas Feridas,Plena noite,Crescente,Ceu Claro,Simples,Reta,Rural,2014,2,0,2,0,0,0,2,1
83167095,2014-03-29,Sábado,18:30:00,RN,110,48.0,MOSSORO,Outras,Colisão Transversal,Com Vítimas Feridas,Plena noite,Decrescente,Nublado,Simples,Reta,Urbano,2014,3,0,2,0,0,1,2,2
83167097,2014-03-29,Sábado,18:50:00,RN,226,44.2,BOM JESUS,Ingestão de álcool,Colisão frontal,Com Vítimas Fatais,Plena noite,Crescente,Ceu Claro,Simples,Curva,Rural,2014,5,1,0,3,1,0,3,3
83167135,2014-03-30,Domingo,05:10:00,RN,304,45.1,MOSSORO,Ingestão de álcool,Colisão Transversal,Com Vítimas Feridas,Pleno dia,Decrescente,Sol,Dupla,Reta,Urbano,2014,3,0,2,0,1,0,2,2
83167194,2014-03-23,Domingo,15:30:00,RN,101,99.9,NATAL,Falta de atenção,Colisão traseira,Sem Vítimas,Pleno dia,Decrescente,Sol,Dupla,Cruzamento,Urbano,2014,2,0,0,0,2,0,0,2
83167199,2014-03-26,Quarta,10:30:00,RN,101,120.0,SAO JOSE DE MIPIBU,Não guardar distância de segurança,Colisão lateral,Sem Vítimas,Pleno dia,Crescente,Ceu Claro,Dupla,Reta,Rural,2014,2,0,0,0,2,0,0,2
83167217,2014-03-28,Sexta,06:50:00,RN,226,113.1,SANTA CRUZ,Velocidade incompatível,Capotamento,Sem Vítimas,Pleno dia,Decrescente,Ceu Claro,Simples,Curva,Rural,2014,2,0,0,0,2,0,0,1
83167224,2014-03-18,Terça,21:30:00,RN,101,106.0,PARNAMIRIM,Ingestão de álcool,Atropelamento de pessoa,Com Vítimas Feridas,Plena noite,Decrescente,Ceu Claro,Múltipla,Cruzamento,Urbano,2014,2,0,0,1,1,0,1,1
83167243,2014-03-25,Terça,21:30:00,RN,304,232.7,CAICARA DO RIO DO VENTO,Outras,Saída de Pista,Com Vítimas Feridas,Plena noite,Crescente,Ceu Claro,Simples,Curva,Rural,2014,1,0,1,0,0,0,1,1
83167245,2014-03-24,Segunda,15:20:00,RN,101,95.6,NATAL,Falta de atenção,Colisão lateral,Com Vítimas Feridas,Pleno dia,Crescente,Ceu Claro,Dupla,Reta,Urbano,2014,2,0,1,0,1,0,1,2
83167265,2014-03-22,Sábado,14:50:00,RN,101,107.2,PARNAMIRIM,Dormindo,Atropelamento de pessoa,Com Vítimas Feridas,Pleno dia,Crescente,Ceu Claro,Dupla,Reta,Urbano,2014,4,0,0,3,1,0,3,1
83167268,2014-03-24,Segunda,09:30:00,RN,226,2.3,NATAL,Não guardar distância de segurança,Colisão traseira,Sem Vítimas,Pleno dia,Decrescente,Ceu Claro,Dupla,Reta,Urbano,2014,2,0,0,0,2,0,0,2
83167289,2014-03-22,Sábado,15:35:00,RN,101,96.8,NATAL,Outras,Saída de Pista,Sem Vítimas,Pleno dia,Crescente,Sol,Múltipla,Reta,Urbano,2014,1,0,0,0,1,0,0,1
83167291,2014-03-30,Domingo,10:40:00,RN,110,47.2,MOSSORO,Outras,Colisão traseira,Com Vítimas Feridas,Pleno dia,Decrescente,Sol,Simples,Reta,Urbano,2014,3,0,0,2,1,0,2,2
83167372,2014-03-29,Sábado,16:00:00,RN,101,107.3,PARNAMIRIM,Desobediência à sinalização,Colisão Transversal,Com Vítimas Feridas,Pleno dia,Decrescente,Ceu Claro,Dupla,Cruzamento,Urbano,2014,3,0,1,0,0,2,1,2
83167469,2014-03-30,Domingo,16:20:00,RN,101,80.9,NATAL,Não guardar distância de segurança,Colisão traseira,Sem Vítimas,Pleno dia,Decrescente,Ceu Claro,Dupla,Reta,Urbano,2014,2,0,0,0,2,0,0,2
83167521,2014-03-30,Domingo,09:30:00,RN,101,123.0,SAO JOSE DE MIPIBU,Outras,Queda de motocicleta / bicicleta / veículo,Com Vítimas Feridas,Pleno dia,Decrescente,Ceu Claro,Dupla,Reta,Urbano,2014,2,0,2,0,0,0,2,1
83167540,2014-03-23,Domingo,01:00:00,RN,101,110.0,PARNAMIRIM,Falta de atenção,Colisão traseira,Sem Vítimas,Plena noite,Crescente,Ceu Claro,Dupla,Reta,Rural,2014,2,0,0,0,1,1,0,2
83167567,2014-03-30,Domingo,17:05:00,RN,427,0.3,CURRAIS NOVOS,Falta de atenção,Colisão traseira,Com Vítimas Feridas,Pleno dia,Crescente,Nublado,Simples,Reta,Urbano,2014,2,0,1,1,0,0,2,2
83167600,2014-03-30,Domingo,22:40:00,RN,101,96.5,NATAL,Não guardar distância de segurança,Colisão lateral,Sem Vítimas,Plena noite,Crescente,Chuva,Dupla,Curva,Urbano,2014,2,0,0,0,2,0,0,2
83167690,2014-03-30,Domingo,16:50:00,RN,304,297.7,MACAIBA,Falta de atenção,Tombamento,Com Vítimas Feridas,Pleno dia,Decrescente,Chuva,Dupla,Curva,Urbano,2014,2,0,0,1,1,0,1,1
83167753,2014-03-31,Segunda,08:00:00,RN,101,101.8,PARNAMIRIM,Desobediência à sinalização,Colisão Transversal,Com Vítimas Feridas,Pleno dia,Crescente,Nublado,Múltipla,Cruzamento,Urbano,2014,2,0,0,2,0,0,2,2
83167766,2014-03-27,Quinta,00:15:00,RN,101,106.0,PARNAMIRIM,Ingestão de álcool,Atropelamento de pessoa,Com Vítimas Feridas,Plena noite,Crescente,Ceu Claro,Dupla,Reta,Urbano,2014,2,0,0,2,0,0,2,1
83167767,2014-03-28,Sexta,03:10:00,RN,101,95.9,NATAL,Ingestão de álcool,Colisão com objeto fixo,Ignorado,Plena noite,Crescente,Chuva,Múltipla,Reta,Urbano,2014,1,0,0,0,0,1,0,1
83167877,2014-03-27,Quinta,15:30:00,RN,101,108.0,PARNAMIRIM,Não guardar distância de segurança,Colisão lateral,Sem Vítimas,Pleno dia,Crescente,Ceu Claro,Dupla,Reta,Urbano,2014,2,0,0,0,2,0,0,2
83167886,2014-03-31,Segunda,07:30:00,RN,406,38.8,GUAMARE,Outras,Atropelamento de pessoa,Com Vítimas Fatais,Pleno dia,Decrescente,Ceu Claro,Simples,Reta,Urbano,2014,2,1,0,0,0,1,0,1
83167987,2014-03-31,Segunda,13:30:00,RN,101,95.0,NATAL,Outras,Colisão Transversal,Sem Vítimas,Pleno dia,Decrescente,Ceu Claro,Dupla,Reta,Urbano,2014,2,0,0,0,2,0,0,2
83168013,2014-03-31,Segunda,14:00:00,RN,101,107.0,PARNAMIRIM,Desobediência à sinalização,Colisão Transversal,Com Vítimas Feridas,Pleno dia,Crescente,Ceu Claro,Dupla,Cruzamento,Urbano,2014,2,0,1,0,1,0,1,2
83168048,2014-03-31,Segunda,16:30:00,RN,101,82.0,SAO GONCALO DO AMARANTE,Falta de atenção,Colisão lateral,Sem Vítimas,Pleno dia,Crescente,Nublado,Dupla,Reta,Urbano,2014,2,0,0,0,2,0,0,2
83168149,2014-03-28,Sexta,06:10:00,RN,304,108.0,ASSU,Outras,Colisão lateral,Ignorado,Pleno dia,Crescente,Ceu Claro,Simples,Reta,Urbano,2014,2,0,0,0,0,2,0,2
83168227,2014-04-01,Terça,07:40:00,RN,101,85.6,NATAL,Falta de atenção,Colisão traseira,Sem Vítimas,Pleno dia,Decrescente,Ceu Claro,Dupla,Reta,Urbano,2014,3,0,0,0,3,0,0,3
83168263,2014-03-26,Quarta,21:00:00,RN,427,113.3,CAICO,Outras,Incêndio,Sem Vítimas,Plena noite,Decrescente,Ceu Claro,Simples,Reta,Rural,2014,3,0,0,0,3,0,0,1
83168277,2014-03-30,Domingo,17:40:00,RN,110,125.3,CAMPO GRANDE,Outras,Colisão Transversal,Com Vítimas Feridas,Anoitecer,Decrescente,Chuva,Simples,Reta,Urbano,2014,3,0,1,1,1,0,2,2
83168288,2014-03-28,Sexta,13:20:00,RN,101,95.0,NATAL,Falta de atenção,Colisão traseira,Sem Vítimas,Pleno dia,Crescente,Ceu Claro,Dupla,Cruzamento,Urbano,2014,2,0,0,0,2,0,0,2
83168404,2014-04-01,Terça,15:20:00,RN,101,106.1,PARNAMIRIM,Não guardar distância de segurança,Colisão traseira,Sem Vítimas,Pleno dia,Decrescente,Sol,Dupla,Reta,Urbano,2014,2,0,0,0,2,0,0,2
83168484,2014-02-16,Domingo,23:20:00,RN,304,286.0,MACAIBA,Animais na Pista,Atropelamento de animal,Com Vítimas Feridas,Plena noite,Crescente,Ceu Claro,Simples,Reta,Rural,2014,2,0,1,0,1,0,1,1
83168528,2014-04-01,Terça,17:50:00,RN,226,166.6,CURRAIS NOVOS,Defeito mecânico em veículo,Tombamento,Com Vítimas Feridas,Anoitecer,Decrescente,Ceu Claro,Simples,Reta,Rural,2014,2,0,2,0,0,0,2,1
83168583,2014-04-01,Terça,14:20:00,RN,406,56.8,JANDAIRA,Dormindo,Colisão lateral,Sem Vítimas,Pleno dia,Decrescente,Sol,Simples,Reta,Rural,2014,2,0,0,0,2,0,0,2
83168609,2014-03-28,Sexta,01:10:00,RN,304,122.0,ITAJA,Animais na Pista,Atropelamento de animal,Sem Vítimas,Plena noite,Decrescente,Ignorada,Simples,Reta,Rural,2014,1,0,0,0,1,0,0,1
83168617,2014-03-29,Sábado,20:00:00,RN,110,32.8,MOSSORO,Outras,Queda de motocicleta / bicicleta / veículo,Com Vítimas Feridas,Plena noite,Decrescente,Nublado,Simples,Reta,Rural,2014,2,0,2,0,0,0,2,1
83168621,2014-03-25,Terça,21:00:00,RN,427,75.3,JARDIM DO SERIDO,Outras,Colisão traseira,Com Vítimas Feridas,Plena noite,Decrescente,Ceu Claro,Simples,Reta,Rural,2014,2,0,1,0,1,0,1,2
83168638,2014-03-31,Segunda,16:50:00,RN,101,106.0,PARNAMIRIM,Falta de atenção,Colisão Transversal,Sem Vítimas,Pleno dia,Decrescente,Ceu Claro,Simples,Reta,Urbano,2014,2,0,0,0,2,0,0,2
83168649,2014-03-29,Sábado,22:50:00,RN,101,94.1,NATAL,Falta de atenção,Colisão traseira,Sem Vítimas,Plena noite,Decrescente,Ceu Claro,Dupla,Reta,Urbano,2014,2,0,0,0,2,0,0,2
83168792,2014-03-25,Terça,18:40:00,RN,304,37.0,MOSSORO,Falta de atenção,Colisão traseira,Sem Vítimas,Plena noite,Crescente,Ceu Claro,Dupla,Cruzamento,Urbano,2014,4,0,0,0,4,0,0,2
83168808,2014-04-02,Quarta,06:46:00,RN,101,94.2,NATAL,Falta de atenção,Colisão traseira,Sem Vítimas,Pleno dia,Decrescente,Ceu Claro,Múltipla,Reta,Urbano,2014,2,0,0,0,2,0,0,2
83168869,2014-04-02,Quarta,14:15:00,RN,101,80.0,SAO GONCALO DO AMARANTE,Outras,Colisão lateral,Sem Vítimas,Pleno dia,Crescente,Nublado,Dupla,Cruzamento,Urbano,2014,2,0,0,0,1,1,0,2
83168908,2014-03-20,Quinta,14:45:00,RN,101,97.5,NATAL,Não guardar distância de segurança,Colisão traseira,Sem Vítimas,Pleno dia,Decrescente,Ceu Claro,Dupla,Reta,Urbano,2014,2,0,0,0,2,0,0,2
83168949,2014-03-29,Sábado,21:05:00,RN,101,98.8,NATAL,Outras,Atropelamento de pessoa,Com Vítimas Feridas,Plena noite,Crescente,Nublado,Dupla,Reta,Urbano,2014,3,0,0,1,1,1,1,2
83168966,2014-04-02,Quarta,11:50:00,RN,304,48.4,MOSSORO,Outras,Colisão traseira,Com Vítimas Feridas,Pleno dia,Crescente,Nublado,Simples,Reta,Urbano,2014,2,0,1,0,1,0,1,2
83169038,2014-04-02,Quarta,19:15:00,RN,101,104.0,PARNAMIRIM,Falta de atenção,Colisão lateral,Sem Vítimas,Plena noite,Crescente,Ceu Claro,Múltipla,Curva,Urbano,2014,2,0,0,0,2,0,0,2
83169128,2014-04-02,Quarta,19:00:00,RN,304,223.8,CAICARA DO RIO DO VENTO,Outras,Tombamento,Com Vítimas Feridas,Plena noite,Decrescente,Ceu Claro,Simples,Reta,Rural,2014,1,0,1,0,0,0,1,1
83169209,2014-04-03,Quinta,07:10:00,RN,110,47.5,MOSSORO,Falta de atenção,Colisão Transversal,Com Vítimas Feridas,Pleno dia,Decrescente,Ceu Claro,Simples,Reta,Urbano,2014,2,0,1,0,0,1,1,2
83169227,2014-04-03,Quinta,06:00:00,RN,101,105.2,PARNAMIRIM,Outras,Colisão com objeto fixo,Ignorado,Pleno dia,Decrescente,Nublado,Dupla,Reta,Urbano,2014,1,0,0,0,0,1,0,1
83169391,2014-04-03,Quinta,14:35:00,RN,304,47.9,MOSSORO,Não guardar distância de segurança,Colisão traseira,Sem Vítimas,Pleno dia,Decrescente,Ceu Claro,Simples,Cruzamento,Urbano,2014,3,0,0,0,3,0,0,2
83169458,2014-04-03,Quinta,15:00:00,RN,101,84.8,NATAL,Desobediência à sinalização,Colisão Transversal,Sem Vítimas,Pleno dia,Decrescente,Sol,Dupla,Reta,Urbano,2014,2,0,0,0,2,0,0,2
83169488,2014-04-03,Quinta,12:45:00,RN,101,95.0,NATAL,Falta de atenção,Colisão lateral,Sem Vítimas,Pleno dia,Crescente,Ceu Claro,Dupla,Reta,Urbano,2014,2,0,0,0,2,0,0,2
83169704,2014-03-31,Segunda,19:50:00,RN,101,84.9,NATAL,Falta de atenção,Colisão traseira,Sem Vítimas,Plena noite,Decrescente,Ceu Claro,Múltipla,Reta,Urbano,2014,2,0,0,0,2,0,0,2
83169866,2014-04-04,Sexta,09:20:00,RN,101,85.0,SAO GONCALO DO AMARANTE,Não guardar distância de segurança,Colisão Transversal,Sem Vítimas,Pleno dia,Crescente,Ceu Claro,Dupla,Reta,Urbano,2014,2,0,0,0,2,0,0,2
83169869,2014-04-02,Quarta,18:40:00,RN,304,37.0,MOSSORO,Falta de atenção,Colisão lateral,Sem Vítimas,Plena noite,Crescente,Ceu Claro,Dupla,Cruzamento,Urbano,2014,2,0,0,0,2,0,0,2
83169900,2014-04-04,Sexta,09:00:00,RN,110,48.3,MOSSORO,Outras,Colisão com bicicleta,Com Vítimas Fatais,Pleno dia,Decrescente,Ceu Claro,Dupla,Curva,Urbano,2014,2,1,0,0,1,0,0,2
83169963,2014-04-04,Sexta,13:30:00,RN,101,104.0,PARNAMIRIM,Falta de atenção,Colisão traseira,Sem Vítimas,Pleno dia,Crescente,Sol,Múltipla,Reta,Urbano,2014,2,0,0,0,2,0,0,2
83169988,2014-04-04,Sexta,16:00:00,RN,101,108.0,PARNAMIRIM,Falta de atenção,Colisão lateral,Sem Vítimas,Pleno dia,Crescente,Sol,Múltipla,Reta,Urbano,2014,2,0,0,0,2,0,0,2
83170085,2014-04-04,Sexta,09:45:00,RN,304,238.0,RIACHUELO,Outras,Capotamento,Com Vítimas Feridas,Pleno dia,Crescente,Ceu Claro,Simples,Reta,Rural,2014,2,0,1,0,1,0,1,1
83170161,2014-03-29,Sábado,06:30:00,RN,101,115.9,SAO JOSE DE MIPIBU,Ingestão de álcool,Colisão traseira,Com Vítimas Feridas,Pleno dia,Crescente,Sol,Dupla,Reta,Urbano,2014,2,0,1,0,1,0,1,2
83170217,2014-04-04,Sexta,09:25:00,RN,427,112.9,CAICO,Defeito mecânico em veículo,Saída de Pista,Sem Vítimas,Pleno dia,Decrescente,Ceu Claro,Simples,Reta,Rural,2014,1,0,0,0,1,0,0,1
83170406,2014-04-01,Terça,11:50:00,RN,304,249.5,RIACHUELO,Ultrapassagem indevida,Colisão lateral,Sem Vítimas,Pleno dia,Decrescente,Ceu Claro,Simples,Reta,Rural,2014,2,0,0,0,2,0,0,2
83170486,2014-04-05,Sábado,09:00:00,RN,304,283.0,MACAIBA,Ultrapassagem indevida,Colisão lateral,Sem Vítimas,Pleno dia,Decrescente,Chuva,Simples,Reta,Urbano,2014,2,0,0,0,2,0,0,2
83170556,2014-04-05,Sábado,14:00:00,RN,101,78.8,NATAL,Desobediência à sinalização,Colisão Transversal,Com Vítimas Feridas,Pleno dia,Decrescente,Chuva,Dupla,Reta,Rural,2014,2,0,0,1,0,1,1,2