id,data_inversa,dia_semana,horario,uf,br,km,municipio,causa_acidente,tipo_acidente,classificacao_acidente,fase_dia,sentido_via,condicao_metereologica,tipo_pista,tracado_via,uso_solo,ano,pessoas,mortos,feridos_leves,feridos_graves,ilesos,ignorados,feridos,veiculos
83176402,2014-04-13,Domingo,16:30:00,RN,101,53.4,CEARA-MIRIM,Defeito mecânico em veículo,Capotamento,Sem Vítimas,Pleno dia,Decrescente,Vento,Simples,Reta,Rural,2014,2,0,0,0,2,0,0,2
83176447,2014-04-13,Domingo,22:00:00,RN,406,163.0,SAO GONCALO DO AMARANTE,Outras,Colisão Transversal,Sem Vítimas,Plena noite,Decrescente,Vento,Simples,Reta,Rural,2014,2,0,0,0,1,1,0,2
83176506,2014-04-17,Quinta,17:00:00,RN,110,46.0,MOSSORO,Outras,Queda de motocicleta / bicicleta / veículo,Com Vítimas Feridas,Pleno dia,Decrescente,Chuva,Simples,Reta,Urbano,2014,1,0,1,0,0,0,1,1
83176510,2014-04-13,Domingo,16:50:00,RN,304,285.0,MACAIBA,Ingestão de álcool,Colisão frontal,Com Vítimas Feridas,Pleno dia,Crescente,Ceu Claro,Simples,Reta,Rural,2014,2,0,0,1,1,0,1,2
83176713,2014-04-17,Quinta,14:30:00,RN,226,381.1,SERRINHA DOS PINTOS,Outras,Colisão Transversal,Com Vítimas Feridas,Pleno dia,Decrescente,Ignorada,Dupla,Reta,Rural,2014,5,0,3,1,0,1,4,3
83176722,2014-04-18,Sexta,03:15:00,RN,101,101.8,PARNAMIRIM,Falta de atenção,Colisão Transversal,Sem Vítimas,Plena noite,Crescente,Ignorada,Dupla,Cruzamento,Urbano,2014,2,0,0,0,2,0,0,2
83176729,2014-04-13,Domingo,19:20:00,RN,406,151.1,CEARA-MIRIM,Falta de atenção,Colisão frontal,Com Vítimas Fatais,Plena noite,Crescente,Ceu Claro,Simples,Reta,Urbano,2014,3,1,0,0,1,1,0,3
83176764,2014-04-17,Quinta,14:00:00,RN,304,139.1,ANGICOS,Não guardar distância de segurança,Colisão traseira,Sem Vítimas,Pleno dia,Decrescente,Nublado,Simples,Reta,Rural,2014,2,0,0,0,1,1,0,2
83176818,2014-04-15,Terça,00:20:00,RN,427,110.7,CAICO,Ingestão de álcool,Atropelamento de animal,Com Vítimas Fatais,Plena noite,Crescente,Ceu Claro,Simples,Reta,Rural,2014,2,1,1,0,0,0,1,1
83176835,2014-04-18,Sexta,06:00:00,RN,101,34.2,RIO DO FOGO,Falta de atenção,Saída de Pista,Com Vítimas Feridas,Pleno dia,Decrescente,Ceu Claro,Simples,Curva,Rural,2014,4,0,2,1,1,0,3,1
83176868,2014-04-11,Sexta,13:40:00,RN,101,85.9,SAO GONCALO DO AMARANTE,Não guardar distância de segurança,Colisão traseira,Sem Vítimas,Pleno dia,Crescente,Ceu Claro,Dupla,Reta,Urbano,2014,3,0,0,0,3,0,0,3
83176913,2014-04-14,Segunda,16:50:00,RN,304,269.0,SANTA MARIA,Outras,Saída de Pista,Sem Vítimas,Anoitecer,Crescente,Ceu Claro,Dupla,Reta,Rural,2014,2,0,0,0,1,1,0,2
83177022,2014-04-18,Sexta,09:50:00,RN,226,177.4,CURRAIS NOVOS,Outras,Atropelamento de pessoa,Com Vítimas Feridas,Pleno dia,Decrescente,Ceu Claro,Dupla,Reta,Urbano,2014,2,0,0,1,1,0,1,1
83177230,2014-04-10,Quinta,05:40:00,RN,427,105.5,CAICO,Outras,Colisão lateral,Com Vítimas Feridas,Amanhecer,Crescente,Ceu Claro,Simples,Reta,Rural,2014,3,0,1,1,1,0,2,2
83177233,2014-04-11,Sexta,13:30:00,RN,101,81.8,SAO GONCALO DO AMARANTE,Falta de atenção,Colisão traseira,Sem Vítimas,Pleno dia,Crescente,Ceu Claro,Dupla,Reta,Urbano,2014,2,0,0,0,2,0,0,2
83177304,2014-04-18,Sexta,20:40:00,RN,226,110.3,SANTA CRUZ,Outras,Colisão Transversal,Com Vítimas Feridas,Plena noite,Crescente,Ceu Claro,Simples,Reta,Urbano,2014,3,0,2,0,0,1,2,2
83177382,2014-04-18,Sexta,18:05:00,RN,226,282.9,CAMPO GRANDE,Outras,Saída de Pista,Com Vítimas Feridas,Plena noite,Crescente,Ceu Claro,Simples,Reta,Rural,2014,4,0,1,3,0,0,4,1
83177396,2014-04-11,Sexta,15:00:00,RN,406,103.0,JOAO CAMARA,Falta de atenção,Colisão Transversal,Sem Vítimas,Pleno dia,Decrescente,Ceu Claro,Simples,Reta,Urbano,2014,2,0,0,0,2,0,0,2
83177412,2014-04-19,Sábado,05:00:00,RN,101,107.3,PARNAMIRIM,Não guardar distância de segurança,Colisão traseira,Sem Vítimas,Amanhecer,Decrescente,Chuva,Múltipla,Cruzamento,Urbano,2014,2,0,0,0,2,0,0,2
83177467,2014-03-13,Quinta,23:00:00,RN,226,176.5,CURRAIS NOVOS,Ingestão de álcool,Atropelamento de pessoa,Com Vítimas Feridas,Plena noite,Decrescente,Ceu Claro,Dupla,Reta,Urbano,2014,3,0,1,1,0,1,2,1
83177740,2014-04-19,Sábado,15:30:00,RN,110,55.5,MOSSORO,Ingestão de álcool,Saída de Pista,Com Vítimas Feridas,Pleno dia,Crescente,Ceu Claro,Dupla,Curva,Urbano,2014,1,0,0,1,0,0,1,1
83177814,2014-04-19,Sábado,21:00:00,RN,101,81.0,NATAL,Falta de atenção,Queda de motocicleta / bicicleta / veículo,Com Vítimas Feridas,Plena noite,Decrescente,Ceu Claro,Dupla,Reta,Urbano,2014,1,0,0,1,0,0,1,1
83177846,2014-04-19,Sábado,22:00:00,RN,101,95.3,NATAL,Ingestão de álcool,Colisão traseira,Sem Vítimas,Plena noite,Crescente,Ceu Claro,Múltipla,Curva,Urbano,2014,2,0,0,0,2,0,0,2
83177848,2014-04-19,Sábado,23:00:00,RN,110,1.2,AREIA BRANCA,Outras,Colisão com objeto fixo,Com Vítimas Feridas,Plena noite,Crescente,Ceu Claro,Simples,Reta,Urbano,2014,2,0,1,1,0,0,2,1
83177861,2014-04-19,Sábado,19:08:00,RN,405,0.6,MOSSORO,Falta de atenção,Colisão traseira,Com Vítimas Feridas,Plena noite,Crescente,Ceu Claro,Dupla,Reta,Urbano,2014,5,0,1,0,4,0,1,4
83177896,2014-04-18,Sexta,14:35:00,RN,304,252.3,SANTA MARIA,Falta de atenção,Saída de Pista,Com Vítimas Feridas,Pleno dia,Crescente,Sol,Simples,Reta,Rural,2014,3,0,1,0,1,1,1,2
83177932,2014-04-16,Quarta,12:20:00,RN,101,101.0,PARNAMIRIM,Não guardar distância de segurança,Colisão com objeto fixo,Sem Vítimas,Pleno dia,Crescente,Ceu Claro,Dupla,Reta,Urbano,2014,1,0,0,0,1,0,0,1
83178002,2014-04-20,Domingo,09:30:00,RN,304,291.9,MACAIBA,Outras,Atropelamento de pessoa,Com Vítimas Fatais,Pleno dia,Crescente,Ceu Claro,Simples,Reta,Rural,2014,2,1,0,0,1,0,0,1
83178024,2014-04-16,Quarta,12:20:00,RN,101,108.6,PARNAMIRIM,Desobediência à sinalização,Colisão Transversal,Sem Vítimas,Pleno dia,Crescente,Sol,Múltipla,Cruzamento,Urbano,2014,2,0,0,0,2,0,0,2
83178170,2014-04-20,Domingo,16:15:00,RN,101,125.0,SAO JOSE DE MIPIBU,Outras,Saída de Pista,Com Vítimas Feridas,Pleno dia,Decrescente,Ceu Claro,Dupla,Curva,Rural,2014,3,0,2,0,1,0,2,1
83178200,2014-04-20,Domingo,16:40:00,RN,304,24.4,MOSSORO,Não guardar distância de segurança,Colisão lateral,Com Vítimas Feridas,Pleno dia,Decrescente,Nublado,Dupla,Curva,Rural,2014,4,0,2,0,2,0,2,2
83178227,2014-04-20,Domingo,17:45:00,RN,304,35.4,MOSSORO,Não guardar distância de segurança,Colisão traseira,Sem Vítimas,Anoitecer,Crescente,Nevoeiro/neblina,Dupla,Reta,Urbano,2014,2,0,0,0,2,0,0,2
83178228,2014-04-15,Terça,01:35:00,RN,304,204.6,LAJES,Animais na Pista,Atropelamento de animal,Sem Vítimas,Plena noite,Decrescente,Ceu Claro,Simples,Reta,Rural,2014,1,0,0,0,1,0,0,1
83178329,2014-04-20,Domingo,11:45:00,RN,101,95.6,NATAL,Não guardar distância de segurança,Colisão traseira,Sem Vítimas,Pleno dia,Crescente,Sol,Múltipla,Cruzamento,Urbano,2014,2,0,0,0,2,0,0,2
83178440,2014-04-17,Quinta,17:15:00,RN,304,301.8,MACAIBA,Defeito mecânico em veículo,Queda de motocicleta / bicicleta / veículo,Com Vítimas Feridas,Anoitecer,Crescente,Ceu Claro,Dupla,Reta,Urbano,2014,2,0,2,0,0,0,2,1
83178565,2014-04-14,Segunda,17:32:00,RN,427,12.9,ACARI,Ultrapassagem indevida,Saída de Pista,Sem Vítimas,Pleno dia,Crescente,Ceu Claro,Simples,Reta,Rural,2014,1,0,0,0,1,0,0,1
83178580,2014-04-21,Segunda,12:50:00,RN,304,285.9,MACAIBA,Falta de atenção,Capotamento,Com Vítimas Feridas,Plena noite,Crescente,Sol,Simples,Reta,Urbano,2014,2,0,1,0,1,0,1,1
83178581,2014-04-21,Segunda,12:11:00,RN,101,125.5,SAO JOSE DE MIPIBU,Não guardar distância de segurança,Colisão traseira,Sem Vítimas,Pleno dia,Decrescente,Ceu Claro,Dupla,Reta,Urbano,2014,2,0,0,0,2,0,0,2
83178609,2014-04-21,Segunda,11:50:00,RN,304,293.0,MACAIBA,Falta de atenção,Colisão traseira,Sem Vítimas,Pleno dia,Crescente,Ceu Claro,Simples,Reta,Rural,2014,3,0,0,0,3,0,0,3
83178621,2014-04-21,Segunda,11:45:00,RN,101,107.7,PARNAMIRIM,Não guardar distância de segurança,Colisão traseira,Sem Vítimas,Pleno dia,Crescente,Sol,Dupla,Cruzamento,Urbano,2014,2,0,0,0,2,0,0,2
83178713,2014-04-16,Quarta,13:50:00,RN,101,107.0,PARNAMIRIM,Falta de atenção,Colisão lateral,Sem Vítimas,Pleno dia,Decrescente,Sol,Dupla,Curva,Urbano,2014,2,0,0,0,2,0,0,2
83178810,2014-04-21,Segunda,16:10:00,RN,304,283.4,MACAIBA,Não guardar distância de segurança,Colisão traseira,Sem Vítimas,Pleno dia,Crescente,Sol,Simples,Reta,Rural,2014,3,0,0,0,3,0,0,3
83178852,2014-04-21,Segunda,21:18:00,RN,304,295.8,MACAIBA,Ultrapassagem indevida,Colisão com objeto fixo,Sem Vítimas,Plena noite,Crescente,Ceu Claro,Simples,Reta,Urbano,2014,2,0,0,0,2,0,0,2
83178899,2014-04-21,Segunda,11:15:00,RN,304,295.2,MACAIBA,Não guardar distância de segurança,Colisão traseira,Sem Vítimas,Pleno dia,Crescente,Ceu Claro,Simples,Reta,Urbano,2014,3,0,0,0,3,0,0,3
83178925,2014-04-21,Segunda,16:20:00,RN,304,282.2,MACAIBA,Não guardar distância de segurança,Colisão traseira,Sem Vítimas,Pleno dia,Crescente,Sol,Simples,Reta,Urbano,2014,2,0,0,0,2,0,0,2
83178982,2014-04-22,Terça,05:00:00,RN,304,276.8,IELMO MARINHO,Outras,Colisão traseira,Sem Vítimas,Amanhecer,Decrescente,Nublado,Simples,Reta,Rural,2014,2,0,0,0,2,0,0,2
83179023,2014-04-16,Quarta,14:50:00,RN,101,95.4,NATAL,Não guardar distância de segurança,Colisão traseira,Com Vítimas Feridas,Pleno dia,Decrescente,Sol,Múltipla,Reta,Urbano,2014,2,0,1,0,1,0,1,2
83179055,2014-01-29,Quarta,19:30:00,RN,304,84.6,ASSU,Falta de atenção,Colisão Transversal,Sem Vítimas,Plena noite,Crescente,Ceu Claro,Simples,Reta,Rural,2014,2,0,0,0,2,0,0,2
83179076,2014-04-16,Quarta,18:40:00,RN,101,97.6,NATAL,Não guardar distância de segurança,Colisão lateral,Sem Vítimas,Anoitecer,Crescente,Ignorada,Dupla,Reta,Urbano,2014,2,0,0,0,2,0,0,2
83179083,2014-04-21,Segunda,16:00:00,RN,304,287.0,MACAIBA,Falta de atenção,Colisão traseira,Sem Vítimas,Pleno dia,Crescente,Ceu Claro,Simples,Reta,Rural,2014,5,0,0,0,5,0,0,5
83179117,2014-04-22,Terça,10:40:00,RN,101,94.1,NATAL,Não guardar distância de segurança,Colisão traseira,Sem Vítimas,Pleno dia,Crescente,Ceu Claro,Múltipla,Reta,Urbano,2014,2,0,0,0,2,0,0,2
83179159,2014-04-09,Quarta,06:20:00,RN,304,295.8,MACAIBA,Outras,Saída de Pista,Com Vítimas Feridas,Amanhecer,Crescente,Ceu Claro,Simples,Reta,Urbano,2014,3,0,0,1,1,1,1,2
83179194,2014-04-22,Terça,09:20:00,RN,101,106.5,PARNAMIRIM,Não guardar distância de segurança,Colisão traseira,Sem Vítimas,Pleno dia,Crescente,Sol,Dupla,Reta,Urbano,2014,3,0,0,0,3,0,0,3
83179228,2014-04-14,Segunda,08:10:00,RN,101,84.3,SAO GONCALO DO AMARANTE,Defeito mecânico em veículo,Colisão traseira,Sem Vítimas,Pleno dia,Crescente,Sol,Dupla,Curva,Urbano,2014,3,0,0,0,3,0,0,3
83179230,2014-04-18,Sexta,19:20:00,RN,101,107.0,PARNAMIRIM,Não guardar distância de segurança,Colisão traseira,Sem Vítimas,Plena noite,Decrescente,Ceu Claro,Dupla,Reta,Urbano,2014,2,0,0,0,2,0,0,2
83179295,2014-04-14,Segunda,18:40:00,RN,101,84.0,SAO GONCALO DO AMARANTE,Falta de atenção,Colisão lateral,Com Vítimas Feridas,Anoitecer,Crescente,Vento,Dupla,Reta,Urbano,2014,3,0,2,0,1,0,2,2
83179299,2014-04-22,Terça,16:00:00,RN,101,95.4,NATAL,Outras,Colisão lateral,Sem Vítimas,Pleno dia,Crescente,Ceu Claro,Simples,Cruzamento,Urbano,2014,2,0,0,0,2,0,0,2
83179302,2014-04-16,Quarta,19:00:00,RN,101,101.5,NATAL,Falta de atenção,Colisão traseira,Sem Vítimas,Plena noite,Decrescente,Ceu Claro,Múltipla,Cruzamento,Urbano,2014,2,0,0,0,2,0,0,2
83179341,2014-04-22,Terça,17:50:00,RN,101,97.2,NATAL,Outras,Colisão traseira,Sem Vítimas,Anoitecer,Decrescente,Ceu Claro,Múltipla,Reta,Urbano,2014,2,0,0,0,2,0,0,2
83179342,2014-04-21,Segunda,14:30:00,RN,304,295.6,MACAIBA,Falta de atenção,Colisão traseira,Sem Vítimas,Pleno dia,Crescente,Sol,Simples,Reta,Rural,2014,3,0,0,0,3,0,0,3
83179385,2014-04-21,Segunda,16:40:00,RN,304,284.0,MACAIBA,Não guardar distância de segurança,Colisão traseira,Sem Vítimas,Pleno dia,Crescente,Sol,Simples,Reta,Rural,2014,4,0,0,0,3,1,0,4
83179477,2014-04-22,Terça,11:40:00,RN,110,47.0,MOSSORO,Não guardar distância de segurança,Colisão traseira,Sem Vítimas,Pleno dia,Crescente,Nublado,Simples,Reta,Urbano,2014,3,0,0,0,3,0,0,3
83179490,2014-04-14,Segunda,18:15:00,RN,101,84.4,NATAL,Outras,Colisão lateral,Com Vítimas Feridas,Plena noite,Decrescente,Ceu Claro,Dupla,Reta,Urbano,2014,2,0,1,0,1,0,1,2
83179550,2014-04-22,Terça,16:35:00,RN,304,40.6,MOSSORO,Outras,Colisão traseira,Sem Vítimas,Pleno dia,Decrescente,Chuva,Dupla,Reta,Urbano,2014,2,0,0,0,2,0,0,2
83179592,2014-04-19,Sábado,18:20:00,RN,101,123.0,SAO JOSE DE MIPIBU,Outras,Colisão traseira,Sem Vítimas,Plena noite,Decrescente,Ceu Claro,Dupla,Reta,Urbano,2014,2,0,0,0,2,0,0,2
83179609,2014-04-23,Quarta,06:40:00,RN,304,287.3,MACAIBA,Outras,Colisão com objeto móvel,Sem Vítimas,Amanhecer,Crescente,Nublado,Simples,Reta,Rural,2014,2,0,0,0,2,0,0,2
83179653,2014-03-03,Segunda,06:00:00,RN,406,169.0,SAO GONCALO DO AMARANTE,Animais na Pista,Atropelamento de animal,Com Vítimas Feridas,Amanhecer,Crescente,Ceu Claro,Simples,Reta,Urbano,2014,1,0,1,0,0,0,1,1
83179660,2014-04-21,Segunda,09:35:00,RN,304,47.1,MOSSORO,Falta de atenção,Colisão Transversal,Com Vítimas Feridas,Pleno dia,Crescente,Ceu Claro,Dupla,Reta,Urbano,2014,2,0,0,1,1,0,1,2
83179742,2014-04-23,Quarta,06:30:00,RN,101,106.8,PARNAMIRIM,Outras,Colisão lateral,Com Vítimas Feridas,Pleno dia,Decrescente,Ceu Claro,Dupla,Reta,Urbano,2014,2,0,0,1,0,1,1,2
83179748,2014-03-26,Quarta,12:40:00,RN,101,94.0,NATAL,Desobediência à sinalização,Colisão lateral,Sem Vítimas,Pleno dia,Decrescente,Ceu Claro,Simples,Reta,Urbano,2014,2,0,0,0,2,0,0,2
83179753,2014-04-23,Quarta,07:40:00,RN,110,46.9,MOSSORO,Falta de atenção,Colisão traseira,Com Vítimas Feridas,Pleno dia,Decrescente,Ceu Claro,Simples,Cruzamento,Urbano,2014,2,0,1,0,1,0,1,2
83179768,2014-04-23,Quarta,09:30:00,RN,101,97.0,NATAL,Não guardar distância de segurança,Colisão lateral,Sem Vítimas,Pleno dia,Crescente,Ceu Claro,Simples,Curva,Urbano,2014,2,0,0,0,2,0,0,2
83179784,2014-04-17,Quinta,11:15:00,RN,304,29.3,MOSSORO,Não guardar distância de segurança,Colisão traseira,Sem Vítimas,Pleno dia,Crescente,Sol,Simples,Reta,Urbano,2014,3,0,0,0,3,0,0,3
83179837,2014-04-15,Terça,14:50:00,RN,101,99.8,NATAL,Outras,Colisão com objeto móvel,Sem Vítimas,Pleno dia,Decrescente,Sol,Dupla,Reta,Urbano,2014,1,0,0,0,1,0,0,1
83179882,2014-04-23,Quarta,14:30:00,RN,406,163.2,SAO GONCALO DO AMARANTE,Falta de atenção,Colisão lateral,Sem Vítimas,Pleno dia,Decrescente,Sol,Simples,Reta,Rural,2014,2,0,0,0,1,1,0,2
83179910,2014-03-12,Quarta,20:20:00,RN,304,295.8,MACAIBA,Falta de atenção,Colisão traseira,Sem Vítimas,Plena noite,Crescente,Ceu Claro,Simples,Reta,Urbano,2014,2,0,0,0,2,0,0,2
83179955,2014-04-20,Domingo,02:10:00,RN,427,94.0,CAICO,Outras,Colisão lateral,Com Vítimas Feridas,Plena noite,Crescente,Ceu Claro,Simples,Curva,Rural,2014,2,0,1,0,1,0,1,2
83179957,2014-04-23,Quarta,16:10:00,RN,304,134.0,ANGICOS,Velocidade incompatível,Saída de Pista,Sem Vítimas,Pleno dia,Crescente,Chuva,Simples,Reta,Rural,2014,1,0,0,0,1,0,0,1
83179973,2014-04-21,Segunda,14:55:00,RN,101,106.0,PARNAMIRIM,Não guardar distância de segurança,Colisão traseira,Sem Vítimas,Pleno dia,Decrescente,Ceu Claro,Dupla,Cruzamento,Urbano,2014,2,0,0,0,2,0,0,2
83179980,2014-04-21,Segunda,15:30:00,RN,101,101.3,PARNAMIRIM,Não guardar distância de segurança,Colisão lateral,Sem Vítimas,Pleno dia,Crescente,Ceu Claro,Dupla,Cruzamento,Urbano,2014,2,0,0,0,2,0,0,2
83180046,2014-04-21,Segunda,08:20:00,RN,304,177.0,FERNANDO PEDROZA,Defeito mecânico em veículo,Queda de motocicleta / bicicleta / veículo,Com Vítimas Feridas,Pleno dia,Decrescente,Ceu Claro,Simples,Reta,Rural,2014,1,0,1,0,0,0,1,1
83180081,2014-04-23,Quarta,22:40:00,RN,101,95.0,NATAL,Ultrapassagem indevida,Colisão lateral,Com Vítimas Feridas,Plena noite,Decrescente,Ceu Claro,Múltipla,Reta,Urbano,2014,3,0,2,0,1,0,2,2
83180090,2014-04-23,Quarta,09:30:00,RN,304,120.0,ITAJA,Falta de atenção,Colisão Transversal,Sem Vítimas,Pleno dia,Crescente,Sol,Simples,Reta,Rural,2014,3,0,0,0,3,0,0,2
83180121,2014-04-23,Quarta,19:00:00,RN,101,99.7,NATAL,Falta de atenção,Colisão traseira,Sem Vítimas,Plena noite,Crescente,Ceu Claro,Múltipla,Reta,Urbano,2014,2,0,0,0,2,0,0,2
83180237,2014-04-22,Terça,04:30:00,RN,405,135.0,SAO FRANCISCO DO OESTE,Defeito na via,Tombamento,Sem Vítimas,Plena noite,Decrescente,Ceu Claro,Simples,Reta,Rural,2014,1,0,0,0,1,0,0,1
83180315,2014-04-24,Quinta,08:15:00,RN,101,78.3,SAO GONCALO DO AMARANTE,Desobediência à sinalização,Colisão Transversal,Sem Vítimas,Pleno dia,Crescente,Ceu Claro,Dupla,Reta,Urbano,2014,2,0,0,0,2,0,0,2
83180327,2014-04-24,Quinta,11:20:00,RN,101,104.0,PARNAMIRIM,Não guardar distância de segurança,Colisão lateral,Sem Vítimas,Pleno dia,Crescente,Ceu Claro,Dupla,Reta,Urbano,2014,2,0,0,0,2,0,0,2
83180346,2014-04-24,Quinta,13:20:00,RN,101,105.0,PARNAMIRIM,Falta de atenção,Colisão Transversal,Sem Vítimas,Pleno dia,Decrescente,Ceu Claro,Simples,Reta,Urbano,2014,2,0,0,0,2,0,0,2
83180397,2014-04-24,Quinta,13:45:00,RN,101,99.7,NATAL,Falta de atenção,Colisão traseira,Sem Vítimas,Pleno dia,Decrescente,Ceu Claro,Múltipla,Reta,Urbano,2014,2,0,0,0,2,0,0,2
83180510,2014-04-24,Quinta,18:20:00,RN,110,37.0,MOSSORO,Animais na Pista,Atropelamento de animal,Sem Vítimas,Plena noite,Crescente,Ceu Claro,Simples,Reta,Rural,2014,1,0,0,0,1,0,0,1
83180556,2014-04-24,Quinta,20:45:00,RN,304,24.4,MOSSORO,Falta de atenção,Saída de Pista,Sem Vítimas,Plena noite,Crescente,Ceu Claro,Simples,Curva,Rural,2014,1,0,0,0,1,0,0,1
83180577,2014-04-24,Quinta,19:30:00,RN,101,94.5,NATAL,Não guardar distância de segurança,Colisão lateral,Sem Vítimas,Anoitecer,Decrescente,Ignorada,Dupla,Reta,Urbano,2014,2,0,0,0,2,0,0,2
83180594,2014-04-24,Quinta,22:15:00,RN,101,97.2,NATAL,Não guardar distância de segurança,Colisão traseira,Com Vítimas Feridas,Plena noite,Crescente,Ceu Claro,Múltipla,Reta,Urbano,2014,2,0,1,0,0,1,1,2
83180636,2014-04-24,Quinta,12:30:00,RN,226,2.9,NATAL,Outras,Atropelamento de pessoa,Com Vítimas Fatais,Pleno dia,Decrescente,Ceu Claro,Simples,Reta,Urbano,2014,2,1,0,0,1,0,0,1
83180684,2014-04-16,Quarta,19:00:00,RN,226,8.0,NATAL,Falta de atenção,Colisão traseira,Sem Vítimas,Anoitecer,Crescente,Ignorada,Simples,Reta,Urbano,2014,2,0,0,0,1,1,0,2
83180693,2014-04-21,Segunda,16:40:00,RN,304,282.0,MACAIBA,Falta de atenção,Colisão traseira,Com Vítimas Feridas,Pleno dia,Crescente,Ceu Claro,Simples,Reta,Rural,2014,5,0,1,0,4,0,1,5
83180698,2014-04-21,Segunda,11:52:00,RN,304,293.3,MACAIBA,Não guardar distância de segurança,Colisão traseira,Sem Vítimas,Pleno dia,Crescente,Ceu Claro,Simples,Reta,Rural,2014,3,0,0,0,2,1,0,3
83180751,2014-04-25,Sexta,08:20:00,RN,101,107.7,PARNAMIRIM,Não guardar distância de segurança,Colisão lateral,Sem Vítimas,Pleno dia,Decrescente,Sol,Dupla,Cruzamento,Urbano,2014,2,0,0,0,2,0,0,2
83180864,2014-04-25,Sexta,11:00:00,RN,101,94.7,NATAL,Defeito mecânico em veículo,Colisão traseira,Com Vítimas Feridas,Pleno dia,Crescente,Ceu Claro,Dupla,Reta,Urbano,2014,2,0,1,0,1,0,1,2
83180908,2014-04-25,Sexta,13:10:00,RN,101,85.8,NATAL,Não guardar distância de segurança,Colisão traseira,Sem Vítimas,Pleno dia,Decrescente,Sol,Dupla,Reta,Urbano,2014,3,0,0,0,2,1,0,3
83181013,2014-04-25,Sexta,18:05:00,RN,427,1.4,CURRAIS NOVOS,Falta de atenção,Colisão traseira,Com Vítimas Feridas,Anoitecer,Crescente,Ceu Claro,Simples,Reta,Urbano,2014,2,0,1,1,0,0,2,2
83181028,2014-04-25,Sexta,20:55:00,RN,406,159.9,CEARA-MIRIM,Falta de atenção,Colisão lateral,Sem Vítimas,Plena noite,Decrescente,Ceu Claro,Simples,Reta,Urbano,2014,2,0,0,0,1,1,0,2
83181039,2014-04-25,Sexta,19:30:00,RN,110,47.3,MOSSORO,Falta de atenção,Colisão traseira,Sem Vítimas,Plena noite,Crescente,Ceu Claro,Simples,Reta,Urbano,2014,4,0,0,0,4,0,0,2
83181141,2014-04-25,Sexta,18:30:00,RN,101,83.2,SAO GONCALO DO AMARANTE,Não guardar distância de segurança,Colisão traseira,Sem Vítimas,Plena noite,Crescente,Ceu Claro,Dupla,Reta,Urbano,2014,2,0,0,0,2,0,0,2
83181148,2014-04-25,Sexta,17:25:00,RN,101,82.6,NATAL,Não guardar distância de segurança,Colisão traseira,Sem Vítimas,Plena noite,Decrescente,Ceu Claro,Dupla,Reta,Urbano,2014,2,0,0,0,2,0,0,2
83181171,2014-04-25,Sexta,23:00:00,RN,101,105.6,PARNAMIRIM,Não guardar distância de segurança,Colisão traseira,Sem Vítimas,Plena noite,Decrescente,Ceu Claro,Dupla,Reta,Urbano,2014,2,0,0,0,2,0,0,2
83181214,2014-04-25,Sexta,23:50:00,RN,101,82.5,SAO GONCALO DO AMARANTE,Falta de atenção,Atropelamento de pessoa,Com Vítimas Feridas,Plena noite,Crescente,Ceu Claro,Dupla,Reta,Urbano,2014,2,0,1,1,0,0,2,1
83181313,2014-04-26,Sábado,09:50:00,RN,226,173.2,CURRAIS NOVOS,Outras,Colisão Transversal,Com Vítimas Feridas,Pleno dia,Decrescente,Ceu Claro,Simples,Reta,Urbano,2014,2,0,1,0,1,0,1,2
83181315,2014-04-24,Quinta,15:40:00,RN,304,7.5,MOSSORO,Falta de atenção,Colisão lateral,Com Vítimas Feridas,Pleno dia,Crescente,Ceu Claro,Simples,Reta,Rural,2014,2,0,1,0,1,0,1,2
83181463,2014-04-26,Sábado,15:40:00,RN,101,108.5,PARNAMIRIM,Falta de atenção,Colisão Transversal,Com Vítimas Feridas,Pleno dia,Crescente,Ceu Claro,Dupla,Cruzamento,Urbano,2014,2,0,1,1,0,0,2,2
83181523,2014-04-26,Sábado,17:35:00,RN,304,47.7,MOSSORO,Falta de atenção,Colisão traseira,Sem Vítimas,Plena noite,Decrescente,Ceu Claro,Dupla,Reta,Urbano,2014,2,0,0,0,2,0,0,2
83181558,2014-04-26,Sábado,20:30:00,RN,406,107.2,JOAO CAMARA,Ingestão de álcool,Colisão lateral,Com Vítimas Feridas,Plena noite,Crescente,Ceu Claro,Simples,Reta,Rural,2014,3,0,3,0,0,0,3,2
83181614,2014-04-26,Sábado,12:30:00,RN,101,106.4,PARNAMIRIM,Outras,Colisão traseira,Com Vítimas Feridas,Pleno dia,Decrescente,Sol,Dupla,Reta,Urbano,2014,3,0,1,0,2,0,1,3