id,data_inversa,dia_semana,horario,uf,br,km,municipio,causa_acidente,tipo_acidente,classificacao_acidente,fase_dia,sentido_via,condicao_metereologica,tipo_pista,tracado_via,uso_solo,ano,pessoas,mortos,feridos_leves,feridos_graves,ilesos,ignorados,feridos,veiculos
83181680,2014-04-27,Domingo,07:30:00,RN,226,125.0,LAJES PINTADAS,Ingestão de álcool,Capotamento,Com Vítimas Feridas,Pleno dia,Crescente,Sol,Simples,Curva,Rural,2014,1,0,1,0,0,0,1,1
83181683,2014-04-27,Domingo,10:45:00,RN,226,123.6,LAJES PINTADAS,Não guardar distância de segurança,Colisão lateral,Sem Vítimas,Pleno dia,Crescente,Ceu Claro,Simples,Reta,Rural,2014,2,0,0,0,2,0,0,2
83181686,2014-04-11,Sexta,18:20:00,RN,304,39.0,MOSSORO,Falta de atenção,Colisão com bicicleta,Com Vítimas Feridas,Plena noite,Decrescente,Ceu Claro,Dupla,Reta,Urbano,2014,2,0,1,0,1,0,1,2
83181705,2014-04-27,Domingo,06:40:00,RN,101,108.0,PARNAMIRIM,Falta de atenção,Colisão traseira,Sem Vítimas,Pleno dia,Crescente,Sol,Dupla,Cruzamento,Urbano,2014,3,0,0,0,2,1,0,3
83181811,2014-04-27,Domingo,16:35:00,RN,101,84.9,SAO GONCALO DO AMARANTE,Não guardar distância de segurança,Colisão traseira,Sem Vítimas,Pleno dia,Crescente,Ceu Claro,Dupla,Reta,Urbano,2014,2,0,0,0,2,0,0,2
83181901,2014-04-25,Sexta,07:15:00,RN,101,111.8,PARNAMIRIM,Falta de atenção,Colisão traseira,Com Vítimas Feridas,Pleno dia,Decrescente,Sol,Dupla,Reta,Rural,2014,4,0,1,1,2,0,2,2
83181928,2014-04-27,Domingo,12:35:00,RN,101,94.4,NATAL,Não guardar distância de segurança,Colisão Transversal,Sem Vítimas,Pleno dia,Decrescente,Sol,Dupla,Cruzamento,Urbano,2014,2,0,0,0,2,0,0,2
83182184,2014-04-28,Segunda,09:05:00,RN,101,123.0,SAO JOSE DE MIPIBU,Outras,Colisão com objeto fixo,Sem Vítimas,Pleno dia,Decrescente,Ceu Claro,Dupla,Reta,Urbano,2014,1,0,0,0,1,0,0,1
83182198,2014-04-28,Segunda,11:10:00,RN,101,85.6,SAO GONCALO DO AMARANTE,Outras,Colisão traseira,Sem Vítimas,Pleno dia,Crescente,Ceu Claro,Dupla,Reta,Urbano,2014,3,0,0,0,3,0,0,3
83182209,2014-04-27,Domingo,21:30:00,RN,101,107.3,PARNAMIRIM,Outras,Colisão Transversal,Sem Vítimas,Plena noite,Crescente,Ceu Claro,Dupla,Cruzamento,Urbano,2014,2,0,0,0,2,0,0,2
83182316,2014-04-28,Segunda,14:45:00,RN,101,97.9,NATAL,Outras,Colisão lateral,Com Vítimas Feridas,Pleno dia,Decrescente,Sol,Múltipla,Reta,Urbano,2014,2,0,1,0,1,0,1,2
83182321,2014-04-28,Segunda,07:45:00,RN,101,103.9,PARNAMIRIM,Falta de atenção,Colisão traseira,Sem Vítimas,Pleno dia,Decrescente,Sol,Múltipla,Cruzamento,Urbano,2014,2,0,0,0,2,0,0,2
83182332,2014-04-26,Sábado,04:00:00,RN,304,124.1,ITAJA,Outras,Saída de Pista,Ignorado,Amanhecer,Crescente,Ceu Claro,Simples,Reta,Rural,2014,1,0,0,0,0,1,0,1
83182452,2014-04-28,Segunda,17:57:00,RN,101,100.8,PARNAMIRIM,Não guardar distância de segurança,Colisão traseira,Sem Vítimas,Plena noite,Decrescente,Ceu Claro,Múltipla,Curva,Urbano,2014,2,0,0,0,1,1,0,2
83182603,2014-04-26,Sábado,20:30:00,RN,110,48.3,MOSSORO,Desobediência à sinalização,Colisão Transversal,Sem Vítimas,Plena noite,Crescente,Nublado,Dupla,Cruzamento,Urbano,2014,2,0,0,0,2,0,0,2
83182682,2014-04-29,Terça,06:55:00,RN,101,68.0,EXTREMOZ,Outras,Saída de Pista,Com Vítimas Feridas,Pleno dia,Decrescente,Ceu Claro,Simples,Reta,Rural,2014,1,0,1,0,0,0,1,1
83182686,2014-04-29,Terça,09:15:00,RN,101,84.6,SAO GONCALO DO AMARANTE,Outras,Colisão Transversal,Com Vítimas Feridas,Pleno dia,Crescente,Sol,Dupla,Reta,Urbano,2014,2,0,1,0,1,0,1,2
83182690,2014-04-27,Domingo,05:00:00,RN,226,149.8,CURRAIS NOVOS,Dormindo,Saída de Pista,Com Vítimas Feridas,Amanhecer,Decrescente,Ceu Claro,Simples,Reta,Rural,2014,4,0,1,2,1,0,3,1
83182705,2014-04-29,Terça,08:35:00,RN,101,99.0,NATAL,Não guardar distância de segurança,Colisão traseira,Sem Vítimas,Pleno dia,Decrescente,Ceu Claro,Dupla,Reta,Urbano,2014,2,0,0,0,2,0,0,2
83182711,2014-04-29,Terça,08:00:00,RN,101,94.5,NATAL,Não guardar distância de segurança,Colisão lateral,Sem Vítimas,Pleno dia,Decrescente,Ceu Claro,Dupla,Reta,Urbano,2014,2,0,0,0,2,0,0,2
83182827,2014-04-24,Quinta,08:30:00,RN,101,125.0,SAO JOSE DE MIPIBU,Defeito mecânico em veículo,Queda de motocicleta / bicicleta / veículo,Com Vítimas Feridas,Pleno dia,Decrescente,Ceu Claro,Dupla,Reta,Urbano,2014,1,0,1,0,0,0,1,1
83182864,2014-04-29,Terça,16:20:00,RN,101,107.7,PARNAMIRIM,Falta de atenção,Colisão Transversal,Sem Vítimas,Pleno dia,Crescente,Ceu Claro,Simples,Reta,Urbano,2014,2,0,0,0,2,0,0,2
83182887,2014-04-29,Terça,12:05:00,RN,101,95.4,NATAL,Falta de atenção,Colisão traseira,Sem Vítimas,Pleno dia,Crescente,Nublado,Múltipla,Reta,Urbano,2014,2,0,0,0,2,0,0,2
83182905,2014-04-22,Terça,12:10:00,RN,406,169.0,SAO GONCALO DO AMARANTE,Não guardar distância de segurança,Colisão traseira,Sem Vítimas,Pleno dia,Crescente,Ceu Claro,Simples,Reta,Urbano,2014,3,0,0,0,3,0,0,3
83182908,2014-04-25,Sexta,21:00:00,RN,101,114.4,SAO JOSE DE MIPIBU,Falta de atenção,Atropelamento de pessoa,Com Vítimas Fatais,Plena noite,Decrescente,Ceu Claro,Dupla,Reta,Urbano,2014,2,1,0,0,1,0,0,1
83182916,2014-04-29,Terça,08:10:00,RN,101,98.2,NATAL,Não guardar distância de segurança,Colisão traseira,Com Vítimas Feridas,Pleno dia,Decrescente,Ceu Claro,Dupla,Reta,Urbano,2014,2,0,1,0,1,0,1,2
83182970,2014-04-25,Sexta,16:35:00,RN,304,297.0,MACAIBA,Ingestão de álcool,Colisão traseira,Com Vítimas Feridas,Pleno dia,Decrescente,Ceu Claro,Simples,Reta,Urbano,2014,2,0,1,0,1,0,1,2
83182995,2014-04-29,Terça,19:45:00,RN,101,85.7,NATAL,Não guardar distância de segurança,Colisão traseira,Com Vítimas Feridas,Plena noite,Decrescente,Ceu Claro,Dupla,Reta,Urbano,2014,3,0,2,0,1,0,2,2
83183000,2014-04-29,Terça,23:50:00,RN,226,46.9,BOM JESUS,Ingestão de álcool,Capotamento,Sem Vítimas,Plena noite,Crescente,Ceu Claro,Simples,Curva,Rural,2014,1,0,0,0,1,0,0,1
83183011,2014-04-29,Terça,21:43:00,RN,304,55.6,MOSSORO,Falta de atenção,Colisão traseira,Com Vítimas Feridas,Plena noite,Crescente,Nublado,Simples,Reta,Rural,2014,2,0,0,1,1,0,1,2
83183023,2014-04-30,Quarta,05:10:00,RN,304,25.6,MOSSORO,Outras,Colisão com objeto fixo,Sem Vítimas,Amanhecer,Decrescente,Ceu Claro,Simples,Reta,Rural,2014,1,0,0,0,1,0,0,1
83183024,2014-04-29,Terça,19:20:00,RN,304,55.7,MOSSORO,Não guardar distância de segurança,Colisão traseira,Com Vítimas Feridas,Plena noite,Crescente,Chuva,Simples,Reta,Rural,2014,2,0,1,0,1,0,1,2
83183029,2014-04-29,Terça,08:40:00,RN,101,105.9,PARNAMIRIM,Não guardar distância de segurança,Colisão lateral,Sem Vítimas,Pleno dia,Crescente,Ceu Claro,Dupla,Cruzamento,Urbano,2014,2,0,0,0,2,0,0,2
83183103,2014-04-30,Quarta,08:40:00,RN,101,118.3,SAO JOSE DE MIPIBU,Outras,Saída de Pista,Sem Vítimas,Pleno dia,Decrescente,Chuva,Dupla,Reta,Rural,2014,1,0,0,0,1,0,0,1
83183110,2014-04-26,Sábado,16:30:00,RN,405,148.1,PAU DOS FERROS,Ultrapassagem indevida,Colisão Transversal,Com Vítimas Feridas,Pleno dia,Crescente,Nublado,Simples,Curva,Rural,2014,2,0,0,1,1,0,1,2
83183138,2014-04-30,Quarta,07:15:00,RN,101,83.4,NATAL,Não guardar distância de segurança,Colisão com bicicleta,Com Vítimas Feridas,Pleno dia,Decrescente,Ceu Claro,Dupla,Reta,Urbano,2014,2,0,1,0,1,0,1,2
83183158,2014-04-27,Domingo,01:20:00,RN,304,112.1,ASSU,Animais na Pista,Atropelamento de animal,Com Vítimas Feridas,Plena noite,Crescente,Ceu Claro,Simples,Reta,Rural,2014,3,0,2,0,1,0,2,1
83183309,2014-04-30,Quarta,17:45:00,RN,304,72.0,MOSSORO,Animais na Pista,Atropelamento de animal,Sem Vítimas,Anoitecer,Decrescente,Chuva,Simples,Reta,Rural,2014,3,0,0,0,3,0,0,1
83183323,2014-04-30,Quarta,14:30:00,RN,101,84.9,SAO GONCALO DO AMARANTE,Não guardar distância de segurança,Colisão lateral,Sem Vítimas,Pleno dia,Crescente,Ceu Claro,Dupla,Reta,Urbano,2014,2,0,0,0,2,0,0,2
83183329,2014-04-30,Quarta,15:40:00,RN,406,149.0,CEARA-MIRIM,Não guardar distância de segurança,Colisão traseira,Sem Vítimas,Pleno dia,Decrescente,Ceu Claro,Simples,Reta,Rural,2014,2,0,0,0,2,0,0,2
83183337,2014-04-29,Terça,17:50:00,RN,304,112.9,ASSU,Animais na Pista,Saída de Pista,Sem Vítimas,Anoitecer,Decrescente,Chuva,Simples,Reta,Rural,2014,1,0,0,0,1,0,0,1
83183341,2014-04-30,Quarta,14:15:00,RN,304,206.3,MACAIBA,Outras,Capotamento,Sem Vítimas,Pleno dia,Crescente,Chuva,Simples,Reta,Rural,2014,1,0,0,0,1,0,0,1
83183347,2014-04-30,Quarta,18:00:00,RN,406,135.0,TAIPU,Animais na Pista,Atropelamento de animal,Com Vítimas Feridas,Plena noite,Decrescente,Chuva,Simples,Reta,Rural,2014,2,0,1,0,1,0,1,1
83183350,2014-04-30,Quarta,15:50:00,RN,406,165.0,SAO GONCALO DO AMARANTE,Não guardar distância de segurança,Colisão traseira,Sem Vítimas,Pleno dia,Crescente,Sol,Simples,Reta,Rural,2014,2,0,0,0,2,0,0,2
83183352,2014-04-30,Quarta,16:15:00,RN,101,84.9,NATAL,Outras,Atropelamento de animal,Com Vítimas Feridas,Pleno dia,Crescente,Ceu Claro,Dupla,Reta,Urbano,2014,2,0,0,1,1,0,1,1
83183403,2014-04-29,Terça,15:00:00,RN,226,283.0,TRIUNFO POTIGUAR,Outras,Capotamento,Sem Vítimas,Pleno dia,Crescente,Chuva,Simples,Reta,Rural,2014,1,0,0,0,1,0,0,1
83183487,2014-04-30,Quarta,19:30:00,RN,110,45.9,MOSSORO,Outras,Colisão traseira,Com Vítimas Feridas,Plena noite,Crescente,Nublado,Simples,Reta,Urbano,2014,2,0,1,0,0,1,1,2
83183520,2014-04-26,Sábado,23:00:00,RN,304,31.2,MOSSORO,Animais na Pista,Atropelamento de animal,Sem Vítimas,Plena noite,Decrescente,Ignorada,Simples,Reta,Urbano,2014,1,0,0,0,1,0,0,1
83183602,2014-04-28,Segunda,09:00:00,RN,405,127.8,RODOLFO FERNANDES,Defeito mecânico em veículo,Saída de Pista,Com Vítimas Feridas,Pleno dia,Crescente,Ceu Claro,Simples,Curva,Rural,2014,1,0,1,0,0,0,1,1
83183615,2014-04-26,Sábado,12:31:00,RN,101,106.0,PARNAMIRIM,Outras,Colisão Transversal,Com Vítimas Feridas,Pleno dia,Decrescente,Sol,Dupla,Cruzamento,Urbano,2014,9,0,8,0,1,0,8,2
83183686,2014-04-29,Terça,17:40:00,RN,101,96.3,NATAL,Falta de atenção,Colisão traseira,Sem Vítimas,Anoitecer,Crescente,Ceu Claro,Dupla,Reta,Urbano,2014,2,0,0,0,2,0,0,2
83183755,2014-04-15,Terça,11:50:00,RN,304,280.0,MACAIBA,Outras,Colisão lateral,Com Vítimas Feridas,Pleno dia,Decrescente,Ceu Claro,Simples,Reta,Rural,2014,3,0,0,1,1,1,1,2
83183758,2014-05-01,Quinta,14:15:00,RN,101,136.9,ARES,Velocidade incompatível,Saída de Pista,Sem Vítimas,Pleno dia,Decrescente,Chuva,Dupla,Curva,Rural,2014,1,0,0,0,1,0,0,1
83183760,2014-05-01,Quinta,08:45:00,RN,101,129.9,SAO JOSE DE MIPIBU,Outras,Saída de Pista,Sem Vítimas,Pleno dia,Decrescente,Nublado,Dupla,Reta,Rural,2014,1,0,0,0,1,0,0,1
83183821,2014-04-23,Quarta,19:00:00,RN,304,234.0,RIACHUELO,Outras,Tombamento,Com Vítimas Feridas,Plena noite,Decrescente,Ceu Claro,Simples,Curva,Rural,2014,1,0,0,1,0,0,1,1
83183868,2014-05-01,Quinta,19:00:00,RN,101,77.0,SAO GONCALO DO AMARANTE,Falta de atenção,Colisão traseira,Sem Vítimas,Pleno dia,Crescente,Nublado,Dupla,Reta,Rural,2014,2,0,0,0,1,1,0,2
83183900,2014-05-01,Quinta,17:35:00,RN,304,33.4,MOSSORO,Defeito na via,Capotamento,Com Vítimas Feridas,Anoitecer,Crescente,Nublado,Dupla,Reta,Urbano,2014,5,0,4,1,0,0,5,1
83183986,2014-05-01,Quinta,19:35:00,RN,101,99.9,NATAL,Não guardar distância de segurança,Colisão lateral,Sem Vítimas,Plena noite,Crescente,Ignorada,Dupla,Cruzamento,Urbano,2014,2,0,0,0,2,0,0,2
83184033,2014-05-02,Sexta,08:00:00,RN,101,105.0,PARNAMIRIM,Não guardar distância de segurança,Colisão traseira,Com Vítimas Feridas,Pleno dia,Crescente,Sol,Dupla,Reta,Urbano,2014,2,0,1,0,1,0,1,2
83184038,2014-04-18,Sexta,16:23:00,RN,110,127.0,CAMPO GRANDE,Outras,Colisão Transversal,Sem Vítimas,Plena noite,Crescente,Ceu Claro,Simples,Cruzamento,Urbano,2014,5,0,0,0,4,1,0,2
83184089,2014-04-28,Segunda,18:27:00,RN,304,209.1,CAICARA DO RIO DO VENTO,Outras,Saída de Pista,Com Vítimas Feridas,Plena noite,Decrescente,Chuva,Simples,Reta,Rural,2014,1,0,1,0,0,0,1,1
83184109,2014-05-02,Sexta,06:10:00,RN,101,83.2,SAO GONCALO DO AMARANTE,Não guardar distância de segurança,Colisão traseira,Com Vítimas Feridas,Pleno dia,Crescente,Sol,Dupla,Reta,Urbano,2014,2,0,0,1,1,0,1,2
83184114,2014-04-28,Segunda,14:10:00,RN,101,101.9,PARNAMIRIM,Não guardar distância de segurança,Colisão traseira,Sem Vítimas,Pleno dia,Crescente,Ceu Claro,Dupla,Cruzamento,Urbano,2014,2,0,0,0,2,0,0,2
83184143,2014-04-29,Terça,08:50:00,RN,304,48.9,MOSSORO,Falta de atenção,Colisão lateral,Sem Vítimas,Pleno dia,Crescente,Ceu Claro,Múltipla,Reta,Urbano,2014,2,0,0,0,2,0,0,2
83184188,2014-05-02,Sexta,15:20:00,RN,101,95.7,NATAL,Falta de atenção,Colisão traseira,Sem Vítimas,Pleno dia,Crescente,Ceu Claro,Simples,Curva,Urbano,2014,2,0,0,0,2,0,0,2
83184204,2014-05-02,Sexta,16:00:00,RN,101,104.0,PARNAMIRIM,Falta de atenção,Colisão traseira,Com Vítimas Feridas,Pleno dia,Crescente,Sol,Múltipla,Cruzamento,Urbano,2014,3,0,0,1,2,0,1,2
83184277,2014-05-02,Sexta,18:50:00,RN,226,173.9,CURRAIS NOVOS,Falta de atenção,Atropelamento de pessoa,Com Vítimas Feridas,Plena noite,Crescente,Nublado,Simples,Reta,Urbano,2014,3,0,0,1,2,0,1,1
83184309,2014-04-28,Segunda,19:50:00,RN,101,95.4,NATAL,Não guardar distância de segurança,Colisão traseira,Sem Vítimas,Plena noite,Crescente,Chuva,Simples,Reta,Urbano,2014,2,0,0,0,2,0,0,2
83184310,2014-05-02,Sexta,13:50:00,RN,101,94.9,NATAL,Não guardar distância de segurança,Colisão traseira,Sem Vítimas,Pleno dia,Decrescente,Sol,Simples,Reta,Urbano,2014,2,0,0,0,1,1,0,2
83184336,2014-05-02,Sexta,13:20:00,RN,304,47.3,MOSSORO,Falta de atenção,Colisão Transversal,Com Vítimas Feridas,Pleno dia,Decrescente,Ceu Claro,Simples,Reta,Urbano,2014,2,0,1,0,1,0,1,2
83184463,2014-04-30,Quarta,15:50:00,RN,101,101.8,PARNAMIRIM,Falta de atenção,Colisão lateral,Sem Vítimas,Pleno dia,Decrescente,Ceu Claro,Múltipla,Cruzamento,Urbano,2014,2,0,0,0,2,0,0,2
83184475,2014-04-30,Quarta,18:50:00,RN,101,102.5,PARNAMIRIM,Não guardar distância de segurança,Colisão traseira,Sem Vítimas,Plena noite,Decrescente,Chuva,Dupla,Reta,Urbano,2014,4,0,0,0,4,0,0,4
83184486,2014-04-22,Terça,13:15:00,RN,406,150.0,CEARA-MIRIM,Falta de atenção,Colisão Transversal,Com Vítimas Feridas,Pleno dia,Crescente,Sol,Simples,Reta,Urbano,2014,2,0,1,0,1,0,1,2
83184495,2014-04-30,Quarta,06:30:00,RN,101,85.0,NATAL,Não guardar distância de segurança,Colisão traseira,Sem Vítimas,Pleno dia,Decrescente,Sol,Dupla,Reta,Urbano,2014,2,0,0,0,2,0,0,2
83184502,2014-05-02,Sexta,18:00:00,RN,101,94.0,NATAL,Falta de atenção,Colisão Transversal,Sem Vítimas,Anoitecer,Crescente,Nublado,Dupla,Reta,Urbano,2014,2,0,0,0,2,0,0,2
83184515,2014-04-30,Quarta,11:05:00,RN,101,84.0,SAO GONCALO DO AMARANTE,Outras,Colisão traseira,Sem Vítimas,Pleno dia,Crescente,Sol,Dupla,Reta,Urbano,2014,2,0,0,0,2,0,0,2
83184556,2014-04-21,Segunda,22:00:00,RN,406,122.3,TAIPU,Outras,Colisão traseira,Com Vítimas Fatais,Plena noite,Crescente,Ceu Claro,Simples,Reta,Rural,2014,4,3,0,0,1,0,0,2
83184625,2014-05-03,Sábado,14:45:00,RN,304,43.0,MOSSORO,Desobediência à sinalização,Colisão Transversal,Com Vítimas Feridas,Pleno dia,Decrescente,Sol,Dupla,Cruzamento,Rural,2014,2,0,1,0,1,0,1,2
83184753,2014-05-03,Sábado,14:30:00,RN,101,77.3,NATAL,Outras,Colisão Transversal,Sem Vítimas,Pleno dia,Crescente,Ceu Claro,Dupla,Reta,Rural,2014,2,0,0,0,2,0,0,2
83184765,2014-05-03,Sábado,22:00:00,RN,101,78.0,NATAL,Outras,Saída de Pista,Ignorado,Plena noite,Decrescente,Nublado,Dupla,Reta,Rural,2014,1,0,0,0,0,1,0,1
83184840,2014-04-30,Quarta,19:15:00,RN,101,95.8,NATAL,Não guardar distância de segurança,Colisão traseira,Sem Vítimas,Plena noite,Decrescente,Nublado,Múltipla,Reta,Urbano,2014,2,0,0,0,2,0,0,2
83184850,2014-04-26,Sábado,10:00:00,RN,226,0.0,NATAL,Outras,Colisão Transversal,Sem Vítimas,Pleno dia,Crescente,Sol,Simples,Reta,Urbano,2014,2,0,0,0,2,0,0,2
83184980,2014-05-04,Domingo,09:40:00,RN,101,104.5,NATAL,Desobediência à sinalização,Colisão lateral,Sem Vítimas,Pleno dia,Crescente,Sol,Dupla,Cruzamento,Urbano,2014,2,0,0,0,1,1,0,2
83185000,2014-05-04,Domingo,13:10:00,RN,304,33.3,MOSSORO,Outras,Saída de Pista,Sem Vítimas,Pleno dia,Crescente,Sol,Múltipla,Reta,Rural,2014,1,0,0,0,1,0,0,1
83185002,2014-04-11,Sexta,20:30:00,RN,110,45.9,MOSSORO,Velocidade incompatível,Colisão com bicicleta,Com Vítimas Feridas,Plena noite,Crescente,Ceu Claro,Simples,Reta,Urbano,2014,2,0,0,2,0,0,2,2
83185010,2014-05-04,Domingo,11:00:00,RN,101,133.6,SAO JOSE DE MIPIBU,Outras,Capotamento,Sem Vítimas,Pleno dia,Crescente,Ceu Claro,Dupla,Reta,Rural,2014,1,0,0,0,1,0,0,1
83185063,2014-05-04,Domingo,16:55:00,RN,304,295.7,MACAIBA,Não guardar distância de segurança,Colisão traseira,Sem Vítimas,Pleno dia,Crescente,Ceu Claro,Simples,Reta,Rural,2014,2,0,0,0,2,0,0,2
83185122,2014-05-02,Sexta,05:30:00,RN,427,14.9,ACARI,Velocidade incompatível,Tombamento,Com Vítimas Feridas,Amanhecer,Decrescente,Ceu Claro,Simples,Curva,Rural,2014,2,0,2,0,0,0,2,1
83185167,2014-05-04,Domingo,21:30:00,RN,110,48.3,MOSSORO,Desobediência à sinalização,Colisão Transversal,Sem Vítimas,Plena noite,Crescente,Ceu Claro,Simples,Reta,Urbano,2014,5,0,0,0,2,3,0,2
83185236,2014-04-30,Quarta,08:00:00,RN,304,152.4,ANGICOS,Defeito mecânico em veículo,Tombamento,Com Vítimas Feridas,Pleno dia,Decrescente,Sol,Simples,Reta,Rural,2014,1,0,1,0,0,0,1,1
83185270,2014-04-29,Terça,17:15:00,RN,101,107.7,PARNAMIRIM,Falta de atenção,Colisão Transversal,Sem Vítimas,Pleno dia,Crescente,Ceu Claro,Dupla,Reta,Urbano,2014,2,0,0,0,2,0,0,2
83185333,2014-04-30,Quarta,14:20:00,RN,101,96.0,NATAL,Desobediência à sinalização,Colisão lateral,Com Vítimas Feridas,Pleno dia,Decrescente,Sol,Múltipla,Reta,Urbano,2014,2,0,1,0,1,0,1,2
83185353,2014-05-01,Quinta,12:30:00,RN,304,202.0,LAJES,Outras,Saída de Pista,Sem Vítimas,Pleno dia,Decrescente,Nublado,Simples,Curva,Rural,2014,1,0,0,0,1,0,0,1
83185405,2014-05-03,Sábado,13:55:00,RN,101,95.1,NATAL,Falta de atenção,Colisão Transversal,Sem Vítimas,Pleno dia,Crescente,Nublado,Simples,Cruzamento,Urbano,2014,2,0,0,0,2,0,0,2
83185440,2014-05-05,Segunda,10:55:00,RN,226,175.0,CURRAIS NOVOS,Falta de atenção,Colisão traseira,Com Vítimas Feridas,Pleno dia,Decrescente,Ceu Claro,Dupla,Reta,Urbano,2014,2,0,0,1,1,0,1,2
83185469,2014-05-05,Segunda,10:25:00,RN,101,97.1,NATAL,Falta de atenção,Colisão Transversal,Sem Vítimas,Pleno dia,Decrescente,Nublado,Dupla,Reta,Urbano,2014,2,0,0,0,2,0,0,2
83185592,2014-05-05,Segunda,11:00:00,RN,304,39.4,MOSSORO,Falta de atenção,Colisão lateral,Sem Vítimas,Pleno dia,Decrescente,Ceu Claro,Dupla,Reta,Urbano,2014,2,0,0,0,2,0,0,2
83185620,2014-05-05,Segunda,14:50:00,RN,406,3.1,MACAU,Não guardar distância de segurança,Colisão traseira,Sem Vítimas,Pleno dia,Crescente,Sol,Simples,Reta,Rural,2014,2,0,0,0,2,0,0,2
83185652,2014-04-27,Domingo,22:27:00,RN,406,154.0,CEARA-MIRIM,Defeito mecânico em veículo,Colisão frontal,Com Vítimas Feridas,Plena noite,Crescente,Ceu Claro,Simples,Reta,Rural,2014,3,0,0,2,1,0,2,2
83185660,2014-05-05,Segunda,17:30:00,RN,101,160.1,CANGUARETAMA,Desobediência à sinalização,Colisão frontal,Com Vítimas Feridas,Plena noite,Crescente,Nublado,Múltipla,Reta,Urbano,2014,3,0,2,1,0,0,3,2
83185699,2014-05-05,Segunda,15:10:00,RN,427,95.3,CAICO,Falta de atenção,Colisão traseira,Com Vítimas Feridas,Pleno dia,Decrescente,Ceu Claro,Simples,Curva,Rural,2014,3,0,0,2,1,0,2,2
83185754,2014-05-04,Domingo,17:30:00,RN,101,121.0,SAO JOSE DE MIPIBU,Ingestão de álcool,Capotamento,Com Vítimas Feridas,Anoitecer,Crescente,Ceu Claro,Dupla,Reta,Rural,2014,1,0,1,0,0,0,1,1
83185780,2014-05-04,Domingo,02:00:00,RN,110,94.5,UPANEMA,Animais na Pista,Atropelamento de animal,Sem Vítimas,Plena noite,Decrescente,Ceu Claro,Simples,Reta,Rural,2014,1,0,0,0,1,0,0,1
83185820,2014-05-06,Terça,06:55:00,RN,304,36.2,MOSSORO,Falta de atenção,Colisão lateral,Com Vítimas Feridas,Pleno dia,Crescente,Sol,Dupla,Reta,Urbano,2014,3,0,1,0,2,0,1,3
83185823,2014-05-06,Terça,09:45:00,RN,304,295.0,MACAIBA,Falta de atenção,Colisão traseira,Sem Vítimas,Pleno dia,Crescente,Ceu Claro,Simples,Reta,Rural,2014,2,0,0,0,2,0,0,2
83185851,2014-05-03,Sábado,13:00:00,RN,101,98.0,NATAL,Não guardar distância de segurança,Colisão traseira,Sem Vítimas,Pleno dia,Crescente,Chuva,Simples,Reta,Urbano,2014,3,0,0,0,3,0,0,3
83185853,2014-05-06,Terça,09:15:00,RN,304,35.5,MOSSORO,Desobediência à sinalização,Colisão lateral,Sem Vítimas,Pleno dia,Crescente,Ceu Claro,Simples,Curva,Urbano,2014,2,0,0,0,1,1,0,2
83186021,2014-05-06,Terça,17:57:00,RN,304,48.0,MOSSORO,Falta de atenção,Colisão traseira,Sem Vítimas,Anoitecer,Crescente,Ceu Claro,Dupla,Reta,Urbano,2014,2,0,0,0,2,0,0,2
83186065,2014-03-10,Segunda,17:05:00,RN,101,99.9,NATAL,Falta de atenção,Colisão traseira,Sem Vítimas,Anoitecer,Decrescente,Ceu Claro,Dupla,Reta,Urbano,2014,2,0,0,0,2,0,0,2
83186149,2014-04-21,Segunda,10:30:00,RN,101,101.4,PARNAMIRIM,Não guardar distância de segurança,Colisão traseira,Sem Vítimas,Pleno dia,Decrescente,Ceu Claro,Dupla,Reta,Urbano,2014,2,0,0,0,2,0,0,2
83186205,2014-05-02,Sexta,12:50:00,RN,406,170.8,SAO GONCALO DO AMARANTE,Falta de atenção,Colisão Transversal,Com Vítimas Feridas,Pleno dia,Decrescente,Ceu Claro,Simples,Reta,Urbano,2014,2,0,1,0,1,0,1,2
83186238,2014-05-03,Sábado,12:30:00,RN,101,135.5,ARES,Outras,Capotamento,Com Vítimas Fatais,Pleno dia,Decrescente,Chuva,Dupla,Curva,Rural,2014,1,1,0,0,0,0,0,1
83186251,2014-05-03,Sábado,12:55:00,RN,101,105.9,PARNAMIRIM,Falta de atenção,Colisão Transversal,Sem Vítimas,Pleno dia,Crescente,Nublado,Dupla,Curva,Urbano,2014,2,0,0,0,2,0,0,2
83186280,2014-05-06,Terça,07:00:00,RN,304,134.9,ANGICOS,Falta de atenção,Colisão traseira,Sem Vítimas,Pleno dia,Crescente,Sol,Simples,Reta,Rural,2014,2,0,0,0,2,0,0,2
83186291,2014-05-06,Terça,18:10:00,RN,101,66.0,EXTREMOZ,Animais na Pista,Atropelamento de animal,Sem Vítimas,Plena noite,Crescente,Nublado,Simples,Reta,Rural,2014,1,0,0,0,1,0,0,1