id,data_inversa,dia_semana,horario,uf,br,km,municipio,causa_acidente,tipo_acidente,classificacao_acidente,fase_dia,sentido_via,condicao_metereologica,tipo_pista,tracado_via,uso_solo,ano,pessoas,mortos,feridos_leves,feridos_graves,ilesos,ignorados,feridos,veiculos
83186294,2014-04-27,Domingo,10:50:00,RN,405,109.5,ITAU,Ingestão de álcool,Colisão frontal,Com Vítimas Feridas,Pleno dia,Crescente,Ceu Claro,Simples,Curva,Urbano,2014,2,0,0,1,1,0,1,2
83186300,2014-05-03,Sábado,13:20:00,RN,101,98.2,NATAL,Falta de atenção,Colisão traseira,Sem Vítimas,Pleno dia,Crescente,Chuva,Múltipla,Reta,Urbano,2014,4,0,0,0,4,0,0,4
83186356,2014-05-03,Sábado,07:00:00,RN,101,116.2,SAO JOSE DE MIPIBU,Desobediência à sinalização,Colisão Transversal,Com Vítimas Feridas,Pleno dia,Crescente,Ceu Claro,Dupla,Cruzamento,Urbano,2014,2,0,1,0,0,1,1,2
83186391,2014-05-07,Quarta,10:45:00,RN,110,49.2,MOSSORO,Falta de atenção,Colisão traseira,Com Vítimas Feridas,Pleno dia,Decrescente,Sol,Dupla,Reta,Urbano,2014,2,0,1,0,1,0,1,2
83186464,2014-05-07,Quarta,14:25:00,RN,101,97.0,NATAL,Outras,Colisão lateral,Sem Vítimas,Pleno dia,Crescente,Ceu Claro,Dupla,Reta,Urbano,2014,2,0,0,0,2,0,0,2
83186467,2014-05-07,Quarta,10:40:00,RN,101,104.6,PARNAMIRIM,Falta de atenção,Colisão lateral,Sem Vítimas,Pleno dia,Crescente,Ceu Claro,Dupla,Curva,Urbano,2014,2,0,0,0,2,0,0,2
83186529,2014-05-07,Quarta,16:40:00,RN,110,47.0,MOSSORO,Falta de atenção,Colisão traseira,Sem Vítimas,Pleno dia,Crescente,Chuva,Simples,Reta,Urbano,2014,2,0,0,0,2,0,0,2
83186550,2014-05-07,Quarta,14:45:00,RN,405,3.0,MOSSORO,Falta de atenção,Colisão Transversal,Sem Vítimas,Pleno dia,Decrescente,Chuva,Dupla,Cruzamento,Urbano,2014,2,0,0,0,2,0,0,2
83186555,2014-05-07,Quarta,17:20:00,RN,304,48.0,MOSSORO,Desobediência à sinalização,Colisão Transversal,Sem Vítimas,Pleno dia,Decrescente,Chuva,Simples,Reta,Urbano,2014,2,0,0,0,2,0,0,2
83186583,2014-05-04,Domingo,04:10:00,RN,110,87.0,UPANEMA,Animais na Pista,Atropelamento de animal,Com Vítimas Feridas,Plena noite,Decrescente,Ignorada,Simples,Reta,Rural,2014,3,0,2,1,0,0,3,1
83186623,2014-05-07,Quarta,20:15:00,RN,101,94.3,NATAL,Não guardar distância de segurança,Colisão lateral,Sem Vítimas,Plena noite,Decrescente,Ceu Claro,Dupla,Reta,Urbano,2014,2,0,0,0,2,0,0,2
83186650,2014-05-07,Quarta,07:50:00,RN,101,85.4,NATAL,Outras,Colisão lateral,Sem Vítimas,Pleno dia,Crescente,Nublado,Múltipla,Reta,Urbano,2014,2,0,0,0,2,0,0,2
83186654,2014-05-07,Quarta,12:10:00,RN,406,25.0,GUAMARE,Falta de atenção,Colisão Transversal,Com Vítimas Feridas,Pleno dia,Crescente,Sol,Simples,Reta,Rural,2014,3,0,1,0,2,0,1,2
83186663,2014-05-07,Quarta,17:55:00,RN,406,95.3,JOAO CAMARA,Animais na Pista,Atropelamento de animal,Sem Vítimas,Plena noite,Crescente,Ceu Claro,Simples,Reta,Rural,2014,1,0,0,0,1,0,0,1
83186739,2014-04-30,Quarta,17:00:00,RN,304,32.5,MOSSORO,Defeito mecânico em veículo,Colisão traseira,Com Vítimas Feridas,Anoitecer,Decrescente,Chuva,Dupla,Reta,Urbano,2014,4,0,2,1,1,0,3,2
83186756,2014-05-08,Quinta,06:40:00,RN,110,49.2,MOSSORO,Falta de atenção,Colisão traseira,Com Vítimas Feridas,Pleno dia,Decrescente,Sol,Dupla,Reta,Urbano,2014,4,0,2,1,1,0,3,2
83186789,2014-05-01,Quinta,05:30:00,RN,110,49.7,MOSSORO,Ingestão de álcool,Saída de Pista,Com Vítimas Feridas,Amanhecer,Crescente,Ceu Claro,Dupla,Reta,Urbano,2014,1,0,1,0,0,0,1,1
83186875,2014-04-12,Sábado,11:40:00,RN,101,114.5,SAO JOSE DE MIPIBU,Defeito mecânico em veículo,Capotamento,Sem Vítimas,Pleno dia,Crescente,Ceu Claro,Dupla,Reta,Rural,2014,1,0,0,0,1,0,0,1
83186902,2014-05-04,Domingo,06:30:00,RN,101,118.0,SAO JOSE DE MIPIBU,Velocidade incompatível,Colisão traseira,Sem Vítimas,Pleno dia,Decrescente,Sol,Dupla,Reta,Rural,2014,2,0,0,0,2,0,0,2
83186910,2014-04-28,Segunda,09:30:00,RN,226,3.2,NATAL,Falta de atenção,Colisão traseira,Sem Vítimas,Pleno dia,Crescente,Ceu Claro,Simples,Reta,Urbano,2014,2,0,0,0,2,0,0,2
83187094,2014-05-08,Quinta,10:00:00,RN,226,69.0,SERRA CAIADA,Falta de atenção,Colisão traseira,Sem Vítimas,Pleno dia,Decrescente,Ceu Claro,Simples,Reta,Urbano,2014,2,0,0,0,2,0,0,2
83187124,2014-05-06,Terça,17:30:00,RN,101,84.0,SAO GONCALO DO AMARANTE,Falta de atenção,Colisão traseira,Com Vítimas Feridas,Anoitecer,Crescente,Ceu Claro,Dupla,Reta,Urbano,2014,2,0,1,0,1,0,1,2
83187126,2014-05-08,Quinta,12:10:00,RN,101,97.0,NATAL,Não guardar distância de segurança,Colisão traseira,Sem Vítimas,Pleno dia,Crescente,Sol,Dupla,Cruzamento,Urbano,2014,2,0,0,0,2,0,0,2
83187128,2014-05-08,Quinta,12:15:00,RN,101,83.5,SAO GONCALO DO AMARANTE,Não guardar distância de segurança,Colisão traseira,Sem Vítimas,Pleno dia,Crescente,Ceu Claro,Dupla,Reta,Urbano,2014,3,0,0,0,3,0,0,3
83187130,2014-04-26,Sábado,19:45:00,RN,406,169.0,SAO GONCALO DO AMARANTE,Outras,Colisão lateral,Com Vítimas Feridas,Plena noite,Decrescente,Ceu Claro,Simples,Reta,Urbano,2014,2,0,1,0,0,1,1,2
83187133,2014-05-08,Quinta,18:20:00,RN,304,34.6,MOSSORO,Falta de atenção,Colisão lateral,Com Vítimas Fatais,Plena noite,Crescente,Ceu Claro,Dupla,Reta,Urbano,2014,3,1,0,0,0,2,0,2
83187225,2014-05-09,Sexta,07:55:00,RN,427,13.6,ACARI,Desobediência à sinalização,Colisão Transversal,Sem Vítimas,Pleno dia,Decrescente,Ceu Claro,Simples,Curva,Urbano,2014,2,0,0,0,2,0,0,2
83187430,2014-05-09,Sexta,15:40:00,RN,110,14.9,MOSSORO,Dormindo,Saída de Pista,Sem Vítimas,Pleno dia,Decrescente,Ceu Claro,Simples,Reta,Rural,2014,1,0,0,0,1,0,0,1
83187440,2014-05-09,Sexta,16:45:00,RN,101,96.7,NATAL,Falta de atenção,Colisão Transversal,Com Vítimas Feridas,Pleno dia,Decrescente,Ceu Claro,Dupla,Curva,Urbano,2014,2,0,1,0,1,0,1,2
83187449,2014-05-09,Sexta,09:23:00,RN,304,119.7,ITAJA,Falta de atenção,Colisão traseira,Sem Vítimas,Pleno dia,Crescente,Ceu Claro,Simples,Reta,Rural,2014,2,0,0,0,2,0,0,2
83187450,2014-05-06,Terça,13:20:00,RN,101,107.0,PARNAMIRIM,Outras,Colisão lateral,Sem Vítimas,Pleno dia,Decrescente,Sol,Dupla,Reta,Urbano,2014,2,0,0,0,2,0,0,2
83187464,2014-05-09,Sexta,07:30:00,RN,101,99.6,NATAL,Falta de atenção,Colisão Transversal,Sem Vítimas,Pleno dia,Crescente,Nublado,Dupla,Reta,Urbano,2014,2,0,0,0,2,0,0,2
83187475,2014-05-06,Terça,20:00:00,RN,101,107.0,PARNAMIRIM,Outras,Colisão lateral,Sem Vítimas,Plena noite,Decrescente,Ceu Claro,Dupla,Cruzamento,Urbano,2014,2,0,0,0,2,0,0,2
83187601,2014-05-09,Sexta,18:00:00,RN,101,102.5,PARNAMIRIM,Não guardar distância de segurança,Colisão traseira,Sem Vítimas,Anoitecer,Crescente,Ignorada,Dupla,Reta,Urbano,2014,3,0,0,0,3,0,0,3
83187896,2014-05-10,Sábado,07:25:00,RN,101,83.0,NATAL,Não guardar distância de segurança,Colisão traseira,Sem Vítimas,Pleno dia,Decrescente,Ceu Claro,Dupla,Reta,Urbano,2014,2,0,0,0,2,0,0,2
83187939,2014-05-10,Sábado,18:30:00,RN,101,99.0,NATAL,Ingestão de álcool,Atropelamento de pessoa,Com Vítimas Feridas,Plena noite,Crescente,Nublado,Múltipla,Reta,Urbano,2014,3,0,2,1,0,0,3,1
83187945,2014-05-10,Sábado,10:10:00,RN,101,125.0,SAO JOSE DE MIPIBU,Outras,Atropelamento de pessoa,Com Vítimas Feridas,Pleno dia,Crescente,Nublado,Simples,Reta,Urbano,2014,2,0,1,0,1,0,1,1
83187955,2014-05-10,Sábado,17:05:00,RN,101,176.0,CANGUARETAMA,Defeito mecânico em veículo,Saída de Pista,Com Vítimas Feridas,Anoitecer,Decrescente,Ceu Claro,Dupla,Reta,Rural,2014,5,0,3,0,2,0,3,1
83187961,2014-05-10,Sábado,14:55:00,RN,101,99.8,NATAL,Outras,Colisão lateral,Sem Vítimas,Pleno dia,Crescente,Sol,Dupla,Reta,Urbano,2014,2,0,0,0,2,0,0,2
83188085,2014-05-10,Sábado,12:30:00,RN,110,82.1,UPANEMA,Não guardar distância de segurança,Colisão traseira,Sem Vítimas,Pleno dia,Decrescente,Ceu Claro,Simples,Reta,Rural,2014,2,0,0,0,2,0,0,2
83188115,2014-05-07,Quarta,16:30:00,RN,101,99.5,NATAL,Falta de atenção,Colisão lateral,Com Vítimas Feridas,Anoitecer,Crescente,Ceu Claro,Dupla,Reta,Urbano,2014,2,0,1,0,1,0,1,2
83188120,2014-05-08,Quinta,06:00:00,RN,226,1.0,NATAL,Falta de atenção,Tombamento,Com Vítimas Feridas,Pleno dia,Crescente,Ceu Claro,Dupla,Reta,Urbano,2014,3,0,1,1,1,0,2,2
83188180,2014-05-11,Domingo,07:15:00,RN,110,46.2,MOSSORO,Falta de atenção,Queda de motocicleta / bicicleta / veículo,Com Vítimas Feridas,Pleno dia,Crescente,Nublado,Simples,Reta,Urbano,2014,2,0,2,0,0,0,2,1
83188402,2014-05-11,Domingo,17:30:00,RN,304,295.7,MACAIBA,Não guardar distância de segurança,Colisão traseira,Sem Vítimas,Plena noite,Crescente,Ceu Claro,Simples,Reta,Rural,2014,3,0,0,0,3,0,0,3
83188406,2014-05-11,Domingo,17:15:00,RN,304,295.5,MACAIBA,Falta de atenção,Colisão traseira,Com Vítimas Feridas,Anoitecer,Crescente,Ceu Claro,Simples,Reta,Rural,2014,3,0,1,0,2,0,1,2
83188444,2014-05-11,Domingo,14:30:00,RN,304,118.7,ITAJA,Ingestão de álcool,Colisão Transversal,Sem Vítimas,Pleno dia,Crescente,Nublado,Simples,Reta,Rural,2014,7,0,0,0,6,1,0,2
83188462,2014-05-11,Domingo,15:30:00,RN,304,73.1,MOSSORO,Outras,Colisão Transversal,Sem Vítimas,Pleno dia,Decrescente,Sol,Simples,Reta,Rural,2014,2,0,0,0,2,0,0,2
83188484,2014-05-11,Domingo,18:00:00,RN,304,39.0,MOSSORO,Outras,Queda de motocicleta / bicicleta / veículo,Ignorado,Plena noite,Crescente,Chuva,Dupla,Reta,Urbano,2014,1,0,0,0,0,1,0,1
83188558,2014-05-08,Quinta,21:00:00,RN,304,295.0,MACAIBA,Não guardar distância de segurança,Colisão traseira,Sem Vítimas,Plena noite,Crescente,Ceu Claro,Dupla,Reta,Rural,2014,2,0,0,0,2,0,0,2
83188667,2014-04-22,Terça,06:40:00,RN,101,84.2,SAO GONCALO DO AMARANTE,Falta de atenção,Colisão lateral,Sem Vítimas,Pleno dia,Crescente,Sol,Dupla,Reta,Urbano,2014,2,0,0,0,2,0,0,2
83188691,2014-05-12,Segunda,09:00:00,RN,406,152.0,CEARA-MIRIM,Falta de atenção,Colisão Transversal,Com Vítimas Feridas,Pleno dia,Decrescente,Sol,Simples,Curva,Urbano,2014,2,0,1,0,1,0,1,2
83188779,2014-05-06,Terça,09:00:00,RN,101,98.7,NATAL,Falta de atenção,Colisão traseira,Sem Vítimas,Pleno dia,Decrescente,Ceu Claro,Múltipla,Reta,Urbano,2014,2,0,0,0,2,0,0,2
83188788,2014-05-12,Segunda,14:30:00,RN,101,94.2,NATAL,Não guardar distância de segurança,Colisão traseira,Sem Vítimas,Pleno dia,Decrescente,Nublado,Múltipla,Reta,Urbano,2014,2,0,0,0,2,0,0,2
83188793,2014-05-12,Segunda,15:30:00,RN,406,161.0,CEARA-MIRIM,Animais na Pista,Colisão lateral,Sem Vítimas,Pleno dia,Decrescente,Nublado,Simples,Reta,Rural,2014,2,0,0,0,2,0,0,2
83188808,2014-05-03,Sábado,04:30:00,RN,405,150.8,PAU DOS FERROS,Falta de atenção,Colisão Transversal,Com Vítimas Feridas,Plena noite,Crescente,Ignorada,Simples,Cruzamento,Urbano,2014,2,0,0,1,1,0,1,2
83188830,2014-05-12,Segunda,09:20:00,RN,101,107.3,PARNAMIRIM,Desobediência à sinalização,Colisão Transversal,Com Vítimas Feridas,Pleno dia,Decrescente,Ceu Claro,Dupla,Cruzamento,Urbano,2014,2,0,1,0,1,0,1,2
83188865,2014-05-12,Segunda,08:50:00,RN,101,96.4,NATAL,Falta de atenção,Colisão lateral,Com Vítimas Feridas,Pleno dia,Crescente,Ceu Claro,Múltipla,Curva,Urbano,2014,2,0,1,0,1,0,1,2
83188931,2014-05-12,Segunda,13:00:00,RN,101,77.7,NATAL,Não guardar distância de segurança,Colisão lateral,Com Vítimas Feridas,Pleno dia,Decrescente,Sol,Dupla,Reta,Urbano,2014,3,0,1,1,1,0,2,2
83188960,2014-05-12,Segunda,12:30:00,RN,101,106.4,PARNAMIRIM,Não guardar distância de segurança,Colisão traseira,Sem Vítimas,Pleno dia,Crescente,Sol,Dupla,Reta,Urbano,2014,4,0,0,0,4,0,0,3
83188982,2014-05-12,Segunda,13:00:00,RN,101,107.7,PARNAMIRIM,Falta de atenção,Colisão lateral,Sem Vítimas,Pleno dia,Crescente,Ceu Claro,Simples,Cruzamento,Urbano,2014,2,0,0,0,2,0,0,2
83189016,2014-05-12,Segunda,21:30:00,RN,406,149.1,CEARA-MIRIM,Falta de atenção,Colisão traseira,Com Vítimas Feridas,Plena noite,Crescente,Vento,Simples,Reta,Urbano,2014,3,0,2,0,1,0,2,2
83189069,2014-05-12,Segunda,10:00:00,RN,304,299.9,MACAIBA,Não guardar distância de segurança,Colisão traseira,Sem Vítimas,Pleno dia,Crescente,Sol,Dupla,Reta,Urbano,2014,2,0,0,0,2,0,0,2
83189107,2014-05-09,Sexta,20:02:00,RN,226,49.0,BOM JESUS,Não guardar distância de segurança,Colisão traseira,Sem Vítimas,Plena noite,Crescente,Ceu Claro,Simples,Reta,Rural,2014,2,0,0,0,1,1,0,2
83189234,2014-05-10,Sábado,10:00:00,RN,304,160.3,FERNANDO PEDROZA,Não guardar distância de segurança,Colisão traseira,Sem Vítimas,Pleno dia,Decrescente,Ceu Claro,Simples,Reta,Urbano,2014,2,0,0,0,2,0,0,2
83189259,2014-05-10,Sábado,19:00:00,RN,101,116.5,SAO JOSE DE MIPIBU,Outras,Colisão com objeto fixo,Com Vítimas Feridas,Plena noite,Decrescente,Ceu Claro,Dupla,Curva,Rural,2014,2,0,1,1,0,0,2,1
83189294,2014-05-13,Terça,13:00:00,RN,101,84.5,SAO GONCALO DO AMARANTE,Defeito mecânico em veículo,Colisão traseira,Sem Vítimas,Pleno dia,Crescente,Chuva,Dupla,Reta,Urbano,2014,2,0,0,0,2,0,0,2
83189322,2014-05-09,Sexta,14:40:00,RN,304,297.7,MACAIBA,Não guardar distância de segurança,Colisão traseira,Com Vítimas Feridas,Pleno dia,Crescente,Ceu Claro,Dupla,Cruzamento,Urbano,2014,2,0,1,0,1,0,1,2
83189323,2014-05-06,Terça,13:00:00,RN,101,95.0,NATAL,Falta de atenção,Colisão traseira,Sem Vítimas,Pleno dia,Crescente,Nublado,Dupla,Reta,Urbano,2014,3,0,0,0,3,0,0,3
83189385,2014-05-13,Terça,12:30:00,RN,101,101.0,PARNAMIRIM,Outras,Colisão lateral,Sem Vítimas,Pleno dia,Decrescente,Chuva,Múltipla,Reta,Urbano,2014,2,0,0,0,2,0,0,2
83189435,2014-05-13,Terça,12:00:00,RN,101,100.8,PARNAMIRIM,Outras,Colisão com objeto fixo,Com Vítimas Feridas,Pleno dia,Decrescente,Chuva,Dupla,Reta,Urbano,2014,2,0,0,1,1,0,1,1
83189441,2014-05-13,Terça,18:35:00,RN,304,35.0,MOSSORO,Não guardar distância de segurança,Colisão traseira,Sem Vítimas,Plena noite,Decrescente,Chuva,Dupla,Reta,Urbano,2014,2,0,0,0,2,0,0,2
83189473,2014-05-13,Terça,12:15:00,RN,101,100.8,PARNAMIRIM,Outras,Saída de Pista,Sem Vítimas,Pleno dia,Decrescente,Nublado,Dupla,Reta,Urbano,2014,1,0,0,0,1,0,0,1
83189562,2014-05-13,Terça,21:20:00,RN,110,47.0,MOSSORO,Não guardar distância de segurança,Colisão traseira,Com Vítimas Feridas,Plena noite,Crescente,Chuva,Simples,Reta,Urbano,2014,2,0,1,0,1,0,1,2
83189697,2014-05-10,Sábado,11:40:00,RN,226,12.7,MACAIBA,Outras,Colisão Transversal,Com Vítimas Feridas,Pleno dia,Crescente,Sol,Simples,Reta,Urbano,2014,2,0,2,0,0,0,2,2
83189721,2014-05-13,Terça,17:55:00,RN,304,49.5,MOSSORO,Falta de atenção,Atropelamento de pessoa,Com Vítimas Feridas,Anoitecer,Decrescente,Chuva,Simples,Reta,Rural,2014,2,0,1,1,0,0,2,1
83189733,2014-03-18,Terça,15:32:00,RN,101,95.0,NATAL,Falta de atenção,Colisão traseira,Sem Vítimas,Pleno dia,Crescente,Ceu Claro,Dupla,Cruzamento,Urbano,2014,2,0,0,0,2,0,0,2
83189745,2014-05-06,Terça,18:30:00,RN,304,303.0,MACAIBA,Falta de atenção,Colisão traseira,Sem Vítimas,Plena noite,Decrescente,Ceu Claro,Dupla,Reta,Rural,2014,2,0,0,0,2,0,0,2
83189773,2014-05-14,Quarta,13:20:00,RN,304,41.8,MOSSORO,Defeito mecânico em veículo,Saída de Pista,Sem Vítimas,Pleno dia,Decrescente,Chuva,Dupla,Reta,Urbano,2014,1,0,0,0,1,0,0,1
83189833,2014-05-10,Sábado,10:00:00,RN,101,96.0,NATAL,Falta de atenção,Colisão lateral,Sem Vítimas,Pleno dia,Crescente,Sol,Múltipla,Reta,Urbano,2014,2,0,0,0,2,0,0,2
83189845,2014-05-14,Quarta,17:00:00,RN,304,46.0,MOSSORO,Defeito na via,Saída de Pista,Sem Vítimas,Anoitecer,Decrescente,Chuva,Dupla,Reta,Urbano,2014,1,0,0,0,1,0,0,1
83189875,2014-05-10,Sábado,11:40:00,RN,101,104.0,PARNAMIRIM,Falta de atenção,Colisão traseira,Sem Vítimas,Pleno dia,Crescente,Nublado,Múltipla,Reta,Urbano,2014,2,0,0,0,2,0,0,2
83189878,2014-05-14,Quarta,13:55:00,RN,226,46.7,BOM JESUS,Ultrapassagem indevida,Colisão traseira,Sem Vítimas,Pleno dia,Decrescente,Nevoeiro/neblina,Simples,Curva,Rural,2014,2,0,0,0,1,1,0,2
83189903,2014-05-14,Quarta,12:42:00,RN,101,99.9,NATAL,Ingestão de álcool,Colisão traseira,Com Vítimas Feridas,Pleno dia,Crescente,Nublado,Múltipla,Reta,Urbano,2014,2,0,1,0,1,0,1,2
83189949,2014-05-14,Quarta,16:52:00,RN,101,85.8,SAO GONCALO DO AMARANTE,Outras,Colisão traseira,Sem Vítimas,Pleno dia,Crescente,Chuva,Dupla,Reta,Urbano,2014,2,0,0,0,2,0,0,2
83189978,2014-05-14,Quarta,06:15:00,RN,405,160.8,RAFAEL FERNANDES,Não guardar distância de segurança,Colisão Transversal,Com Vítimas Feridas,Amanhecer,Crescente,Ceu Claro,Simples,Curva,Urbano,2014,2,0,1,1,0,0,2,2
83190016,2014-05-14,Quarta,14:20:00,RN,405,77.7,APODI,Desobediência à sinalização,Colisão frontal,Sem Vítimas,Pleno dia,Crescente,Nublado,Simples,Reta,Urbano,2014,3,0,0,0,2,1,0,2
83190059,2014-05-14,Quarta,23:20:00,RN,101,95.3,NATAL,Velocidade incompatível,Colisão com objeto fixo,Sem Vítimas,Plena noite,Decrescente,Ceu Claro,Múltipla,Cruzamento,Urbano,2014,1,0,0,0,1,0,0,1
83190086,2014-05-15,Quinta,02:18:00,RN,101,85.2,SAO GONCALO DO AMARANTE,Outras,Colisão frontal,Com Vítimas Feridas,Plena noite,Crescente,Chuva,Dupla,Reta,Urbano,2014,2,0,0,1,1,0,1,2
83190180,2014-05-11,Domingo,21:15:00,RN,226,84.0,TANGARA,Defeito mecânico em veículo,Colisão frontal,Com Vítimas Feridas,Plena noite,Crescente,Ceu Claro,Simples,Reta,Urbano,2014,4,0,2,0,2,0,2,3
83190261,2014-05-15,Quinta,07:02:00,RN,101,139.7,ARES,Dormindo,Colisão com objeto fixo,Sem Vítimas,Pleno dia,Decrescente,Nublado,Dupla,Reta,Urbano,2014,1,0,0,0,1,0,0,1
83190281,2014-05-10,Sábado,09:51:00,RN,101,146.0,GOIANINHA,Velocidade incompatível,Colisão lateral,Sem Vítimas,Pleno dia,Decrescente,Nublado,Dupla,Reta,Urbano,2014,2,0,0,0,2,0,0,2
83190286,2014-05-10,Sábado,20:30:00,RN,304,152.8,ANGICOS,Dormindo,Colisão frontal,Com Vítimas Feridas,Plena noite,Crescente,Ceu Claro,Simples,Reta,Rural,2014,3,0,0,1,2,0,1,3
83190316,2014-05-12,Segunda,05:00:00,RN,101,106.0,PARNAMIRIM,Defeito mecânico em veículo,Colisão traseira,Sem Vítimas,Amanhecer,Decrescente,Ceu Claro,Dupla,Cruzamento,Urbano,2014,2,0,0,0,2,0,0,2
83190347,2014-05-15,Quinta,12:20:00,RN,226,89.2,TANGARA,Outras,Saída de Pista,Sem Vítimas,Pleno dia,Decrescente,Chuva,Simples,Curva,Rural,2014,1,0,0,0,1,0,0,1
83190386,2014-05-04,Domingo,03:30:00,RN,406,91.7,JOAO CAMARA,Outras,Capotamento,Com Vítimas Feridas,Plena noite,Decrescente,Ignorada,Simples,Reta,Rural,2014,1,0,0,1,0,0,1,1
83190388,2014-05-11,Domingo,22:15:00,RN,304,296.9,MACAIBA,Ingestão de álcool,Colisão traseira,Sem Vítimas,Plena noite,Crescente,Ceu Claro,Simples,Reta,Urbano,2014,3,0,0,0,3,0,0,3
83190417,2014-05-15,Quinta,18:00:00,RN,427,66.0,JARDIM DO SERIDO,Velocidade incompatível,Tombamento,Com Vítimas Feridas,Anoitecer,Decrescente,Ceu Claro,Simples,Curva,Rural,2014,1,0,1,0,0,0,1,1
83190462,2014-05-15,Quinta,12:25:00,RN,101,103.4,PARNAMIRIM,Falta de atenção,Colisão traseira,Sem Vítimas,Pleno dia,Decrescente,Nublado,Dupla,Reta,Urbano,2014,2,0,0,0,2,0,0,2
83190469,2014-05-15,Quinta,17:10:00,RN,101,95.6,NATAL,Não guardar distância de segurança,Colisão lateral,Sem Vítimas,Pleno dia,Crescente,Ceu Claro,Dupla,Cruzamento,Urbano,2014,2,0,0,0,2,0,0,2
83190481,2014-05-15,Quinta,19:00:00,RN,101,94.4,NATAL,Não guardar distância de segurança,Colisão traseira,Sem Vítimas,Plena noite,Crescente,Ceu Claro,Dupla,Reta,Urbano,2014,2,0,0,0,2,0,0,2
83190523,2014-05-15,Quinta,09:00:00,RN,304,105.3,ASSU,Falta de atenção,Atropelamento de pessoa,Com Vítimas Fatais,Pleno dia,Decrescente,Sol,Simples,Reta,Rural,2014,4,1,0,0,3,0,0,1
83190645,2014-03-21,Sexta,07:15:00,RN,101,77.0,NATAL,Ultrapassagem indevida,Colisão frontal,Com Vítimas Feridas,Pleno dia,Decrescente,Sol,Múltipla,Reta,Urbano,2014,2,0,0,1,1,0,1,2
83190650,2014-05-16,Sexta,08:00:00,RN,304,295.5,MACAIBA,Não guardar distância de segurança,Colisão traseira,Sem Vítimas,Pleno dia,Crescente,Chuva,Simples,Reta,Urbano,2014,3,0,0,0,3,0,0,3
83190734,2014-05-16,Sexta,11:20:00,RN,405,76.8,APODI,Outras,Colisão Transversal,Sem Vítimas,Pleno dia,Crescente,Sol,Dupla,Reta,Urbano,2014,2,0,0,0,2,0,0,2
83190749,2014-05-16,Sexta,14:00:00,RN,304,15.1,MOSSORO,Defeito mecânico em veículo,Capotamento,Sem Vítimas,Pleno dia,Decrescente,Nublado,Simples,Reta,Rural,2014,1,0,0,0,1,0,0,1
83190866,2014-05-16,Sexta,17:30:00,RN,304,295.3,MACAIBA,Não guardar distância de segurança,Colisão traseira,Com Vítimas Feridas,Anoitecer,Decrescente,Nublado,Simples,Reta,Rural,2014,4,0,0,1,3,0,1,3
83190879,2014-05-16,Sexta,08:15:00,RN,405,151.0,PAU DOS FERROS,Falta de atenção,Colisão traseira,Sem Vítimas,Pleno dia,Crescente,Ceu Claro,Dupla,Reta,Urbano,2014,2,0,0,0,2,0,0,2
83190893,2014-05-16,Sexta,15:30:00,RN,101,94.0,NATAL,Desobediência à sinalização,Colisão lateral,Sem Vítimas,Plena noite,Decrescente,Ceu Claro,Simples,Reta,Urbano,2014,2,0,0,0,2,0,0,2
83190930,2014-05-15,Quinta,18:00:00,RN,304,48.0,MOSSORO,Defeito na via,Queda de motocicleta / bicicleta / veículo,Com Vítimas Feridas,Anoitecer,Decrescente,Nublado,Simples,Reta,Urbano,2014,1,0,1,0,0,0,1,1
83190978,2014-05-16,Sexta,21:50:00,RN,304,47.7,MOSSORO,Outras,Queda de motocicleta / bicicleta / veículo,Com Vítimas Feridas,Plena noite,Crescente,Chuva,Dupla,Reta,Urbano,2014,1,0,1,0,0,0,1,1
83191026,2014-05-16,Sexta,21:00:00,RN,304,295.4,MACAIBA,Outras,Colisão Transversal,Com Vítimas Feridas,Plena noite,Decrescente,Chuva,Simples,Reta,Urbano,2014,3,0,0,1,2,0,1,3
83191060,2014-05-16,Sexta,18:30:00,RN,101,126.0,SAO JOSE DE MIPIBU,Ingestão de álcool,Colisão traseira,Sem Vítimas,Plena noite,Crescente,Ceu Claro,Dupla,Reta,Rural,2014,2,0,0,0,2,0,0,2
83191107,2014-05-17,Sábado,07:55:00,RN,101,85.8,SAO GONCALO DO AMARANTE,Não guardar distância de segurança,Colisão traseira,Sem Vítimas,Pleno dia,Crescente,Ceu Claro,Dupla,Reta,Urbano,2014,3,0,0,0,2,1,0,3
83191115,2014-05-09,Sexta,17:30:00,RN,101,100.8,PARNAMIRIM,Velocidade incompatível,Colisão traseira,Sem Vítimas,Anoitecer,Crescente,Nublado,Dupla,Reta,Urbano,2014,3,0,0,0,3,0,0,3
83191125,2014-05-13,Terça,08:45:00,RN,226,4.8,NATAL,Desobediência à sinalização,Colisão Transversal,Com Vítimas Feridas,Pleno dia,Crescente,Chuva,Simples,Reta,Urbano,2014,3,0,1,1,1,0,2,2