id,data_inversa,dia_semana,horario,uf,br,km,municipio,causa_acidente,tipo_acidente,classificacao_acidente,fase_dia,sentido_via,condicao_metereologica,tipo_pista,tracado_via,uso_solo,ano,pessoas,mortos,feridos_leves,feridos_graves,ilesos,ignorados,feridos,veiculos
83191158,2014-05-13,Terça,21:40:00,RN,101,108.3,PARNAMIRIM,Ingestão de álcool,Capotamento,Com Vítimas Feridas,Plena noite,Crescente,Chuva,Múltipla,Reta,Urbano,2014,1,0,1,0,0,0,1,1
83191195,2014-05-17,Sábado,11:30:00,RN,101,82.6,NATAL,Falta de atenção,Colisão lateral,Sem Vítimas,Pleno dia,Decrescente,Ceu Claro,Dupla,Reta,Urbano,2014,2,0,0,0,2,0,0,2
83191203,2014-05-17,Sábado,11:10:00,RN,406,171.0,SAO GONCALO DO AMARANTE,Falta de atenção,Colisão traseira,Sem Vítimas,Pleno dia,Crescente,Ceu Claro,Simples,Reta,Urbano,2014,2,0,0,0,2,0,0,2
83191275,2014-05-17,Sábado,10:25:00,RN,101,95.4,NATAL,Desobediência à sinalização,Colisão Transversal,Sem Vítimas,Pleno dia,Crescente,Ceu Claro,Múltipla,Reta,Urbano,2014,2,0,0,0,2,0,0,2
83191365,2014-05-17,Sábado,18:20:00,RN,101,108.7,PARNAMIRIM,Ingestão de álcool,Colisão traseira,Sem Vítimas,Plena noite,Crescente,Ceu Claro,Dupla,Reta,Urbano,2014,2,0,0,0,2,0,0,2
83191367,2014-05-17,Sábado,08:30:00,RN,226,2.0,NATAL,Falta de atenção,Colisão lateral,Sem Vítimas,Pleno dia,Decrescente,Ceu Claro,Dupla,Cruzamento,Urbano,2014,2,0,0,0,2,0,0,2
83191436,2014-04-19,Sábado,16:50:00,RN,304,273.9,SAO PEDRO,Outras,Tombamento,Com Vítimas Feridas,Pleno dia,Decrescente,Ceu Claro,Simples,Reta,Rural,2014,1,0,1,0,0,0,1,1
83191445,2014-05-13,Terça,19:50:00,RN,226,0.6,NATAL,Outras,Colisão lateral,Sem Vítimas,Plena noite,Decrescente,Chuva,Dupla,Reta,Urbano,2014,2,0,0,0,1,1,0,2
83191633,2014-05-14,Quarta,10:45:00,RN,101,97.2,NATAL,Não guardar distância de segurança,Colisão traseira,Com Vítimas Feridas,Pleno dia,Decrescente,Ceu Claro,Dupla,Reta,Urbano,2014,2,0,1,0,1,0,1,2
83191667,2014-05-18,Domingo,14:30:00,RN,406,168.0,SAO GONCALO DO AMARANTE,Falta de atenção,Colisão Transversal,Com Vítimas Feridas,Pleno dia,Crescente,Nublado,Simples,Reta,Urbano,2014,3,0,1,0,2,0,1,2
83191672,2014-05-13,Terça,18:35:00,RN,101,82.9,NATAL,Falta de atenção,Colisão traseira,Com Vítimas Feridas,Plena noite,Decrescente,Chuva,Dupla,Reta,Urbano,2014,2,0,2,0,0,0,2,2
83191681,2014-05-18,Domingo,14:40:00,RN,101,97.7,NATAL,Outras,Colisão com objeto móvel,Sem Vítimas,Pleno dia,Crescente,Ceu Claro,Dupla,Reta,Urbano,2014,1,0,0,0,1,0,0,1
83191894,2014-05-18,Domingo,18:30:00,RN,304,31.5,MOSSORO,Outras,Atropelamento de pessoa,Com Vítimas Feridas,Plena noite,Decrescente,Ceu Claro,Simples,Reta,Urbano,2014,6,0,2,0,3,1,2,4
83192000,2014-05-16,Sexta,00:01:00,RN,101,97.8,NATAL,Ultrapassagem indevida,Colisão Transversal,Sem Vítimas,Anoitecer,Crescente,Nublado,Dupla,Cruzamento,Urbano,2014,2,0,0,0,1,1,0,2
83192045,2014-05-16,Sexta,03:30:00,RN,101,96.5,NATAL,Outras,Capotamento,Sem Vítimas,Plena noite,Crescente,Chuva,Dupla,Curva,Urbano,2014,1,0,0,0,1,0,0,1
83192063,2014-05-19,Segunda,06:32:00,RN,101,106.4,PARNAMIRIM,Não guardar distância de segurança,Colisão traseira,Sem Vítimas,Pleno dia,Decrescente,Ceu Claro,Dupla,Reta,Urbano,2014,3,0,0,0,2,1,0,3
83192114,2014-05-16,Sexta,01:00:00,RN,101,95.3,NATAL,Ingestão de álcool,Colisão com objeto fixo,Com Vítimas Feridas,Plena noite,Decrescente,Chuva,Dupla,Reta,Urbano,2014,1,0,1,0,0,0,1,1
83192129,2014-05-15,Quinta,13:30:00,RN,304,208.0,LAJES,Outras,Colisão lateral,Sem Vítimas,Pleno dia,Crescente,Ceu Claro,Simples,Reta,Rural,2014,2,0,0,0,2,0,0,2
83192131,2014-05-15,Quinta,16:00:00,RN,405,2.0,MOSSORO,Falta de atenção,Colisão Transversal,Com Vítimas Feridas,Pleno dia,Crescente,Chuva,Dupla,Reta,Urbano,2014,3,0,3,0,0,0,3,2
83192206,2014-05-19,Segunda,16:35:00,RN,101,83.2,SAO GONCALO DO AMARANTE,Falta de atenção,Colisão traseira,Sem Vítimas,Pleno dia,Crescente,Sol,Dupla,Reta,Urbano,2014,2,0,0,0,2,0,0,2
83192227,2014-05-19,Segunda,16:40:00,RN,101,83.2,SAO GONCALO DO AMARANTE,Não guardar distância de segurança,Colisão traseira,Sem Vítimas,Pleno dia,Crescente,Sol,Dupla,Reta,Urbano,2014,2,0,0,0,2,0,0,2
83192288,2014-05-18,Domingo,20:10:00,RN,304,247.0,RIACHUELO,Outras,Colisão frontal,Com Vítimas Fatais,Plena noite,Decrescente,Ceu Claro,Simples,Reta,Rural,2014,5,1,3,1,0,0,4,2
83192296,2014-05-19,Segunda,16:50:00,RN,304,307.2,PARNAMIRIM,Não guardar distância de segurança,Colisão traseira,Sem Vítimas,Anoitecer,Decrescente,Ceu Claro,Dupla,Cruzamento,Urbano,2014,2,0,0,0,2,0,0,2
83192302,2014-05-19,Segunda,15:20:00,RN,101,94.0,NATAL,Outras,Colisão traseira,Com Vítimas Feridas,Pleno dia,Decrescente,Ceu Claro,Múltipla,Curva,Urbano,2014,2,0,1,0,1,0,1,2
83192319,2014-05-19,Segunda,20:15:00,RN,101,98.0,NATAL,Falta de atenção,Colisão Transversal,Sem Vítimas,Plena noite,Decrescente,Ceu Claro,Dupla,Reta,Urbano,2014,2,0,0,0,2,0,0,2
83192351,2014-05-19,Segunda,07:15:00,RN,406,169.0,SAO GONCALO DO AMARANTE,Falta de atenção,Colisão traseira,Sem Vítimas,Pleno dia,Crescente,Sol,Simples,Reta,Urbano,2014,2,0,0,0,2,0,0,2
83192362,2014-05-19,Segunda,17:01:00,RN,304,307.3,PARNAMIRIM,Falta de atenção,Atropelamento de pessoa,Com Vítimas Feridas,Pleno dia,Decrescente,Ceu Claro,Dupla,Cruzamento,Urbano,2014,2,0,0,1,1,0,1,1
83192454,2014-05-17,Sábado,22:10:00,RN,226,176.0,CURRAIS NOVOS,Outras,Colisão Transversal,Com Vítimas Feridas,Plena noite,Decrescente,Ceu Claro,Dupla,Reta,Urbano,2014,3,0,1,0,2,0,1,2
83192481,2014-05-16,Sexta,22:30:00,RN,405,15.8,MOSSORO,Animais na Pista,Atropelamento de animal,Sem Vítimas,Plena noite,Decrescente,Ceu Claro,Simples,Reta,Rural,2014,1,0,0,0,1,0,0,1
83192549,2014-05-19,Segunda,07:40:00,RN,101,84.9,SAO GONCALO DO AMARANTE,Outras,Colisão lateral,Sem Vítimas,Pleno dia,Crescente,Ceu Claro,Dupla,Reta,Urbano,2014,2,0,0,0,2,0,0,2
83192605,2014-05-20,Terça,12:15:00,RN,101,107.0,PARNAMIRIM,Falta de atenção,Colisão lateral,Com Vítimas Feridas,Pleno dia,Crescente,Sol,Dupla,Reta,Urbano,2014,2,0,1,0,1,0,1,2
83192611,2014-05-16,Sexta,19:20:00,RN,226,49.0,BOM JESUS,Não guardar distância de segurança,Colisão traseira,Sem Vítimas,Plena noite,Crescente,Nublado,Simples,Reta,Rural,2014,2,0,0,0,2,0,0,2
83192629,2014-05-20,Terça,12:40:00,RN,101,76.0,NATAL,Desobediência à sinalização,Colisão Transversal,Sem Vítimas,Pleno dia,Decrescente,Sol,Dupla,Curva,Rural,2014,2,0,0,0,2,0,0,2
83192638,2014-05-20,Terça,10:45:00,RN,405,1.2,MOSSORO,Outras,Colisão Transversal,Com Vítimas Feridas,Pleno dia,Crescente,Ceu Claro,Dupla,Reta,Urbano,2014,2,0,1,0,1,0,1,2
83192725,2014-05-20,Terça,18:05:00,RN,101,84.0,SAO GONCALO DO AMARANTE,Não guardar distância de segurança,Colisão lateral,Com Vítimas Feridas,Anoitecer,Crescente,Vento,Dupla,Reta,Urbano,2014,3,0,1,0,1,1,1,3
83192776,2014-05-20,Terça,17:30:00,RN,101,96.6,NATAL,Falta de atenção,Colisão traseira,Sem Vítimas,Anoitecer,Decrescente,Vento,Dupla,Curva,Urbano,2014,2,0,0,0,2,0,0,2
83192777,2014-05-20,Terça,16:05:00,RN,101,101.8,PARNAMIRIM,Falta de atenção,Colisão traseira,Sem Vítimas,Pleno dia,Decrescente,Ceu Claro,Múltipla,Cruzamento,Urbano,2014,2,0,0,0,2,0,0,2
83192838,2014-05-20,Terça,22:50:00,RN,101,149.5,GOIANINHA,Defeito mecânico em veículo,Tombamento,Sem Vítimas,Plena noite,Decrescente,Ceu Claro,Dupla,Reta,Urbano,2014,2,0,0,0,2,0,0,2
83192910,2014-05-17,Sábado,12:45:00,RN,101,95.8,NATAL,Falta de atenção,Colisão lateral,Sem Vítimas,Pleno dia,Crescente,Ceu Claro,Múltipla,Reta,Urbano,2014,2,0,0,0,2,0,0,2
83192916,2014-05-20,Terça,21:30:00,RN,101,97.0,NATAL,Não guardar distância de segurança,Colisão traseira,Sem Vítimas,Plena noite,Crescente,Ceu Claro,Simples,Reta,Urbano,2014,2,0,0,0,2,0,0,2
83193117,2014-05-21,Quarta,13:27:00,RN,406,92.5,JOAO CAMARA,Outras,Saída de Pista,Com Vítimas Feridas,Pleno dia,Crescente,Ceu Claro,Simples,Reta,Rural,2014,1,0,1,0,0,0,1,1
83193168,2014-05-21,Quarta,16:55:00,RN,110,49.4,MOSSORO,Falta de atenção,Colisão traseira,Com Vítimas Feridas,Pleno dia,Decrescente,Nublado,Múltipla,Reta,Urbano,2014,2,0,0,1,1,0,1,2
83193247,2014-05-21,Quarta,18:50:00,RN,101,108.5,PARNAMIRIM,Desobediência à sinalização,Colisão Transversal,Com Vítimas Feridas,Plena noite,Crescente,Ceu Claro,Dupla,Reta,Urbano,2014,2,0,2,0,0,0,2,2
83193407,2014-05-22,Quinta,06:50:00,RN,101,105.9,PARNAMIRIM,Outras,Colisão traseira,Com Vítimas Feridas,Pleno dia,Decrescente,Nublado,Dupla,Reta,Urbano,2014,2,0,1,0,0,1,1,2
83193484,2014-05-22,Quinta,08:40:00,RN,101,96.0,NATAL,Não guardar distância de segurança,Colisão traseira,Sem Vítimas,Pleno dia,Decrescente,Ceu Claro,Dupla,Reta,Urbano,2014,2,0,0,0,2,0,0,2
83193717,2014-05-22,Quinta,14:30:00,RN,101,83.0,SAO GONCALO DO AMARANTE,Outras,Colisão Transversal,Sem Vítimas,Pleno dia,Crescente,Ceu Claro,Dupla,Reta,Urbano,2014,2,0,0,0,2,0,0,2
83193720,2014-05-22,Quinta,08:30:00,RN,101,84.0,NATAL,Falta de atenção,Colisão lateral,Sem Vítimas,Pleno dia,Crescente,Ceu Claro,Simples,Cruzamento,Urbano,2014,2,0,0,0,2,0,0,2
83193824,2014-05-22,Quinta,21:55:00,RN,226,1.3,NATAL,Não guardar distância de segurança,Colisão traseira,Sem Vítimas,Plena noite,Decrescente,Chuva,Dupla,Reta,Urbano,2014,2,0,0,0,2,0,0,2
83193845,2014-05-22,Quinta,18:35:00,RN,101,99.0,NATAL,Outras,Colisão lateral,Sem Vítimas,Plena noite,Crescente,Ceu Claro,Dupla,Reta,Urbano,2014,2,0,0,0,2,0,0,2
83193890,2014-05-19,Segunda,14:00:00,RN,304,46.8,MOSSORO,Falta de atenção,Colisão traseira,Com Vítimas Feridas,Pleno dia,Decrescente,Ceu Claro,Simples,Cruzamento,Urbano,2014,2,0,1,0,1,0,1,2
83193898,2014-05-19,Segunda,21:40:00,RN,101,104.4,PARNAMIRIM,Defeito mecânico em veículo,Queda de motocicleta / bicicleta / veículo,Com Vítimas Feridas,Plena noite,Crescente,Ceu Claro,Dupla,Curva,Urbano,2014,2,0,1,1,0,0,2,1
83193954,2014-03-25,Terça,16:10:00,RN,101,106.7,PARNAMIRIM,Não guardar distância de segurança,Colisão lateral,Sem Vítimas,Pleno dia,Decrescente,Sol,Dupla,Cruzamento,Urbano,2014,2,0,0,0,2,0,0,2
83193965,2014-05-23,Sexta,07:55:00,RN,101,85.0,SAO GONCALO DO AMARANTE,Falta de atenção,Colisão lateral,Sem Vítimas,Pleno dia,Crescente,Sol,Múltipla,Reta,Urbano,2014,2,0,0,0,2,0,0,2
83194030,2014-05-23,Sexta,13:35:00,RN,405,2.0,MOSSORO,Falta de atenção,Colisão Transversal,Sem Vítimas,Pleno dia,Decrescente,Ceu Claro,Dupla,Cruzamento,Urbano,2014,2,0,0,0,2,0,0,2
83194087,2014-05-19,Segunda,17:50:00,RN,226,64.7,SENADOR ELOI DE SOUZA,Ultrapassagem indevida,Colisão frontal,Sem Vítimas,Plena noite,Crescente,Ceu Claro,Simples,Reta,Rural,2014,2,0,0,0,2,0,0,2
83194114,2014-05-20,Terça,19:40:00,RN,304,33.0,MOSSORO,Falta de atenção,Atropelamento de pessoa,Com Vítimas Feridas,Plena noite,Decrescente,Ceu Claro,Dupla,Reta,Urbano,2014,3,0,3,0,0,0,3,1
83194115,2014-05-23,Sexta,16:40:00,RN,304,294.8,MACAIBA,Falta de atenção,Colisão traseira,Sem Vítimas,Anoitecer,Crescente,Ceu Claro,Simples,Reta,Urbano,2014,2,0,0,0,2,0,0,2
83194159,2014-05-23,Sexta,13:20:00,RN,427,116.3,CAICO,Falta de atenção,Colisão lateral,Sem Vítimas,Pleno dia,Decrescente,Ceu Claro,Simples,Reta,Rural,2014,2,0,0,0,2,0,0,2
83194166,2014-05-23,Sexta,15:00:00,RN,101,124.2,SAO JOSE DE MIPIBU,Desobediência à sinalização,Colisão frontal,Sem Vítimas,Pleno dia,Crescente,Ceu Claro,Dupla,Cruzamento,Urbano,2014,2,0,0,0,2,0,0,2
83194184,2014-05-23,Sexta,12:30:00,RN,101,109.0,PARNAMIRIM,Falta de atenção,Colisão lateral,Sem Vítimas,Pleno dia,Crescente,Ceu Claro,Dupla,Reta,Urbano,2014,2,0,0,0,2,0,0,2
83194308,2014-05-23,Sexta,22:30:00,RN,101,94.0,NATAL,Não guardar distância de segurança,Colisão traseira,Sem Vítimas,Plena noite,Decrescente,Ceu Claro,Simples,Curva,Urbano,2014,2,0,0,0,2,0,0,2
83194333,2014-05-23,Sexta,21:40:00,RN,101,79.1,SAO GONCALO DO AMARANTE,Falta de atenção,Colisão com bicicleta,Com Vítimas Fatais,Plena noite,Crescente,Ceu Claro,Dupla,Reta,Rural,2014,2,1,0,0,1,0,0,2
83194483,2014-05-23,Sexta,16:40:00,RN,101,107.5,PARNAMIRIM,Não guardar distância de segurança,Colisão traseira,Sem Vítimas,Pleno dia,Decrescente,Ceu Claro,Dupla,Reta,Urbano,2014,2,0,0,0,2,0,0,2
83194707,2014-05-24,Sábado,13:20:00,RN,226,5.0,NATAL,Falta de atenção,Colisão frontal,Com Vítimas Feridas,Pleno dia,Decrescente,Ceu Claro,Simples,Curva,Urbano,2014,3,0,2,0,1,0,2,2
83194812,2014-05-24,Sábado,19:00:00,RN,101,161.6,CANGUARETAMA,Desobediência à sinalização,Colisão frontal,Com Vítimas Feridas,Plena noite,Crescente,Ceu Claro,Múltipla,Reta,Urbano,2014,2,0,1,0,1,0,1,2
83194940,2014-05-25,Domingo,09:10:00,RN,304,45.0,MOSSORO,Falta de atenção,Saída de Pista,Sem Vítimas,Pleno dia,Decrescente,Sol,Dupla,Reta,Urbano,2014,1,0,0,0,1,0,0,1
83195022,2014-05-25,Domingo,10:10:00,RN,101,95.0,NATAL,Falta de atenção,Colisão lateral,Sem Vítimas,Pleno dia,Crescente,Ceu Claro,Dupla,Reta,Urbano,2014,2,0,0,0,2,0,0,2
83195161,2014-05-25,Domingo,18:56:00,RN,101,83.2,SAO GONCALO DO AMARANTE,Não guardar distância de segurança,Colisão traseira,Com Vítimas Feridas,Plena noite,Crescente,Ceu Claro,Dupla,Reta,Urbano,2014,2,0,1,0,1,0,1,2
83195164,2014-05-25,Domingo,13:00:00,RN,101,106.2,PARNAMIRIM,Não guardar distância de segurança,Colisão lateral,Sem Vítimas,Pleno dia,Decrescente,Ceu Claro,Dupla,Cruzamento,Urbano,2014,3,0,0,0,3,0,0,3
83195175,2014-05-25,Domingo,13:45:00,RN,101,99.0,PARNAMIRIM,Ingestão de álcool,Colisão Transversal,Com Vítimas Feridas,Pleno dia,Decrescente,Ceu Claro,Múltipla,Cruzamento,Urbano,2014,2,0,1,0,1,0,1,2
83195224,2014-05-25,Domingo,21:15:00,RN,101,125.3,SAO JOSE DE MIPIBU,Ingestão de álcool,Atropelamento de pessoa,Com Vítimas Feridas,Plena noite,Crescente,Ceu Claro,Simples,Curva,Urbano,2014,2,0,0,1,0,1,1,1
83195288,2014-05-25,Domingo,23:06:00,RN,406,164.0,SAO GONCALO DO AMARANTE,Desobediência à sinalização,Colisão frontal,Sem Vítimas,Plena noite,Crescente,Ceu Claro,Simples,Reta,Rural,2014,2,0,0,0,1,1,0,2
83195296,2014-05-13,Terça,19:00:00,RN,406,149.7,CEARA-MIRIM,Não guardar distância de segurança,Colisão traseira,Com Vítimas Feridas,Plena noite,Crescente,Chuva,Simples,Reta,Urbano,2014,2,0,1,0,0,1,1,2
83195376,2014-05-22,Quinta,13:20:00,RN,101,116.0,SAO JOSE DE MIPIBU,Falta de atenção,Colisão lateral,Sem Vítimas,Pleno dia,Crescente,Nublado,Dupla,Reta,Rural,2014,2,0,0,0,2,0,0,2
83195377,2014-05-26,Segunda,07:20:00,RN,304,43.0,MOSSORO,Falta de atenção,Colisão lateral,Sem Vítimas,Amanhecer,Decrescente,Sol,Simples,Curva,Urbano,2014,2,0,0,0,2,0,0,2
83195388,2014-05-26,Segunda,06:55:00,RN,101,117.0,SAO JOSE DE MIPIBU,Falta de atenção,Colisão Transversal,Com Vítimas Feridas,Pleno dia,Crescente,Ceu Claro,Dupla,Reta,Rural,2014,2,0,0,1,0,1,1,2
83195490,2014-05-26,Segunda,09:30:00,RN,101,94.3,NATAL,Não guardar distância de segurança,Colisão traseira,Com Vítimas Feridas,Pleno dia,Decrescente,Sol,Múltipla,Reta,Urbano,2014,2,0,1,0,1,0,1,2
83195513,2014-05-26,Segunda,07:50:00,RN,101,94.0,NATAL,Desobediência à sinalização,Colisão lateral,Sem Vítimas,Pleno dia,Decrescente,Ceu Claro,Dupla,Cruzamento,Urbano,2014,2,0,0,0,2,0,0,2
83195537,2014-05-23,Sexta,20:30:00,RN,406,44.0,GUAMARE,Outras,Colisão lateral,Sem Vítimas,Plena noite,Crescente,Ceu Claro,Simples,Reta,Urbano,2014,3,0,0,0,1,2,0,3
83195559,2014-05-23,Sexta,09:40:00,RN,304,89.7,ASSU,Outras,Capotamento,Com Vítimas Fatais,Pleno dia,Crescente,Ceu Claro,Simples,Reta,Rural,2014,4,1,2,1,0,0,3,1
83195617,2014-05-26,Segunda,16:00:00,RN,101,101.0,PARNAMIRIM,Não guardar distância de segurança,Colisão traseira,Sem Vítimas,Pleno dia,Decrescente,Ceu Claro,Dupla,Reta,Urbano,2014,2,0,0,0,2,0,0,2
83195907,2014-05-23,Sexta,16:45:00,RN,101,10.1,TOUROS,Outras,Capotamento,Sem Vítimas,Pleno dia,Crescente,Sol,Simples,Reta,Rural,2014,1,0,0,0,1,0,0,1
83195931,2014-05-27,Terça,06:45:00,RN,101,109.0,PARNAMIRIM,Defeito mecânico em veículo,Tombamento,Com Vítimas Feridas,Pleno dia,Decrescente,Ceu Claro,Dupla,Reta,Urbano,2014,2,0,0,2,0,0,2,1
83195940,2014-05-23,Sexta,13:30:00,RN,101,99.9,NATAL,Desobediência à sinalização,Colisão Transversal,Sem Vítimas,Pleno dia,Crescente,Sol,Dupla,Cruzamento,Urbano,2014,2,0,0,0,2,0,0,2
83195944,2014-05-27,Terça,07:00:00,RN,101,109.0,PARNAMIRIM,Falta de atenção,Colisão traseira,Sem Vítimas,Pleno dia,Decrescente,Ceu Claro,Dupla,Reta,Urbano,2014,2,0,0,0,2,0,0,2
83195988,2014-05-27,Terça,13:38:00,RN,110,48.0,MOSSORO,Outras,Atropelamento de pessoa,Com Vítimas Feridas,Pleno dia,Crescente,Ceu Claro,Simples,Reta,Urbano,2014,2,0,1,0,1,0,1,1
83196146,2014-05-19,Segunda,07:30:00,RN,101,84.6,SAO GONCALO DO AMARANTE,Falta de atenção,Colisão lateral,Sem Vítimas,Pleno dia,Crescente,Sol,Dupla,Reta,Urbano,2014,2,0,0,0,2,0,0,2
83196149,2014-05-19,Segunda,14:40:00,RN,406,165.8,SAO GONCALO DO AMARANTE,Não guardar distância de segurança,Colisão traseira,Sem Vítimas,Pleno dia,Crescente,Sol,Simples,Reta,Urbano,2014,2,0,0,0,2,0,0,2
83196194,2014-05-26,Segunda,12:05:00,RN,304,167.5,ANGICOS,Desobediência à sinalização,Colisão traseira,Com Vítimas Feridas,Pleno dia,Crescente,Ceu Claro,Simples,Reta,Rural,2014,2,0,1,0,1,0,1,2
83196212,2014-04-26,Sábado,12:50:00,RN,101,120.6,SAO JOSE DE MIPIBU,Não guardar distância de segurança,Colisão traseira,Com Vítimas Feridas,Pleno dia,Decrescente,Ceu Claro,Dupla,Reta,Rural,2014,2,0,1,0,1,0,1,2
83196257,2014-05-28,Quarta,10:00:00,RN,226,128.4,CAMPO REDONDO,Outras,Colisão Transversal,Com Vítimas Feridas,Pleno dia,Crescente,Nublado,Simples,Reta,Rural,2014,2,0,1,0,1,0,1,2
83196295,2014-05-23,Sexta,13:30:00,RN,226,1.0,NATAL,Falta de atenção,Colisão traseira,Sem Vítimas,Pleno dia,Decrescente,Ceu Claro,Simples,Reta,Urbano,2014,3,0,0,0,3,0,0,3
83196299,2014-05-28,Quarta,07:50:00,RN,101,106.0,PARNAMIRIM,Falta de atenção,Colisão lateral,Com Vítimas Feridas,Pleno dia,Decrescente,Ceu Claro,Dupla,Reta,Urbano,2014,2,0,1,0,1,0,1,2
83196407,2014-05-28,Quarta,17:00:00,RN,101,79.9,NATAL,Outras,Atropelamento de pessoa,Com Vítimas Feridas,Pleno dia,Decrescente,Nublado,Dupla,Reta,Urbano,2014,2,0,0,1,1,0,1,1
83196437,2014-05-28,Quarta,16:10:00,RN,226,166.9,CURRAIS NOVOS,Outras,Saída de Pista,Sem Vítimas,Anoitecer,Crescente,Chuva,Simples,Reta,Rural,2014,1,0,0,0,1,0,0,1
83196451,2014-05-28,Quarta,09:25:00,RN,405,28.0,MOSSORO,Falta de atenção,Colisão traseira,Com Vítimas Fatais,Pleno dia,Decrescente,Ceu Claro,Simples,Reta,Rural,2014,6,4,0,0,1,1,0,3
83196507,2014-05-25,Domingo,17:35:00,RN,226,102.4,SANTA CRUZ,Ultrapassagem indevida,Colisão frontal,Com Vítimas Feridas,Anoitecer,Decrescente,Nublado,Simples,Reta,Rural,2014,3,0,1,1,1,0,2,2
83196572,2014-05-29,Quinta,09:55:00,RN,405,3.3,MOSSORO,Desobediência à sinalização,Colisão Transversal,Com Vítimas Feridas,Pleno dia,Decrescente,Ceu Claro,Simples,Reta,Urbano,2014,2,0,1,0,1,0,1,2
83196597,2014-05-29,Quinta,09:30:00,RN,101,101.0,PARNAMIRIM,Não guardar distância de segurança,Colisão traseira,Sem Vítimas,Pleno dia,Crescente,Nublado,Dupla,Reta,Urbano,2014,2,0,0,0,2,0,0,2
83196666,2014-05-25,Domingo,20:20:00,RN,101,96.5,NATAL,Falta de atenção,Colisão lateral,Sem Vítimas,Plena noite,Crescente,Nublado,Dupla,Reta,Urbano,2014,2,0,0,0,2,0,0,2
83196698,2014-05-21,Quarta,09:30:00,RN,101,95.9,NATAL,Outras,Colisão Transversal,Sem Vítimas,Pleno dia,Crescente,Nublado,Múltipla,Reta,Urbano,2014,2,0,0,0,2,0,0,2
83196776,2014-05-29,Quinta,11:10:00,RN,226,175.3,CURRAIS NOVOS,Falta de atenção,Colisão Transversal,Com Vítimas Feridas,Pleno dia,Crescente,Ceu Claro,Dupla,Reta,Urbano,2014,2,0,1,0,1,0,1,2
83196794,2014-05-25,Domingo,16:30:00,RN,304,135.0,ANGICOS,Outras,Colisão frontal,Com Vítimas Fatais,Pleno dia,Decrescente,Ceu Claro,Simples,Reta,Rural,2014,2,1,0,0,1,0,0,2
83196872,2014-05-29,Quinta,13:10:00,RN,101,129.0,SAO JOSE DE MIPIBU,Ingestão de álcool,Colisão Transversal,Com Vítimas Feridas,Pleno dia,Decrescente,Ceu Claro,Dupla,Reta,Rural,2014,2,0,1,0,1,0,1,2
83196905,2014-05-25,Domingo,12:00:00,RN,101,95.4,NATAL,Falta de atenção,Colisão traseira,Sem Vítimas,Pleno dia,Decrescente,Ceu Claro,Múltipla,Cruzamento,Urbano,2014,2,0,0,0,2,0,0,2
83197097,2014-05-30,Sexta,10:45:00,RN,101,103.5,PARNAMIRIM,Outras,Colisão traseira,Sem Vítimas,Pleno dia,Crescente,Ceu Claro,Dupla,Reta,Urbano,2014,2,0,0,0,1,1,0,2
83197158,2014-05-30,Sexta,08:40:00,RN,101,101.2,PARNAMIRIM,Outras,Queda de motocicleta / bicicleta / veículo,Com Vítimas Feridas,Pleno dia,Decrescente,Ceu Claro,Dupla,Reta,Urbano,2014,1,0,1,0,0,0,1,1
83197162,2014-05-30,Sexta,11:39:00,RN,101,106.0,PARNAMIRIM,Outras,Colisão lateral,Sem Vítimas,Pleno dia,Crescente,Ceu Claro,Dupla,Reta,Urbano,2014,2,0,0,0,2,0,0,2
83197203,2014-05-30,Sexta,11:30:00,RN,304,108.6,ASSU,Falta de atenção,Colisão Transversal,Com Vítimas Feridas,Pleno dia,Decrescente,Ceu Claro,Simples,Reta,Urbano,2014,2,0,0,1,1,0,1,2
83197236,2014-05-22,Quinta,08:30:00,RN,304,200.0,LAJES,Falta de atenção,Saída de Pista,Com Vítimas Feridas,Pleno dia,Decrescente,Ceu Claro,Simples,Reta,Rural,2014,1,0,1,0,0,0,1,1
83197344,2014-05-30,Sexta,17:00:00,RN,101,99.8,NATAL,Falta de atenção,Colisão traseira,Sem Vítimas,Pleno dia,Crescente,Ceu Claro,Dupla,Reta,Urbano,2014,2,0,0,0,2,0,0,2
83197390,2014-05-30,Sexta,14:45:00,RN,110,5.0,AREIA BRANCA,Não guardar distância de segurança,Colisão traseira,Com Vítimas Feridas,Pleno dia,Crescente,Ceu Claro,Simples,Reta,Rural,2014,3,0,2,0,1,0,2,2
83197393,2014-05-30,Sexta,19:00:00,RN,101,106.0,PARNAMIRIM,Falta de atenção,Colisão traseira,Sem Vítimas,Plena noite,Crescente,Ceu Claro,Dupla,Reta,Urbano,2014,4,0,0,0,4,0,0,4
83197404,2014-05-30,Sexta,08:30:00,RN,101,81.7,NATAL,Desobediência à sinalização,Colisão traseira,Com Vítimas Feridas,Amanhecer,Crescente,Ceu Claro,Dupla,Reta,Urbano,2014,3,0,1,1,1,0,2,2