id,data_inversa,dia_semana,horario,uf,br,km,municipio,causa_acidente,tipo_acidente,classificacao_acidente,fase_dia,sentido_via,condicao_metereologica,tipo_pista,tracado_via,uso_solo,ano,pessoas,mortos,feridos_leves,feridos_graves,ilesos,ignorados,feridos,veiculos
83202873,2014-06-10,Terça,13:40:00,RN,101,94.0,NATAL,Não guardar distância de segurança,Colisão traseira,Sem Vítimas,Pleno dia,Decrescente,Ceu Claro,Múltipla,Reta,Urbano,2014,3,0,0,0,3,0,0,3
83202961,2014-06-06,Sexta,11:00:00,RN,101,170.8,SAO GONCALO DO AMARANTE,Falta de atenção,Colisão Transversal,Com Vítimas Feridas,Pleno dia,Crescente,Ceu Claro,Simples,Reta,Rural,2014,2,0,0,1,1,0,1,2
83202965,2014-06-10,Terça,07:15:00,RN,110,47.8,MOSSORO,Falta de atenção,Colisão traseira,Sem Vítimas,Plena noite,Decrescente,Ceu Claro,Simples,Reta,Urbano,2014,3,0,0,0,3,0,0,3
83202975,2014-06-10,Terça,19:25:00,RN,101,84.2,SAO GONCALO DO AMARANTE,Desobediência à sinalização,Atropelamento de pessoa,Com Vítimas Feridas,Plena noite,Crescente,Ceu Claro,Dupla,Reta,Urbano,2014,2,0,1,1,0,0,2,1
83202985,2014-06-10,Terça,18:35:00,RN,101,104.0,PARNAMIRIM,Outras,Saída de Pista,Sem Vítimas,Plena noite,Crescente,Ceu Claro,Simples,Curva,Urbano,2014,1,0,0,0,1,0,0,1
83203004,2014-06-10,Terça,14:40:00,RN,101,125.5,SAO JOSE DE MIPIBU,Desobediência à sinalização,Colisão Transversal,Sem Vítimas,Pleno dia,Crescente,Sol,Múltipla,Cruzamento,Urbano,2014,2,0,0,0,2,0,0,2
83203006,2014-06-08,Domingo,23:15:00,RN,101,82.0,NATAL,Defeito mecânico em veículo,Colisão frontal,Sem Vítimas,Plena noite,Decrescente,Ceu Claro,Simples,Reta,Urbano,2014,2,0,0,0,2,0,0,2
83203091,2014-06-10,Terça,20:50:00,RN,101,161.9,CANGUARETAMA,Dormindo,Colisão traseira,Com Vítimas Feridas,Plena noite,Crescente,Ceu Claro,Múltipla,Reta,Urbano,2014,2,0,1,0,1,0,1,2
83203204,2014-06-10,Terça,12:25:00,RN,101,144.7,NATAL,Falta de atenção,Colisão traseira,Sem Vítimas,Pleno dia,Crescente,Sol,Simples,Reta,Urbano,2014,2,0,0,0,2,0,0,2
83203244,2014-06-10,Terça,06:50:00,RN,101,96.7,NATAL,Falta de atenção,Colisão lateral,Com Vítimas Feridas,Pleno dia,Crescente,Sol,Simples,Reta,Urbano,2014,2,0,1,0,0,1,1,2
83203328,2014-06-07,Sábado,21:55:00,RN,405,0.7,MOSSORO,Não guardar distância de segurança,Colisão traseira,Com Vítimas Feridas,Plena noite,Decrescente,Ceu Claro,Dupla,Reta,Urbano,2014,3,0,0,2,0,1,2,2
83203376,2014-06-11,Quarta,14:20:00,RN,226,175.4,CURRAIS NOVOS,Falta de atenção,Colisão traseira,Sem Vítimas,Pleno dia,Crescente,Ceu Claro,Dupla,Cruzamento,Urbano,2014,2,0,0,0,2,0,0,2
83203441,2014-05-28,Quarta,08:40:00,RN,304,113.8,ASSU,Falta de atenção,Colisão Transversal,Sem Vítimas,Pleno dia,Crescente,Ceu Claro,Simples,Reta,Rural,2014,2,0,0,0,2,0,0,2
83203473,2014-06-11,Quarta,11:00:00,RN,304,220.2,CAICARA DO RIO DO VENTO,Outras,Capotamento,Com Vítimas Feridas,Pleno dia,Decrescente,Sol,Simples,Reta,Rural,2014,5,0,3,1,0,1,4,2
83203493,2014-06-09,Segunda,14:40:00,RN,101,101.0,PARNAMIRIM,Não guardar distância de segurança,Colisão traseira,Sem Vítimas,Pleno dia,Crescente,Ceu Claro,Múltipla,Curva,Urbano,2014,3,0,0,0,3,0,0,3
83203521,2014-06-11,Quarta,18:00:00,RN,110,75.4,GOVERNADOR DIX-SEPT ROSADO,Animais na Pista,Atropelamento de animal,Sem Vítimas,Plena noite,Crescente,Ceu Claro,Simples,Reta,Rural,2014,1,0,0,0,1,0,0,1
83203549,2014-06-11,Quarta,11:50:00,RN,101,97.0,NATAL,Falta de atenção,Colisão traseira,Sem Vítimas,Pleno dia,Decrescente,Ceu Claro,Dupla,Reta,Urbano,2014,2,0,0,0,2,0,0,2
83203798,2014-06-11,Quarta,16:30:00,RN,101,108.0,PARNAMIRIM,Falta de atenção,Colisão traseira,Sem Vítimas,Pleno dia,Crescente,Nublado,Dupla,Curva,Urbano,2014,2,0,0,0,2,0,0,2
83203839,2014-06-10,Terça,16:00:00,RN,101,106.0,PARNAMIRIM,Falta de atenção,Colisão lateral,Sem Vítimas,Pleno dia,Crescente,Ceu Claro,Múltipla,Reta,Urbano,2014,2,0,0,0,2,0,0,2
83203981,2014-06-11,Quarta,16:50:00,RN,101,96.5,NATAL,Falta de atenção,Capotamento,Sem Vítimas,Pleno dia,Decrescente,Ceu Claro,Simples,Curva,Urbano,2014,1,0,0,0,1,0,0,1
83204103,2014-06-12,Quinta,22:50:00,RN,304,119.3,ITAJA,Ingestão de álcool,Atropelamento de pessoa,Com Vítimas Feridas,Plena noite,Crescente,Ceu Claro,Simples,Reta,Rural,2014,2,0,0,1,1,0,1,1
83204118,2014-06-12,Quinta,22:30:00,RN,304,52.3,MOSSORO,Animais na Pista,Atropelamento de animal,Sem Vítimas,Plena noite,Crescente,Ceu Claro,Simples,Reta,Rural,2014,1,0,0,0,1,0,0,1
83204179,2014-06-11,Quarta,09:10:00,RN,101,99.5,NATAL,Falta de atenção,Colisão traseira,Sem Vítimas,Pleno dia,Crescente,Ceu Claro,Múltipla,Reta,Urbano,2014,4,0,0,0,4,0,0,4
83204238,2014-06-10,Terça,11:00:00,RN,304,165.9,ANGICOS,Outras,Saída de Pista,Sem Vítimas,Pleno dia,Decrescente,Ceu Claro,Simples,Reta,Rural,2014,3,0,0,0,1,2,0,3
83204289,2014-06-13,Sexta,10:30:00,RN,226,94.3,TANGARA,Falta de atenção,Colisão traseira,Sem Vítimas,Pleno dia,Crescente,Nublado,Simples,Reta,Rural,2014,2,0,0,0,1,1,0,2
83204387,2014-06-13,Sexta,15:30:00,RN,110,49.8,MOSSORO,Falta de atenção,Colisão traseira,Com Vítimas Feridas,Pleno dia,Decrescente,Ceu Claro,Simples,Reta,Urbano,2014,2,0,0,1,1,0,1,2
83204392,2014-06-13,Sexta,09:20:00,RN,405,1.5,MOSSORO,Falta de atenção,Colisão lateral,Com Vítimas Fatais,Pleno dia,Crescente,Ceu Claro,Dupla,Reta,Urbano,2014,2,1,1,0,0,0,1,2
83204404,2014-06-01,Domingo,12:10:00,RN,101,83.0,NATAL,Outras,Colisão Transversal,Com Vítimas Feridas,Pleno dia,Decrescente,Ceu Claro,Dupla,Reta,Urbano,2014,2,0,1,0,1,0,1,2
83204438,2014-06-13,Sexta,11:05:00,RN,101,116.9,SAO JOSE DE MIPIBU,Defeito mecânico em veículo,Tombamento,Sem Vítimas,Pleno dia,Decrescente,Chuva,Dupla,Reta,Rural,2014,1,0,0,0,1,0,0,1
83204455,2014-06-13,Sexta,10:00:00,RN,405,3.2,MOSSORO,Outras,Colisão Transversal,Com Vítimas Feridas,Pleno dia,Crescente,Sol,Simples,Reta,Urbano,2014,3,0,1,0,2,0,1,2
83204497,2014-06-13,Sexta,13:30:00,RN,101,112.5,SAO JOSE DE MIPIBU,Outras,Capotamento,Com Vítimas Feridas,Pleno dia,Crescente,Chuva,Dupla,Reta,Rural,2014,1,0,1,0,0,0,1,1
83204508,2014-06-13,Sexta,14:20:00,RN,101,155.8,CANGUARETAMA,Outras,Saída de Pista,Sem Vítimas,Pleno dia,Crescente,Chuva,Dupla,Reta,Rural,2014,1,0,0,0,1,0,0,1
83204559,2014-06-13,Sexta,09:40:00,RN,101,112.5,SAO JOSE DE MIPIBU,Outras,Capotamento,Sem Vítimas,Pleno dia,Decrescente,Chuva,Dupla,Reta,Urbano,2014,1,0,0,0,1,0,0,1
83204645,2014-06-13,Sexta,18:40:00,RN,406,100.0,JOAO CAMARA,Outras,Colisão traseira,Sem Vítimas,Plena noite,Crescente,Chuva,Simples,Reta,Urbano,2014,2,0,0,0,1,1,0,2
83204890,2014-06-14,Sábado,07:00:00,RN,110,45.2,MOSSORO,Falta de atenção,Colisão lateral,Sem Vítimas,Pleno dia,Decrescente,Ceu Claro,Simples,Reta,Urbano,2014,2,0,0,0,2,0,0,2
83204953,2014-06-13,Sexta,12:30:00,RN,101,83.0,NATAL,Não guardar distância de segurança,Colisão traseira,Sem Vítimas,Pleno dia,Crescente,Chuva,Dupla,Reta,Urbano,2014,2,0,0,0,2,0,0,2
83204986,2014-06-14,Sábado,17:00:00,RN,101,108.5,PARNAMIRIM,Não guardar distância de segurança,Colisão traseira,Com Vítimas Feridas,Pleno dia,Crescente,Chuva,Dupla,Reta,Urbano,2014,4,0,2,0,1,1,2,2
83204993,2014-06-12,Quinta,15:30:00,RN,101,142.0,GOIANINHA,Falta de atenção,Colisão traseira,Sem Vítimas,Pleno dia,Crescente,Ceu Claro,Dupla,Reta,Rural,2014,2,0,0,0,2,0,0,2
83205033,2014-06-14,Sábado,17:30:00,RN,101,145.0,GOIANINHA,Outras,Queda de motocicleta / bicicleta / veículo,Com Vítimas Feridas,Anoitecer,Crescente,Chuva,Múltipla,Reta,Rural,2014,1,0,0,1,0,0,1,1
83205138,2014-06-06,Sexta,14:45:00,RN,101,107.3,PARNAMIRIM,Não guardar distância de segurança,Colisão lateral,Com Vítimas Feridas,Pleno dia,Decrescente,Ceu Claro,Dupla,Cruzamento,Urbano,2014,2,0,1,0,1,0,1,2
83205278,2014-06-14,Sábado,23:00:00,RN,406,44.0,GUAMARE,Ingestão de álcool,Colisão lateral,Com Vítimas Feridas,Plena noite,Crescente,Chuva,Simples,Reta,Rural,2014,3,0,0,2,1,0,2,2
83205358,2014-06-15,Domingo,10:40:00,RN,101,94.4,NATAL,Outras,Colisão com objeto fixo,Sem Vítimas,Pleno dia,Decrescente,Chuva,Dupla,Reta,Urbano,2014,1,0,0,0,1,0,0,1
83205460,2014-06-16,Segunda,00:05:00,RN,304,79.5,ASSU,Outras,Capotamento,Sem Vítimas,Plena noite,Decrescente,Ceu Claro,Simples,Reta,Rural,2014,1,0,0,0,1,0,0,1
83205524,2014-06-12,Quinta,11:30:00,RN,406,169.7,SAO GONCALO DO AMARANTE,Desobediência à sinalização,Colisão Transversal,Sem Vítimas,Pleno dia,Decrescente,Ceu Claro,Simples,Reta,Urbano,2014,2,0,0,0,2,0,0,2
83205556,2014-06-14,Sábado,18:33:00,RN,406,170.0,NATAL,Outras,Colisão lateral,Sem Vítimas,Plena noite,Crescente,Chuva,Simples,Reta,Urbano,2014,2,0,0,0,2,0,0,2
83205723,2014-06-16,Segunda,12:30:00,RN,405,5.0,MOSSORO,Falta de atenção,Colisão lateral,Com Vítimas Feridas,Pleno dia,Crescente,Ceu Claro,Simples,Reta,Urbano,2014,9,0,6,0,3,0,6,3
83205765,2014-06-16,Segunda,11:30:00,RN,110,45.3,MOSSORO,Falta de atenção,Colisão traseira,Sem Vítimas,Pleno dia,Decrescente,Nublado,Simples,Reta,Urbano,2014,2,0,0,0,2,0,0,2
83205826,2014-06-16,Segunda,19:10:00,RN,304,48.0,MOSSORO,Outras,Colisão com objeto móvel,Com Vítimas Feridas,Plena noite,Decrescente,Ceu Claro,Dupla,Reta,Urbano,2014,3,0,1,0,2,0,1,3
83205934,2014-06-16,Segunda,22:00:00,RN,304,34.3,MOSSORO,Outras,Colisão traseira,Com Vítimas Feridas,Plena noite,Decrescente,Nublado,Múltipla,Reta,Urbano,2014,2,0,0,1,1,0,1,2
83206108,2014-06-17,Terça,07:20:00,RN,406,120.8,POCO BRANCO,Outras,Colisão Transversal,Com Vítimas Feridas,Pleno dia,Crescente,Nublado,Simples,Reta,Urbano,2014,2,0,1,0,1,0,1,2
83206133,2014-04-24,Quinta,12:05:00,RN,101,101.9,PARNAMIRIM,Não guardar distância de segurança,Colisão traseira,Sem Vítimas,Pleno dia,Crescente,Ceu Claro,Dupla,Reta,Urbano,2014,2,0,0,0,2,0,0,2
83206233,2014-06-01,Domingo,18:05:00,RN,101,104.0,PARNAMIRIM,Outras,Colisão traseira,Sem Vítimas,Anoitecer,Crescente,Nublado,Dupla,Curva,Urbano,2014,2,0,0,0,2,0,0,2
83206240,2014-06-16,Segunda,13:10:00,RN,101,99.9,NATAL,Falta de atenção,Colisão lateral,Sem Vítimas,Pleno dia,Crescente,Ceu Claro,Dupla,Reta,Urbano,2014,2,0,0,0,2,0,0,2
83206252,2014-06-17,Terça,09:34:00,RN,101,99.8,NATAL,Falta de atenção,Colisão traseira,Sem Vítimas,Pleno dia,Decrescente,Ceu Claro,Dupla,Reta,Urbano,2014,2,0,0,0,2,0,0,2
83206273,2014-06-17,Terça,08:30:00,RN,101,105.0,PARNAMIRIM,Não guardar distância de segurança,Colisão lateral,Sem Vítimas,Pleno dia,Crescente,Ceu Claro,Dupla,Reta,Urbano,2014,2,0,0,0,2,0,0,2
83206384,2014-06-17,Terça,22:00:00,RN,101,84.2,SAO GONCALO DO AMARANTE,Falta de atenção,Colisão traseira,Sem Vítimas,Plena noite,Crescente,Ceu Claro,Dupla,Reta,Urbano,2014,2,0,0,0,2,0,0,2
83206409,2014-06-14,Sábado,06:45:00,RN,101,94.5,NATAL,Ingestão de álcool,Colisão com objeto fixo,Com Vítimas Feridas,Pleno dia,Decrescente,Chuva,Múltipla,Curva,Urbano,2014,1,0,0,1,0,0,1,1
83206437,2014-06-14,Sábado,20:45:00,RN,304,292.0,MACAIBA,Velocidade incompatível,Colisão com objeto fixo,Com Vítimas Feridas,Plena noite,Crescente,Chuva,Simples,Curva,Rural,2014,1,0,0,1,0,0,1,1
83206524,2014-06-18,Quarta,11:15:00,RN,110,48.3,MOSSORO,Defeito mecânico em veículo,Colisão traseira,Sem Vítimas,Pleno dia,Decrescente,Sol,Dupla,Cruzamento,Urbano,2014,2,0,0,0,2,0,0,2
83206655,2014-06-18,Quarta,17:15:00,RN,304,35.0,MOSSORO,Falta de atenção,Colisão traseira,Sem Vítimas,Pleno dia,Decrescente,Ceu Claro,Dupla,Cruzamento,Urbano,2014,2,0,0,0,2,0,0,2
83206719,2014-06-18,Quarta,19:10:00,RN,304,35.0,MOSSORO,Falta de atenção,Colisão traseira,Sem Vítimas,Plena noite,Decrescente,Ceu Claro,Múltipla,Curva,Urbano,2014,2,0,0,0,2,0,0,2
83206723,2014-06-18,Quarta,03:37:00,RN,304,147.5,ANGICOS,Outras,Atropelamento de pessoa,Com Vítimas Fatais,Plena noite,Crescente,Ceu Claro,Simples,Reta,Rural,2014,2,1,0,0,0,1,0,1
83206799,2014-06-18,Quarta,18:30:00,RN,101,30.8,RIO DO FOGO,Animais na Pista,Atropelamento de animal,Sem Vítimas,Plena noite,Decrescente,Chuva,Simples,Reta,Rural,2014,1,0,0,0,1,0,0,1
83206810,2014-06-16,Segunda,02:00:00,RN,405,108.2,ITAU,Outras,Atropelamento de animal,Com Vítimas Fatais,Plena noite,Decrescente,Ceu Claro,Simples,Reta,Rural,2014,2,1,0,0,0,1,0,1
83206816,2014-06-18,Quarta,20:10:00,RN,101,94.5,NATAL,Não guardar distância de segurança,Colisão traseira,Sem Vítimas,Plena noite,Crescente,Ceu Claro,Dupla,Reta,Urbano,2014,4,0,0,0,3,1,0,4
83206832,2014-06-10,Terça,17:45:00,RN,101,103.1,PARNAMIRIM,Falta de atenção,Colisão lateral,Sem Vítimas,Anoitecer,Decrescente,Ceu Claro,Simples,Reta,Urbano,2014,2,0,0,0,2,0,0,2
83206837,2014-06-14,Sábado,16:20:00,RN,226,48.4,BOM JESUS,Outras,Colisão Transversal,Com Vítimas Feridas,Pleno dia,Decrescente,Chuva,Simples,Reta,Urbano,2014,2,0,1,0,1,0,1,2
83207047,2014-06-19,Quinta,13:20:00,RN,101,94.8,NATAL,Falta de atenção,Queda de motocicleta / bicicleta / veículo,Com Vítimas Feridas,Pleno dia,Decrescente,Ceu Claro,Dupla,Reta,Urbano,2014,1,0,1,0,0,0,1,1
83207199,2014-06-16,Segunda,09:50:00,RN,304,295.9,MACAIBA,Falta de atenção,Colisão Transversal,Sem Vítimas,Pleno dia,Crescente,Sol,Simples,Cruzamento,Urbano,2014,3,0,0,0,3,0,0,2
83207218,2014-06-19,Quinta,18:25:00,RN,406,163.1,SERRINHA,Desobediência à sinalização,Colisão frontal,Com Vítimas Feridas,Anoitecer,Crescente,Nublado,Simples,Reta,Urbano,2014,2,0,0,1,1,0,1,2
83207252,2014-06-19,Quinta,22:30:00,RN,101,95.5,NATAL,Falta de atenção,Colisão lateral,Sem Vítimas,Plena noite,Decrescente,Ignorada,Múltipla,Reta,Urbano,2014,2,0,0,0,2,0,0,2
83207295,2014-06-16,Segunda,10:40:00,RN,101,94.1,NATAL,Falta de atenção,Colisão traseira,Sem Vítimas,Pleno dia,Decrescente,Ceu Claro,Simples,Curva,Urbano,2014,2,0,0,0,2,0,0,2
83207302,2014-06-20,Sexta,00:00:00,RN,427,134.0,SERRA NEGRA DO NORTE,Outras,Capotamento,Sem Vítimas,Plena noite,Decrescente,Ceu Claro,Simples,Reta,Rural,2014,1,0,0,0,1,0,0,1
83207379,2014-06-20,Sexta,09:15:00,RN,101,83.9,SAO GONCALO DO AMARANTE,Outras,Colisão lateral,Com Vítimas Feridas,Pleno dia,Crescente,Sol,Dupla,Reta,Urbano,2014,2,0,1,0,0,1,1,2
83207381,2014-06-16,Segunda,07:30:00,RN,101,137.0,ARES,Outras,Saída de Pista,Sem Vítimas,Pleno dia,Decrescente,Ceu Claro,Dupla,Reta,Rural,2014,2,0,0,0,1,1,0,2
83207402,2014-06-16,Segunda,08:30:00,RN,101,96.0,NATAL,Falta de atenção,Atropelamento de pessoa,Sem Vítimas,Pleno dia,Crescente,Ceu Claro,Dupla,Reta,Urbano,2014,3,0,0,0,3,0,0,2
83207423,2014-06-16,Segunda,10:00:00,RN,101,98.9,NATAL,Falta de atenção,Colisão lateral,Sem Vítimas,Pleno dia,Decrescente,Ceu Claro,Dupla,Reta,Urbano,2014,2,0,0,0,2,0,0,2
83207475,2014-06-20,Sexta,12:40:00,RN,101,83.8,NATAL,Não guardar distância de segurança,Colisão traseira,Sem Vítimas,Pleno dia,Decrescente,Sol,Dupla,Reta,Urbano,2014,2,0,0,0,2,0,0,2
83207482,2014-06-20,Sexta,13:15:00,RN,304,39.1,MOSSORO,Outras,Atropelamento de pessoa,Com Vítimas Feridas,Pleno dia,Decrescente,Nublado,Dupla,Reta,Urbano,2014,2,0,0,1,1,0,1,1
83207488,2014-06-20,Sexta,15:15:00,RN,304,35.0,MOSSORO,Falta de atenção,Colisão traseira,Sem Vítimas,Pleno dia,Crescente,Nublado,Simples,Curva,Urbano,2014,2,0,0,0,2,0,0,2
83207905,2014-06-21,Sábado,10:30:00,RN,101,83.3,SAO GONCALO DO AMARANTE,Falta de atenção,Colisão lateral,Sem Vítimas,Pleno dia,Crescente,Ceu Claro,Dupla,Reta,Urbano,2014,2,0,0,0,2,0,0,2
83207977,2014-06-13,Sexta,16:10:00,RN,101,85.0,SAO GONCALO DO AMARANTE,Não guardar distância de segurança,Colisão traseira,Sem Vítimas,Pleno dia,Crescente,Ceu Claro,Dupla,Reta,Urbano,2014,2,0,0,0,1,1,0,2
83208032,2014-06-19,Quinta,12:05:00,RN,101,94.0,NATAL,Não guardar distância de segurança,Colisão traseira,Sem Vítimas,Pleno dia,Crescente,Ceu Claro,Dupla,Reta,Urbano,2014,4,0,0,0,4,0,0,4
83208075,2014-06-21,Sábado,20:30:00,RN,304,278.3,IELMO MARINHO,Outras,Colisão traseira,Com Vítimas Feridas,Plena noite,Decrescente,Ceu Claro,Simples,Reta,Rural,2014,2,0,0,1,1,0,1,2
83208165,2014-06-20,Sexta,08:30:00,RN,101,102.0,PARNAMIRIM,Outras,Colisão traseira,Sem Vítimas,Pleno dia,Crescente,Ceu Claro,Dupla,Reta,Urbano,2014,2,0,0,0,2,0,0,2
83208167,2014-06-18,Quarta,18:35:00,RN,406,100.0,JOAO CAMARA,Outras,Colisão lateral,Com Vítimas Feridas,Plena noite,Crescente,Ceu Claro,Simples,Reta,Rural,2014,2,0,1,0,1,0,1,2
83208225,2014-06-22,Domingo,13:00:00,RN,226,113.1,SANTA CRUZ,Outras,Capotamento,Com Vítimas Feridas,Pleno dia,Decrescente,Ceu Claro,Simples,Curva,Rural,2014,1,0,1,0,0,0,1,1
83208327,2014-06-22,Domingo,18:00:00,RN,406,148.0,CEARA-MIRIM,Ingestão de álcool,Colisão Transversal,Sem Vítimas,Anoitecer,Crescente,Ceu Claro,Simples,Reta,Urbano,2014,2,0,0,0,2,0,0,2
83208515,2014-06-20,Sexta,16:45:00,RN,101,96.4,NATAL,Não guardar distância de segurança,Colisão lateral,Sem Vítimas,Pleno dia,Crescente,Ceu Claro,Simples,Reta,Urbano,2014,2,0,0,0,2,0,0,2
83208557,2014-06-23,Segunda,08:00:00,RN,304,306.4,PARNAMIRIM,Outras,Colisão lateral,Sem Vítimas,Pleno dia,Decrescente,Chuva,Dupla,Reta,Rural,2014,2,0,0,0,2,0,0,2
83208611,2014-06-23,Segunda,13:30:00,RN,101,107.0,PARNAMIRIM,Falta de atenção,Colisão Transversal,Com Vítimas Feridas,Pleno dia,Crescente,Chuva,Dupla,Cruzamento,Urbano,2014,2,0,1,0,1,0,1,2
83208643,2014-06-23,Segunda,13:30:00,RN,101,84.3,SAO GONCALO DO AMARANTE,Não guardar distância de segurança,Colisão traseira,Sem Vítimas,Pleno dia,Crescente,Nublado,Dupla,Reta,Urbano,2014,2,0,0,0,2,0,0,2
83208670,2014-06-23,Segunda,14:15:00,RN,101,171.1,CANGUARETAMA,Outras,Saída de Pista,Sem Vítimas,Pleno dia,Decrescente,Chuva,Dupla,Curva,Urbano,2014,1,0,0,0,1,0,0,1
83208675,2014-06-23,Segunda,12:20:00,RN,101,95.4,NATAL,Falta de atenção,Colisão traseira,Sem Vítimas,Pleno dia,Crescente,Chuva,Múltipla,Reta,Urbano,2014,2,0,0,0,2,0,0,2
83208714,2014-06-17,Terça,06:10:00,RN,427,30.6,ACARI,Dormindo,Colisão frontal,Com Vítimas Feridas,Pleno dia,Decrescente,Ceu Claro,Simples,Reta,Rural,2014,3,0,0,3,0,0,3,2
83208728,2014-06-23,Segunda,13:50:00,RN,101,168.0,CANGUARETAMA,Outras,Saída de Pista,Com Vítimas Feridas,Pleno dia,Decrescente,Nublado,Dupla,Reta,Rural,2014,1,0,1,0,0,0,1,1
83208857,2014-06-18,Quarta,18:00:00,RN,101,113.9,SAO JOSE DE MIPIBU,Defeito mecânico em veículo,Saída de Pista,Sem Vítimas,Anoitecer,Crescente,Ceu Claro,Dupla,Reta,Rural,2014,3,0,0,0,3,0,0,1
83208904,2014-06-24,Terça,13:40:00,RN,405,34.0,GOVERNADOR DIX-SEPT ROSADO,Outras,Colisão Transversal,Com Vítimas Feridas,Pleno dia,Crescente,Nublado,Simples,Cruzamento,Rural,2014,3,0,2,0,0,1,2,2
83208992,2014-06-24,Terça,15:30:00,RN,226,113.1,SANTA CRUZ,Outras,Saída de Pista,Com Vítimas Feridas,Plena noite,Decrescente,Nublado,Simples,Curva,Rural,2014,4,0,3,0,1,0,3,1
83209018,2014-06-24,Terça,17:00:00,RN,226,113.1,SANTA CRUZ,Falta de atenção,Colisão traseira,Sem Vítimas,Anoitecer,Decrescente,Chuva,Simples,Curva,Rural,2014,4,0,0,0,4,0,0,4
83209054,2014-06-24,Terça,08:15:00,RN,101,96.2,NATAL,Falta de atenção,Colisão traseira,Com Vítimas Feridas,Pleno dia,Decrescente,Ceu Claro,Dupla,Reta,Urbano,2014,2,0,1,0,1,0,1,2
83209169,2014-06-24,Terça,11:30:00,RN,101,96.7,NATAL,Outras,Colisão Transversal,Sem Vítimas,Pleno dia,Crescente,Nublado,Dupla,Reta,Urbano,2014,2,0,0,0,2,0,0,2
83209180,2014-06-24,Terça,12:45:00,RN,101,98.0,NATAL,Falta de atenção,Saída de Pista,Sem Vítimas,Pleno dia,Crescente,Ceu Claro,Dupla,Reta,Urbano,2014,1,0,0,0,1,0,0,1
83209183,2014-06-24,Terça,18:30:00,RN,101,99.0,NATAL,Ingestão de álcool,Atropelamento de pessoa,Com Vítimas Feridas,Pleno dia,Crescente,Nublado,Dupla,Reta,Urbano,2014,2,0,0,1,1,0,1,1
83209241,2014-06-21,Sábado,10:30:00,RN,101,84.3,NATAL,Outras,Colisão lateral,Sem Vítimas,Pleno dia,Decrescente,Ceu Claro,Simples,Curva,Urbano,2014,2,0,0,0,1,1,0,2
83209272,2014-06-21,Sábado,21:20:00,RN,101,101.9,NATAL,Falta de atenção,Colisão traseira,Sem Vítimas,Plena noite,Crescente,Ceu Claro,Dupla,Reta,Urbano,2014,2,0,0,0,2,0,0,2
83209402,2014-06-23,Segunda,16:20:00,RN,226,89.1,TANGARA,Velocidade incompatível,Saída de Pista,Sem Vítimas,Pleno dia,Decrescente,Chuva,Simples,Curva,Rural,2014,1,0,0,0,1,0,0,1
83209410,2014-06-25,Quarta,12:10:00,RN,110,6.0,AREIA BRANCA,Falta de atenção,Colisão Transversal,Com Vítimas Feridas,Pleno dia,Crescente,Sol,Simples,Reta,Rural,2014,2,0,0,1,1,0,1,2
83209418,2014-06-22,Domingo,17:53:00,RN,406,44.4,JANDAIRA,Falta de atenção,Colisão Transversal,Com Vítimas Feridas,Plena noite,Decrescente,Ceu Claro,Simples,Reta,Rural,2014,4,0,0,3,1,0,3,2
83209447,2014-06-25,Quarta,14:10:00,RN,101,106.4,PARNAMIRIM,Falta de atenção,Colisão Transversal,Com Vítimas Feridas,Pleno dia,Decrescente,Ceu Claro,Dupla,Reta,Urbano,2014,2,0,2,0,0,0,2,2
83209458,2014-06-25,Quarta,14:45:00,RN,101,169.0,SAO GONCALO DO AMARANTE,Não guardar distância de segurança,Colisão traseira,Sem Vítimas,Pleno dia,Crescente,Sol,Simples,Reta,Urbano,2014,2,0,0,0,2,0,0,2
83209589,2014-06-25,Quarta,18:40:00,RN,304,61.2,MOSSORO,Defeito mecânico em veículo,Colisão com objeto móvel,Sem Vítimas,Plena noite,Crescente,Ceu Claro,Simples,Reta,Rural,2014,2,0,0,0,2,0,0,2
83209707,2014-06-26,Quinta,03:40:00,RN,110,42.3,MOSSORO,Animais na Pista,Saída de Pista,Sem Vítimas,Plena noite,Decrescente,Ceu Claro,Simples,Reta,Rural,2014,1,0,0,0,1,0,0,1
83209754,2014-06-18,Quarta,19:05:00,RN,101,99.0,NATAL,Não guardar distância de segurança,Colisão traseira,Sem Vítimas,Plena noite,Decrescente,Ceu Claro,Dupla,Reta,Urbano,2014,3,0,0,0,3,0,0,3
83209775,2014-06-24,Terça,10:45:00,RN,101,94.0,NATAL,Falta de atenção,Colisão traseira,Sem Vítimas,Pleno dia,Crescente,Sol,Dupla,Reta,Urbano,2014,2,0,0,0,2,0,0,2
83209786,2014-06-26,Quinta,09:45:00,RN,226,132.2,CAMPO REDONDO,Outras,Saída de Pista,Com Vítimas Feridas,Pleno dia,Decrescente,Chuva,Simples,Curva,Rural,2014,2,0,1,0,1,0,1,1