id,data_inversa,dia_semana,horario,uf,br,km,municipio,causa_acidente,tipo_acidente,classificacao_acidente,fase_dia,sentido_via,condicao_metereologica,tipo_pista,tracado_via,uso_solo,ano,pessoas,mortos,feridos_leves,feridos_graves,ilesos,ignorados,feridos,veiculos
83220983,2014-07-21,Segunda,10:20:00,RN,101,96.0,NATAL,Outras,Colisão traseira,Sem Vítimas,Pleno dia,Crescente,Sol,Dupla,Reta,Urbano,2014,2,0,0,0,2,0,0,2
83220990,2014-07-17,Quinta,19:00:00,RN,101,99.9,NATAL,Não guardar distância de segurança,Colisão traseira,Sem Vítimas,Plena noite,Decrescente,Ceu Claro,Múltipla,Reta,Urbano,2014,2,0,0,0,2,0,0,2
83221183,2014-07-21,Segunda,18:30:00,RN,226,0.5,NATAL,Não guardar distância de segurança,Colisão traseira,Sem Vítimas,Plena noite,Crescente,Ceu Claro,Simples,Reta,Urbano,2014,3,0,0,0,3,0,0,3
83221203,2014-07-17,Quinta,08:30:00,RN,101,101.9,NATAL,Falta de atenção,Colisão lateral,Sem Vítimas,Pleno dia,Decrescente,Ceu Claro,Múltipla,Reta,Urbano,2014,2,0,0,0,1,1,0,2
83221245,2014-07-21,Segunda,16:59:00,RN,406,63.0,JANDAIRA,Outras,Capotamento,Com Vítimas Feridas,Pleno dia,Decrescente,Nublado,Simples,Reta,Rural,2014,2,0,0,2,0,0,2,1
83221469,2014-07-22,Terça,07:00:00,RN,101,97.5,NATAL,Falta de atenção,Colisão lateral,Sem Vítimas,Pleno dia,Decrescente,Nublado,Simples,Cruzamento,Urbano,2014,2,0,0,0,2,0,0,2
83221514,2014-07-21,Segunda,12:50:00,RN,101,83.4,NATAL,Falta de atenção,Colisão lateral,Sem Vítimas,Pleno dia,Decrescente,Ceu Claro,Simples,Reta,Urbano,2014,2,0,0,0,2,0,0,2
83221530,2014-07-19,Sábado,23:30:00,RN,101,147.0,GOIANINHA,Falta de atenção,Colisão traseira,Com Vítimas Feridas,Plena noite,Decrescente,Ceu Claro,Dupla,Reta,Urbano,2014,3,0,2,0,1,0,2,2
83221560,2014-07-19,Sábado,06:15:00,RN,101,85.5,NATAL,Falta de atenção,Colisão traseira,Com Vítimas Feridas,Pleno dia,Decrescente,Ceu Claro,Simples,Reta,Urbano,2014,3,0,2,0,0,1,2,2
83221599,2014-07-20,Domingo,03:40:00,RN,304,62.9,MOSSORO,Outras,Colisão frontal,Com Vítimas Fatais,Plena noite,Decrescente,Ceu Claro,Simples,Reta,Rural,2014,3,1,0,0,2,0,0,2
83221634,2014-07-22,Terça,18:40:00,RN,405,41.9,FELIPE GUERRA,Animais na Pista,Atropelamento de animal,Sem Vítimas,Plena noite,Crescente,Nublado,Simples,Reta,Rural,2014,1,0,0,0,1,0,0,1
83221655,2014-07-06,Domingo,10:10:00,RN,101,83.1,NATAL,Falta de atenção,Colisão lateral,Com Vítimas Feridas,Pleno dia,Decrescente,Sol,Dupla,Reta,Urbano,2014,3,0,2,0,0,1,2,2
83221714,2014-07-15,Terça,14:20:00,RN,405,139.5,ITAU,Não guardar distância de segurança,Colisão lateral,Com Vítimas Feridas,Pleno dia,Crescente,Ceu Claro,Simples,Reta,Rural,2014,2,0,1,0,0,1,1,2
83221715,2014-07-18,Sexta,11:05:00,RN,427,1.2,CURRAIS NOVOS,Desobediência à sinalização,Capotamento,Sem Vítimas,Pleno dia,Decrescente,Ceu Claro,Simples,Reta,Urbano,2014,2,0,0,0,1,1,0,2
83221765,2014-07-23,Quarta,07:15:00,RN,101,84.6,SAO GONCALO DO AMARANTE,Não guardar distância de segurança,Colisão traseira,Sem Vítimas,Pleno dia,Crescente,Nublado,Dupla,Reta,Urbano,2014,2,0,0,0,2,0,0,2
83222036,2014-07-23,Quarta,15:30:00,RN,101,74.0,EXTREMOZ,Outras,Derramamento de Carga,Sem Vítimas,Pleno dia,Crescente,Chuva,Simples,Reta,Rural,2014,2,0,0,0,2,0,0,2
83222062,2014-07-23,Quarta,17:30:00,RN,101,108.3,PARNAMIRIM,Outras,Colisão Transversal,Com Vítimas Feridas,Pleno dia,Crescente,Ceu Claro,Dupla,Cruzamento,Urbano,2014,2,0,2,0,0,0,2,2
83222073,2014-07-23,Quarta,18:05:00,RN,304,33.8,MOSSORO,Outras,Colisão com objeto fixo,Com Vítimas Feridas,Plena noite,Crescente,Ceu Claro,Dupla,Reta,Urbano,2014,3,0,1,1,1,0,2,3
83222088,2014-07-21,Segunda,15:10:00,RN,101,113.0,SAO JOSE DE MIPIBU,Outras,Saída de Pista,Sem Vítimas,Pleno dia,Decrescente,Ceu Claro,Dupla,Reta,Rural,2014,1,0,0,0,1,0,0,1
83222093,2014-07-23,Quarta,07:10:00,RN,304,43.0,MOSSORO,Falta de atenção,Colisão Transversal,Com Vítimas Feridas,Pleno dia,Crescente,Sol,Dupla,Cruzamento,Rural,2014,3,0,2,0,1,0,2,2
83222126,2014-07-23,Quarta,18:30:00,RN,101,170.7,CANGUARETAMA,Outras,Colisão com objeto fixo,Sem Vítimas,Plena noite,Crescente,Chuva,Dupla,Reta,Rural,2014,2,0,0,0,2,0,0,2
83222268,2014-07-24,Quinta,07:30:00,RN,101,104.5,PARNAMIRIM,Falta de atenção,Colisão traseira,Sem Vítimas,Plena noite,Crescente,Nublado,Dupla,Reta,Urbano,2014,3,0,0,0,3,0,0,3
83222271,2014-07-24,Quinta,09:10:00,RN,226,175.0,CURRAIS NOVOS,Falta de atenção,Colisão lateral,Sem Vítimas,Pleno dia,Crescente,Ceu Claro,Dupla,Reta,Urbano,2014,2,0,0,0,2,0,0,2
83222302,2014-07-24,Quinta,11:00:00,RN,101,96.2,NATAL,Não guardar distância de segurança,Colisão traseira,Sem Vítimas,Pleno dia,Crescente,Chuva,Dupla,Reta,Urbano,2014,3,0,0,0,3,0,0,3
83222581,2014-07-21,Segunda,08:05:00,RN,101,98.0,NATAL,Não guardar distância de segurança,Colisão traseira,Sem Vítimas,Amanhecer,Decrescente,Ceu Claro,Múltipla,Reta,Urbano,2014,3,0,0,0,3,0,0,3
83222600,2014-07-24,Quinta,19:30:00,RN,406,163.0,CEARA-MIRIM,Defeito na via,Queda de motocicleta / bicicleta / veículo,Com Vítimas Feridas,Plena noite,Decrescente,Ignorada,Simples,Reta,Rural,2014,1,0,1,0,0,0,1,1
83222670,2014-07-20,Domingo,23:20:00,RN,101,96.1,NATAL,Ingestão de álcool,Atropelamento de pessoa,Com Vítimas Feridas,Plena noite,Decrescente,Chuva,Múltipla,Reta,Urbano,2014,2,0,0,2,0,0,2,1
83222726,2014-07-24,Quinta,05:30:00,RN,226,95.2,TANGARA,Outras,Saída de Pista,Com Vítimas Feridas,Amanhecer,Decrescente,Ceu Claro,Simples,Reta,Rural,2014,3,0,1,0,1,1,1,2
83222928,2014-07-16,Quarta,10:00:00,RN,406,163.0,SAO GONCALO DO AMARANTE,Outras,Colisão Transversal,Sem Vítimas,Pleno dia,Crescente,Ceu Claro,Simples,Reta,Rural,2014,2,0,0,0,2,0,0,2
83222934,2014-07-22,Terça,06:00:00,RN,101,107.3,PARNAMIRIM,Falta de atenção,Colisão traseira,Sem Vítimas,Pleno dia,Crescente,Nublado,Dupla,Cruzamento,Urbano,2014,2,0,0,0,2,0,0,2
83222970,2014-07-21,Segunda,09:40:00,RN,101,161.0,CANGUARETAMA,Falta de atenção,Colisão Transversal,Sem Vítimas,Pleno dia,Decrescente,Sol,Dupla,Reta,Rural,2014,2,0,0,0,2,0,0,2
83223018,2014-07-21,Segunda,06:50:00,RN,406,165.0,SAO GONCALO DO AMARANTE,Outras,Queda de motocicleta / bicicleta / veículo,Com Vítimas Feridas,Pleno dia,Crescente,Nublado,Simples,Reta,Urbano,2014,2,0,0,2,0,0,2,1
83223138,2014-07-25,Sexta,18:00:00,RN,101,86.0,SAO GONCALO DO AMARANTE,Não guardar distância de segurança,Colisão traseira,Sem Vítimas,Plena noite,Crescente,Ceu Claro,Dupla,Reta,Urbano,2014,2,0,0,0,2,0,0,2
83223294,2014-06-26,Quinta,20:30:00,RN,304,39.0,MOSSORO,Falta de atenção,Saída de Pista,Com Vítimas Feridas,Plena noite,Crescente,Ceu Claro,Dupla,Cruzamento,Urbano,2014,1,0,1,0,0,0,1,1
83223325,2014-07-23,Quarta,05:00:00,RN,406,146.5,CEARA-MIRIM,Animais na Pista,Atropelamento de animal,Sem Vítimas,Pleno dia,Crescente,Ceu Claro,Simples,Reta,Rural,2014,1,0,0,0,1,0,0,1
83223406,2014-07-26,Sábado,12:45:00,RN,101,96.7,NATAL,Não guardar distância de segurança,Colisão traseira,Sem Vítimas,Pleno dia,Crescente,Nevoeiro/neblina,Dupla,Cruzamento,Urbano,2014,2,0,0,0,2,0,0,2
83223462,2014-07-26,Sábado,13:00:00,RN,101,80.8,SAO GONCALO DO AMARANTE,Não guardar distância de segurança,Colisão traseira,Sem Vítimas,Pleno dia,Crescente,Chuva,Dupla,Reta,Urbano,2014,2,0,0,0,2,0,0,2
83223463,2014-07-26,Sábado,10:40:00,RN,406,98.0,JOAO CAMARA,Falta de atenção,Colisão Transversal,Sem Vítimas,Pleno dia,Crescente,Ceu Claro,Simples,Reta,Rural,2014,2,0,0,0,1,1,0,2
83223591,2014-07-26,Sábado,14:05:00,RN,101,99.7,PARNAMIRIM,Falta de atenção,Colisão traseira,Sem Vítimas,Pleno dia,Decrescente,Chuva,Múltipla,Reta,Urbano,2014,2,0,0,0,2,0,0,2
83223621,2014-07-26,Sábado,19:00:00,RN,101,78.5,NATAL,Falta de atenção,Colisão Transversal,Sem Vítimas,Plena noite,Decrescente,Ceu Claro,Dupla,Reta,Rural,2014,2,0,0,0,2,0,0,2
83224054,2014-07-27,Domingo,19:20:00,RN,226,49.0,BOM JESUS,Não guardar distância de segurança,Colisão traseira,Sem Vítimas,Plena noite,Decrescente,Vento,Simples,Reta,Rural,2014,2,0,0,0,2,0,0,2
83224064,2014-07-27,Domingo,18:40:00,RN,101,94.4,NATAL,Outras,Colisão traseira,Sem Vítimas,Plena noite,Crescente,Ceu Claro,Múltipla,Reta,Urbano,2014,2,0,0,0,2,0,0,2
83224116,2014-07-27,Domingo,22:40:00,RN,110,50.1,MOSSORO,Ingestão de álcool,Queda de motocicleta / bicicleta / veículo,Com Vítimas Feridas,Plena noite,Crescente,Ceu Claro,Simples,Curva,Urbano,2014,2,0,0,2,0,0,2,1
83224124,2014-07-27,Domingo,17:25:00,RN,101,161.0,CANGUARETAMA,Não guardar distância de segurança,Colisão traseira,Sem Vítimas,Anoitecer,Decrescente,Ceu Claro,Dupla,Cruzamento,Urbano,2014,2,0,0,0,2,0,0,2
83224156,2014-07-24,Quinta,19:00:00,RN,101,131.2,SAO JOSE DE MIPIBU,Ingestão de álcool,Colisão com bicicleta,Com Vítimas Feridas,Plena noite,Crescente,Ceu Claro,Dupla,Reta,Rural,2014,2,0,0,1,0,1,1,2
83224177,2014-07-27,Domingo,18:00:00,RN,406,147.8,CEARA-MIRIM,Não guardar distância de segurança,Colisão traseira,Sem Vítimas,Plena noite,Crescente,Ceu Claro,Simples,Reta,Urbano,2014,2,0,0,0,2,0,0,2
83224356,2014-06-14,Sábado,21:40:00,RN,101,81.7,NATAL,Desobediência à sinalização,Colisão Transversal,Sem Vítimas,Plena noite,Decrescente,Chuva,Dupla,Reta,Urbano,2014,2,0,0,0,2,0,0,2
83224358,2014-07-28,Segunda,10:30:00,RN,226,175.4,CURRAIS NOVOS,Outras,Atropelamento de pessoa,Com Vítimas Feridas,Pleno dia,Crescente,Granizo,Dupla,Reta,Urbano,2014,2,0,2,0,0,0,2,1
83224375,2014-07-28,Segunda,08:00:00,RN,101,100.7,PARNAMIRIM,Outras,Colisão traseira,Sem Vítimas,Pleno dia,Decrescente,Chuva,Dupla,Reta,Urbano,2014,2,0,0,0,2,0,0,2
83224555,2014-07-28,Segunda,15:50:00,RN,101,96.8,NATAL,Não guardar distância de segurança,Colisão traseira,Sem Vítimas,Pleno dia,Decrescente,Chuva,Múltipla,Reta,Urbano,2014,3,0,0,0,3,0,0,3
83224582,2014-07-25,Sexta,16:30:00,RN,427,0.1,CURRAIS NOVOS,Falta de atenção,Colisão traseira,Sem Vítimas,Pleno dia,Decrescente,Ceu Claro,Simples,Reta,Urbano,2014,2,0,0,0,2,0,0,2
83224630,2014-07-28,Segunda,15:05:00,RN,406,150.1,CEARA-MIRIM,Outras,Colisão frontal,Com Vítimas Feridas,Pleno dia,Crescente,Chuva,Simples,Reta,Urbano,2014,2,0,0,1,1,0,1,2
83224672,2014-07-28,Segunda,13:40:00,RN,101,18.1,RIO DO FOGO,Velocidade incompatível,Saída de Pista,Com Vítimas Feridas,Pleno dia,Decrescente,Ceu Claro,Simples,Reta,Rural,2014,1,0,0,1,0,0,1,1
83224682,2014-07-20,Domingo,19:25:00,RN,304,157.2,FERNANDO PEDROZA,Outras,Colisão lateral,Com Vítimas Fatais,Plena noite,Crescente,Ceu Claro,Simples,Reta,Rural,2014,2,1,0,0,1,0,0,2
83224762,2014-07-29,Terça,08:25:00,RN,101,98.0,NATAL,Outras,Colisão lateral,Sem Vítimas,Pleno dia,Decrescente,Ceu Claro,Dupla,Reta,Urbano,2014,2,0,0,0,1,1,0,2
83224766,2014-07-29,Terça,08:30:00,RN,101,83.5,SAO GONCALO DO AMARANTE,Outras,Colisão traseira,Sem Vítimas,Pleno dia,Crescente,Ceu Claro,Dupla,Reta,Urbano,2014,2,0,0,0,2,0,0,2
83224767,2014-07-25,Sexta,21:30:00,RN,405,152.3,PAU DOS FERROS,Falta de atenção,Colisão Transversal,Sem Vítimas,Plena noite,Crescente,Ceu Claro,Simples,Reta,Urbano,2014,2,0,0,0,1,1,0,2
83224777,2014-07-29,Terça,06:30:00,RN,101,76.5,NATAL,Outras,Capotamento,Sem Vítimas,Amanhecer,Decrescente,Ceu Claro,Dupla,Curva,Urbano,2014,1,0,0,0,1,0,0,1
83224779,2014-07-29,Terça,08:35:00,RN,101,94.0,NATAL,Falta de atenção,Colisão lateral,Sem Vítimas,Pleno dia,Decrescente,Sol,Dupla,Reta,Urbano,2014,2,0,0,0,2,0,0,2
83224796,2014-07-26,Sábado,23:10:00,RN,304,68.5,MOSSORO,Falta de atenção,Queda de motocicleta / bicicleta / veículo,Com Vítimas Fatais,Plena noite,Crescente,Ceu Claro,Simples,Reta,Rural,2014,1,1,0,0,0,0,0,1
83224806,2014-07-29,Terça,08:00:00,RN,110,9.0,AREIA BRANCA,Falta de atenção,Colisão Transversal,Com Vítimas Feridas,Pleno dia,Decrescente,Ceu Claro,Simples,Reta,Rural,2014,2,0,1,0,1,0,1,2
83224848,2014-07-29,Terça,10:00:00,RN,304,290.0,MACAIBA,Falta de atenção,Colisão lateral,Com Vítimas Feridas,Pleno dia,Decrescente,Ceu Claro,Simples,Reta,Rural,2014,3,0,2,0,1,0,2,2
83224956,2014-07-25,Sexta,17:30:00,RN,304,194.0,LAJES,Falta de atenção,Colisão traseira,Sem Vítimas,Plena noite,Decrescente,Ceu Claro,Simples,Reta,Rural,2014,4,0,0,0,4,0,0,4
83225036,2014-07-29,Terça,14:00:00,RN,101,85.2,NATAL,Defeito mecânico em veículo,Colisão traseira,Com Vítimas Feridas,Pleno dia,Decrescente,Ceu Claro,Dupla,Reta,Urbano,2014,2,0,1,0,1,0,1,2
83225132,2014-07-29,Terça,20:10:00,RN,101,96.0,NATAL,Não guardar distância de segurança,Colisão traseira,Sem Vítimas,Plena noite,Crescente,Ceu Claro,Simples,Cruzamento,Urbano,2014,2,0,0,0,2,0,0,2
83225147,2014-07-29,Terça,19:30:00,RN,101,97.0,NATAL,Falta de atenção,Colisão traseira,Sem Vítimas,Plena noite,Decrescente,Ceu Claro,Múltipla,Reta,Urbano,2014,2,0,0,0,2,0,0,2
83225214,2014-07-26,Sábado,05:15:00,RN,101,109.8,PARNAMIRIM,Falta de atenção,Colisão Transversal,Sem Vítimas,Amanhecer,Decrescente,Ceu Claro,Múltipla,Reta,Rural,2014,2,0,0,0,2,0,0,2
83225272,2014-07-27,Domingo,04:50:00,RN,304,45.7,MOSSORO,Ingestão de álcool,Colisão traseira,Com Vítimas Feridas,Pleno dia,Crescente,Ceu Claro,Dupla,Reta,Urbano,2014,3,0,2,0,1,0,2,2
83225291,2014-07-22,Terça,15:45:00,RN,101,86.0,SAO GONCALO DO AMARANTE,Falta de atenção,Tombamento,Sem Vítimas,Pleno dia,Crescente,Ceu Claro,Simples,Reta,Urbano,2014,1,0,0,0,1,0,0,1
83225297,2014-07-26,Sábado,13:50:00,RN,226,1.5,NATAL,Falta de atenção,Colisão traseira,Sem Vítimas,Pleno dia,Crescente,Ceu Claro,Dupla,Reta,Urbano,2014,2,0,0,0,2,0,0,2
83225384,2014-07-25,Sexta,18:15:00,RN,226,132.0,CAMPO REDONDO,Não guardar distância de segurança,Colisão traseira,Sem Vítimas,Anoitecer,Crescente,Ceu Claro,Simples,Reta,Rural,2014,2,0,0,0,2,0,0,2
83225392,2014-07-30,Quarta,12:10:00,RN,101,96.0,NATAL,Falta de atenção,Colisão traseira,Sem Vítimas,Pleno dia,Crescente,Ceu Claro,Dupla,Reta,Urbano,2014,2,0,0,0,2,0,0,2
83225449,2014-07-28,Segunda,06:15:00,RN,427,117.7,CAICO,Defeito mecânico em veículo,Queda de motocicleta / bicicleta / veículo,Com Vítimas Fatais,Pleno dia,Decrescente,Ceu Claro,Simples,Cruzamento,Rural,2014,3,1,1,0,1,0,1,1
83225590,2014-07-30,Quarta,18:20:00,RN,101,106.0,PARNAMIRIM,Não guardar distância de segurança,Colisão traseira,Sem Vítimas,Plena noite,Decrescente,Ceu Claro,Dupla,Reta,Urbano,2014,2,0,0,0,2,0,0,2
83225614,2014-07-30,Quarta,18:35:00,RN,101,99.5,NATAL,Falta de atenção,Colisão traseira,Sem Vítimas,Plena noite,Decrescente,Ceu Claro,Múltipla,Reta,Urbano,2014,4,0,0,0,3,1,0,4
83225621,2014-07-30,Quarta,17:15:00,RN,101,107.4,PARNAMIRIM,Falta de atenção,Colisão Transversal,Com Vítimas Feridas,Anoitecer,Decrescente,Nublado,Dupla,Cruzamento,Urbano,2014,4,0,1,0,2,1,1,4
83225730,2014-07-26,Sábado,17:45:00,RN,304,287.6,MACAIBA,Ultrapassagem indevida,Colisão frontal,Com Vítimas Fatais,Anoitecer,Crescente,Ceu Claro,Simples,Reta,Rural,2014,2,1,1,0,0,0,1,2
83225762,2014-07-29,Terça,07:00:00,RN,101,94.0,NATAL,Falta de atenção,Colisão lateral,Sem Vítimas,Pleno dia,Decrescente,Sol,Dupla,Cruzamento,Urbano,2014,2,0,0,0,2,0,0,2
83225787,2014-05-04,Domingo,20:40:00,RN,304,239.2,RIACHUELO,Ultrapassagem indevida,Colisão Transversal,Com Vítimas Feridas,Plena noite,Crescente,Ceu Claro,Simples,Reta,Rural,2014,3,0,0,2,1,0,2,2
83225854,2014-07-31,Quinta,09:30:00,RN,304,246.8,SANTA MARIA,Falta de atenção,Capotamento,Sem Vítimas,Pleno dia,Decrescente,Sol,Simples,Reta,Rural,2014,1,0,0,0,1,0,0,1
83225878,2014-07-28,Segunda,06:20:00,RN,405,2.0,MOSSORO,Velocidade incompatível,Colisão lateral,Com Vítimas Feridas,Pleno dia,Crescente,Sol,Dupla,Cruzamento,Urbano,2014,3,0,1,1,1,0,2,2
83225912,2014-07-31,Quinta,07:30:00,RN,304,304.5,MACAIBA,Dormindo,Colisão com bicicleta,Com Vítimas Feridas,Pleno dia,Decrescente,Chuva,Dupla,Reta,Urbano,2014,2,0,1,0,1,0,1,2
83225926,2014-07-31,Quinta,14:30:00,RN,101,81.0,NATAL,Falta de atenção,Colisão traseira,Com Vítimas Feridas,Pleno dia,Decrescente,Ceu Claro,Dupla,Reta,Urbano,2014,2,0,1,0,1,0,1,2
83225936,2014-07-31,Quinta,10:30:00,RN,101,96.0,NATAL,Falta de atenção,Colisão traseira,Sem Vítimas,Pleno dia,Decrescente,Ceu Claro,Simples,Reta,Urbano,2014,2,0,0,0,2,0,0,2
83225962,2014-07-23,Quarta,14:20:00,RN,101,137.3,ARES,Outras,Saída de Pista,Com Vítimas Feridas,Pleno dia,Decrescente,Chuva,Dupla,Curva,Rural,2014,2,0,1,0,1,0,1,1
83225973,2014-07-31,Quinta,14:20:00,RN,101,96.0,NATAL,Não guardar distância de segurança,Colisão lateral,Sem Vítimas,Pleno dia,Crescente,Ceu Claro,Múltipla,Reta,Urbano,2014,2,0,0,0,2,0,0,2
83225987,2014-07-31,Quinta,09:10:00,RN,101,158.4,CANGUARETAMA,Não guardar distância de segurança,Colisão traseira,Sem Vítimas,Pleno dia,Crescente,Nublado,Dupla,Reta,Rural,2014,2,0,0,0,1,1,0,2
83226071,2014-07-31,Quinta,19:40:00,RN,101,84.7,NATAL,Outras,Colisão lateral,Sem Vítimas,Plena noite,Decrescente,Ceu Claro,Simples,Reta,Urbano,2014,2,0,0,0,2,0,0,2
83226089,2014-07-30,Quarta,03:00:00,RN,304,247.0,RIACHUELO,Outras,Colisão Transversal,Com Vítimas Fatais,Plena noite,Crescente,Ceu Claro,Simples,Reta,Rural,2014,4,1,2,0,1,0,2,2
83226422,2014-07-24,Quinta,13:30:00,RN,101,96.8,NATAL,Falta de atenção,Colisão traseira,Sem Vítimas,Pleno dia,Decrescente,Ceu Claro,Dupla,Reta,Urbano,2014,2,0,0,0,2,0,0,2
83226479,2014-08-01,Sexta,14:20:00,RN,101,84.0,NATAL,Ultrapassagem indevida,Colisão lateral,Sem Vítimas,Pleno dia,Decrescente,Sol,Dupla,Reta,Urbano,2014,2,0,0,0,2,0,0,2
83226495,2014-08-01,Sexta,18:00:00,RN,110,46.8,MOSSORO,Desobediência à sinalização,Colisão lateral,Sem Vítimas,Plena noite,Crescente,Ceu Claro,Dupla,Cruzamento,Urbano,2014,2,0,0,0,2,0,0,2
83226533,2014-08-01,Sexta,17:00:00,RN,101,99.8,NATAL,Não guardar distância de segurança,Colisão lateral,Sem Vítimas,Pleno dia,Decrescente,Sol,Múltipla,Reta,Urbano,2014,2,0,0,0,2,0,0,2
83226568,2014-08-01,Sexta,14:30:00,RN,427,58.2,JARDIM DO SERIDO,Falta de atenção,Queda de motocicleta / bicicleta / veículo,Com Vítimas Feridas,Pleno dia,Crescente,Sol,Simples,Reta,Rural,2014,1,0,0,1,0,0,1,1
83226587,2014-08-01,Sexta,20:30:00,RN,101,99.9,PARNAMIRIM,Não guardar distância de segurança,Colisão traseira,Sem Vítimas,Plena noite,Decrescente,Ceu Claro,Múltipla,Cruzamento,Urbano,2014,2,0,0,0,2,0,0,2
83226600,2014-08-01,Sexta,18:30:00,RN,101,102.0,PARNAMIRIM,Outras,Colisão lateral,Sem Vítimas,Plena noite,Crescente,Ceu Claro,Múltipla,Reta,Urbano,2014,2,0,0,0,1,1,0,2
83226612,2014-08-01,Sexta,12:30:00,RN,101,96.0,NATAL,Falta de atenção,Colisão traseira,Sem Vítimas,Pleno dia,Decrescente,Ceu Claro,Simples,Reta,Urbano,2014,2,0,0,0,2,0,0,2
83226696,2014-08-02,Sábado,01:40:00,RN,101,148.9,GOIANINHA,Ingestão de álcool,Queda de motocicleta / bicicleta / veículo,Com Vítimas Fatais,Plena noite,Decrescente,Ceu Claro,Múltipla,Reta,Urbano,2014,2,1,1,0,0,0,1,1
83226733,2014-07-29,Terça,10:15:00,RN,101,85.5,SAO GONCALO DO AMARANTE,Falta de atenção,Colisão traseira,Com Vítimas Feridas,Pleno dia,Crescente,Ceu Claro,Dupla,Reta,Urbano,2014,2,0,0,1,1,0,1,2
83226754,2014-07-27,Domingo,11:30:00,RN,101,84.8,SAO GONCALO DO AMARANTE,Falta de atenção,Colisão traseira,Sem Vítimas,Pleno dia,Crescente,Ceu Claro,Múltipla,Reta,Urbano,2014,2,0,0,0,1,1,0,2
83226792,2014-08-02,Sábado,09:45:00,RN,226,161.1,CURRAIS NOVOS,Velocidade incompatível,Saída de Pista,Com Vítimas Feridas,Pleno dia,Decrescente,Ceu Claro,Simples,Curva,Rural,2014,1,0,0,1,0,0,1,1
83226804,2014-08-02,Sábado,10:45:00,RN,226,14.0,MACAIBA,Outras,Colisão lateral,Com Vítimas Feridas,Pleno dia,Crescente,Sol,Simples,Reta,Urbano,2014,3,0,2,0,1,0,2,2
83226995,2014-08-02,Sábado,17:50:00,RN,101,102.1,NATAL,Falta de atenção,Colisão com objeto fixo,Com Vítimas Feridas,Plena noite,Crescente,Ceu Claro,Múltipla,Reta,Urbano,2014,1,0,1,0,0,0,1,1
83227273,2014-08-03,Domingo,06:50:00,RN,110,3.0,AREIA BRANCA,Outras,Colisão traseira,Com Vítimas Feridas,Pleno dia,Decrescente,Ceu Claro,Simples,Curva,Rural,2014,3,0,1,0,2,0,1,2
83227278,2014-07-30,Quarta,22:00:00,RN,304,144.9,ANGICOS,Outras,Tombamento,Sem Vítimas,Plena noite,Crescente,Ignorada,Simples,Reta,Rural,2014,1,0,0,0,1,0,0,1
83227321,2014-07-03,Quinta,10:30:00,RN,304,255.4,SANTA MARIA,Outras,Colisão traseira,Com Vítimas Feridas,Pleno dia,Decrescente,Sol,Simples,Reta,Urbano,2014,3,0,0,2,1,0,2,2
83227367,2014-08-03,Domingo,16:30:00,RN,304,67.0,MOSSORO,Falta de atenção,Colisão com bicicleta,Com Vítimas Feridas,Pleno dia,Decrescente,Ceu Claro,Simples,Reta,Rural,2014,2,0,0,1,0,1,1,2
83227398,2014-07-03,Quinta,18:00:00,RN,304,295.9,MACAIBA,Falta de atenção,Colisão traseira,Sem Vítimas,Anoitecer,Crescente,Ceu Claro,Simples,Reta,Urbano,2014,3,0,0,0,3,0,0,3
83227466,2014-07-24,Quinta,08:00:00,RN,101,52.0,CEARA-MIRIM,Dormindo,Saída de Pista,Sem Vítimas,Pleno dia,Decrescente,Chuva,Simples,Reta,Rural,2014,1,0,0,0,1,0,0,1
83227560,2014-08-03,Domingo,17:30:00,RN,304,189.0,LAJES,Não guardar distância de segurança,Colisão lateral,Sem Vítimas,Pleno dia,Decrescente,Ceu Claro,Simples,Reta,Rural,2014,2,0,0,0,2,0,0,2
83227631,2014-08-04,Segunda,07:30:00,RN,101,85.0,SAO GONCALO DO AMARANTE,Outras,Colisão Transversal,Sem Vítimas,Pleno dia,Crescente,Chuva,Dupla,Reta,Urbano,2014,2,0,0,0,2,0,0,2
83227637,2014-08-04,Segunda,06:30:00,RN,101,106.8,PARNAMIRIM,Não guardar distância de segurança,Colisão traseira,Sem Vítimas,Pleno dia,Decrescente,Chuva,Dupla,Reta,Urbano,2014,4,0,0,0,2,2,0,4
83227674,2014-08-04,Segunda,06:35:00,RN,101,106.9,PARNAMIRIM,Não guardar distância de segurança,Colisão traseira,Sem Vítimas,Pleno dia,Decrescente,Chuva,Dupla,Reta,Urbano,2014,3,0,0,0,2,1,0,3
83227678,2014-08-04,Segunda,06:20:00,RN,101,99.0,NATAL,Não guardar distância de segurança,Colisão traseira,Sem Vítimas,Pleno dia,Crescente,Chuva,Dupla,Reta,Urbano,2014,2,0,0,0,2,0,0,2