id,data_inversa,dia_semana,horario,uf,br,km,municipio,causa_acidente,tipo_acidente,classificacao_acidente,fase_dia,sentido_via,condicao_metereologica,tipo_pista,tracado_via,uso_solo,ano,pessoas,mortos,feridos_leves,feridos_graves,ilesos,ignorados,feridos,veiculos
83227706,2014-06-10,Terça,18:10:00,RN,101,99.9,NATAL,Outras,Colisão traseira,Sem Vítimas,Plena noite,Decrescente,Ceu Claro,Dupla,Reta,Urbano,2014,2,0,0,0,2,0,0,2
83227710,2014-08-04,Segunda,07:30:00,RN,304,306.5,PARNAMIRIM,Outras,Colisão frontal,Sem Vítimas,Pleno dia,Decrescente,Chuva,Dupla,Reta,Urbano,2014,2,0,0,0,2,0,0,2
83227718,2014-08-01,Sexta,06:30:00,RN,427,7.8,CURRAIS NOVOS,Outras,Saída de Pista,Sem Vítimas,Amanhecer,Crescente,Ceu Claro,Simples,Curva,Rural,2014,1,0,0,0,1,0,0,1
83227734,2014-08-04,Segunda,09:50:00,RN,405,64.4,FELIPE GUERRA,Falta de atenção,Colisão Transversal,Sem Vítimas,Pleno dia,Crescente,Ceu Claro,Simples,Reta,Rural,2014,2,0,0,0,2,0,0,2
83227736,2014-08-04,Segunda,10:00:00,RN,101,82.9,SAO GONCALO DO AMARANTE,Outras,Atropelamento de pessoa,Com Vítimas Fatais,Pleno dia,Crescente,Nublado,Dupla,Reta,Urbano,2014,2,1,0,0,0,1,0,1
83227759,2014-08-04,Segunda,11:50:00,RN,101,84.0,SAO GONCALO DO AMARANTE,Falta de atenção,Colisão traseira,Com Vítimas Feridas,Pleno dia,Crescente,Ceu Claro,Dupla,Reta,Urbano,2014,2,0,0,1,1,0,1,2
83227769,2014-08-04,Segunda,13:25:00,RN,304,297.0,MACAIBA,Velocidade incompatível,Tombamento,Sem Vítimas,Pleno dia,Decrescente,Nublado,Simples,Cruzamento,Urbano,2014,1,0,0,0,1,0,0,1
83227826,2014-08-04,Segunda,14:40:00,RN,101,83.4,SAO GONCALO DO AMARANTE,Não guardar distância de segurança,Colisão traseira,Com Vítimas Feridas,Pleno dia,Crescente,Sol,Dupla,Reta,Urbano,2014,2,0,1,0,1,0,1,2
83227844,2014-08-04,Segunda,11:40:00,RN,101,107.8,PARNAMIRIM,Falta de atenção,Colisão traseira,Sem Vítimas,Plena noite,Decrescente,Ceu Claro,Dupla,Reta,Urbano,2014,2,0,0,0,2,0,0,2
83227891,2014-08-04,Segunda,13:45:00,RN,101,106.1,PARNAMIRIM,Falta de atenção,Colisão traseira,Sem Vítimas,Pleno dia,Decrescente,Ceu Claro,Dupla,Reta,Urbano,2014,3,0,0,0,2,1,0,3
83227939,2014-08-04,Segunda,17:50:00,RN,304,39.8,MOSSORO,Falta de atenção,Atropelamento de pessoa,Com Vítimas Feridas,Plena noite,Crescente,Ceu Claro,Dupla,Reta,Urbano,2014,3,0,0,2,1,0,2,2
83227976,2014-08-04,Segunda,21:15:00,RN,406,170.3,NATAL,Falta de atenção,Colisão Transversal,Com Vítimas Feridas,Plena noite,Decrescente,Ceu Claro,Simples,Reta,Urbano,2014,2,0,1,0,1,0,1,2
83228068,2014-08-04,Segunda,21:23:00,RN,101,94.5,NATAL,Não guardar distância de segurança,Colisão traseira,Sem Vítimas,Plena noite,Decrescente,Ceu Claro,Múltipla,Reta,Urbano,2014,2,0,0,0,2,0,0,2
83228149,2014-07-28,Segunda,15:20:00,RN,101,94.0,NATAL,Falta de atenção,Colisão traseira,Sem Vítimas,Pleno dia,Crescente,Chuva,Dupla,Reta,Urbano,2014,2,0,0,0,2,0,0,2
83228312,2014-06-15,Domingo,16:40:00,RN,304,166.1,ANGICOS,Outras,Colisão frontal,Com Vítimas Fatais,Pleno dia,Decrescente,Ceu Claro,Simples,Reta,Rural,2014,7,1,2,4,0,0,6,2
83228328,2014-06-05,Quinta,04:50:00,RN,427,19.8,ACARI,Animais na Pista,Atropelamento de animal,Sem Vítimas,Amanhecer,Decrescente,Ceu Claro,Simples,Reta,Rural,2014,1,0,0,0,1,0,0,1
83228329,2014-08-03,Domingo,19:25:00,RN,226,62.4,SERRA CAIADA,Ingestão de álcool,Colisão frontal,Com Vítimas Feridas,Plena noite,Decrescente,Ceu Claro,Simples,Reta,Rural,2014,10,0,7,2,1,0,9,4
83228355,2014-08-05,Terça,10:00:00,RN,101,100.0,PARNAMIRIM,Outras,Colisão lateral,Sem Vítimas,Pleno dia,Crescente,Ceu Claro,Múltipla,Reta,Urbano,2014,2,0,0,0,2,0,0,2
83228368,2014-08-05,Terça,11:00:00,RN,304,219.2,CAICARA DO RIO DO VENTO,Não guardar distância de segurança,Colisão traseira,Com Vítimas Feridas,Pleno dia,Decrescente,Ceu Claro,Simples,Reta,Urbano,2014,3,0,1,0,2,0,1,2
83228382,2014-07-28,Segunda,18:00:00,RN,101,98.6,NATAL,Outras,Colisão traseira,Sem Vítimas,Plena noite,Crescente,Chuva,Dupla,Reta,Urbano,2014,2,0,0,0,2,0,0,2
83228391,2014-08-05,Terça,17:00:00,RN,101,103.4,PARNAMIRIM,Falta de atenção,Colisão traseira,Com Vítimas Feridas,Pleno dia,Crescente,Ceu Claro,Dupla,Reta,Urbano,2014,2,0,1,0,1,0,1,2
83228403,2014-08-05,Terça,06:35:00,RN,101,101.8,PARNAMIRIM,Falta de atenção,Colisão frontal,Com Vítimas Feridas,Pleno dia,Decrescente,Ceu Claro,Dupla,Reta,Urbano,2014,2,0,1,0,1,0,1,2
83228468,2014-08-05,Terça,18:30:00,RN,304,306.4,MACAIBA,Não guardar distância de segurança,Colisão traseira,Sem Vítimas,Plena noite,Crescente,Ceu Claro,Dupla,Reta,Rural,2014,3,0,0,0,3,0,0,3
83228503,2014-08-05,Terça,20:10:00,RN,101,99.0,NATAL,Outras,Colisão traseira,Sem Vítimas,Plena noite,Crescente,Ceu Claro,Múltipla,Reta,Urbano,2014,2,0,0,0,2,0,0,2
83228546,2014-08-05,Terça,18:30:00,RN,304,47.4,MOSSORO,Falta de atenção,Colisão lateral,Com Vítimas Feridas,Plena noite,Crescente,Ceu Claro,Dupla,Reta,Urbano,2014,3,0,2,0,1,0,2,2
83228553,2014-08-05,Terça,15:15:00,RN,405,34.2,GOVERNADOR DIX-SEPT ROSADO,Outras,Saída de Pista,Com Vítimas Feridas,Pleno dia,Crescente,Ceu Claro,Simples,Reta,Rural,2014,1,0,1,0,0,0,1,1
83228679,2014-08-06,Quarta,08:05:00,RN,101,94.0,NATAL,Não guardar distância de segurança,Colisão traseira,Sem Vítimas,Pleno dia,Decrescente,Sol,Dupla,Reta,Urbano,2014,2,0,0,0,2,0,0,2
83228706,2014-08-06,Quarta,10:30:00,RN,304,50.3,MOSSORO,Falta de atenção,Colisão Transversal,Sem Vítimas,Pleno dia,Decrescente,Ceu Claro,Simples,Reta,Rural,2014,2,0,0,0,2,0,0,2
83228716,2014-08-06,Quarta,08:00:00,RN,405,0.5,MOSSORO,Falta de atenção,Colisão com objeto móvel,Com Vítimas Feridas,Pleno dia,Crescente,Ceu Claro,Simples,Reta,Urbano,2014,3,0,1,1,1,0,2,2
83228736,2014-08-06,Quarta,11:40:00,RN,304,295.8,MACAIBA,Falta de atenção,Colisão traseira,Com Vítimas Feridas,Pleno dia,Decrescente,Ceu Claro,Simples,Cruzamento,Urbano,2014,3,0,2,0,1,0,2,2
83228816,2014-08-06,Quarta,16:20:00,RN,110,50.5,MOSSORO,Falta de atenção,Colisão Transversal,Com Vítimas Feridas,Pleno dia,Crescente,Ceu Claro,Dupla,Cruzamento,Urbano,2014,2,0,1,0,1,0,1,2
83228817,2014-08-06,Quarta,14:55:00,RN,101,125.4,SAO JOSE DE MIPIBU,Falta de atenção,Colisão lateral,Sem Vítimas,Pleno dia,Decrescente,Sol,Dupla,Reta,Urbano,2014,2,0,0,0,2,0,0,2
83228831,2014-08-06,Quarta,12:10:00,RN,101,99.0,NATAL,Falta de atenção,Colisão traseira,Sem Vítimas,Pleno dia,Crescente,Ceu Claro,Simples,Reta,Urbano,2014,2,0,0,0,2,0,0,2
83228833,2014-08-06,Quarta,14:15:00,RN,101,125.0,SAO JOSE DE MIPIBU,Outras,Colisão traseira,Com Vítimas Feridas,Pleno dia,Decrescente,Ceu Claro,Dupla,Reta,Urbano,2014,2,0,0,1,1,0,1,2
83228930,2014-08-06,Quarta,08:40:00,RN,405,3.5,MOSSORO,Falta de atenção,Colisão Transversal,Com Vítimas Feridas,Pleno dia,Decrescente,Sol,Simples,Reta,Urbano,2014,2,0,1,0,1,0,1,2
83228933,2014-08-02,Sábado,19:30:00,RN,101,97.0,NATAL,Falta de atenção,Colisão traseira,Sem Vítimas,Plena noite,Crescente,Ceu Claro,Simples,Cruzamento,Urbano,2014,2,0,0,0,2,0,0,2
83228985,2014-08-06,Quarta,09:51:00,RN,101,84.0,SAO GONCALO DO AMARANTE,Falta de atenção,Colisão traseira,Sem Vítimas,Pleno dia,Crescente,Ceu Claro,Dupla,Reta,Urbano,2014,2,0,0,0,2,0,0,2
83228987,2014-07-06,Domingo,18:18:00,RN,406,165.0,CEARA-MIRIM,Outras,Colisão traseira,Sem Vítimas,Plena noite,Crescente,Ceu Claro,Simples,Reta,Rural,2014,2,0,0,0,2,0,0,2
83229003,2014-08-06,Quarta,21:05:00,RN,304,51.8,MOSSORO,Animais na Pista,Atropelamento de animal,Sem Vítimas,Plena noite,Crescente,Ceu Claro,Simples,Reta,Rural,2014,1,0,0,0,1,0,0,1
83229024,2014-08-06,Quarta,17:40:00,RN,304,100.3,MOSSORO,Outras,Colisão lateral,Com Vítimas Feridas,Anoitecer,Crescente,Ceu Claro,Simples,Curva,Rural,2014,3,0,1,0,2,0,1,3
83229177,2014-08-03,Domingo,17:35:00,RN,304,295.6,MACAIBA,Falta de atenção,Colisão traseira,Sem Vítimas,Anoitecer,Crescente,Ceu Claro,Simples,Reta,Rural,2014,3,0,0,0,3,0,0,3
83229246,2014-08-07,Quinta,07:40:00,RN,101,106.0,NATAL,Falta de atenção,Colisão lateral,Com Vítimas Feridas,Pleno dia,Decrescente,Ceu Claro,Dupla,Reta,Urbano,2014,2,0,1,0,1,0,1,2
83229268,2014-08-07,Quinta,08:00:00,RN,226,320.5,MESSIAS TARGINO,Animais na Pista,Atropelamento de animal,Sem Vítimas,Pleno dia,Crescente,Ceu Claro,Simples,Reta,Rural,2014,2,0,0,0,2,0,0,1
83229269,2014-08-07,Quinta,12:45:00,RN,101,99.9,NATAL,Não guardar distância de segurança,Colisão lateral,Sem Vítimas,Pleno dia,Decrescente,Sol,Dupla,Reta,Urbano,2014,2,0,0,0,2,0,0,2
83229289,2014-08-06,Quarta,05:30:00,RN,427,122.5,CAICO,Outras,Saída de Pista,Sem Vítimas,Amanhecer,Crescente,Ceu Claro,Simples,Curva,Rural,2014,1,0,0,0,1,0,0,1
83229329,2014-08-07,Quinta,15:00:00,RN,101,102.0,PARNAMIRIM,Desobediência à sinalização,Colisão lateral,Com Vítimas Feridas,Pleno dia,Crescente,Ceu Claro,Dupla,Cruzamento,Urbano,2014,2,0,1,0,1,0,1,2
83229429,2014-08-07,Quinta,19:40:00,RN,110,30.8,MOSSORO,Animais na Pista,Atropelamento de animal,Sem Vítimas,Plena noite,Crescente,Ceu Claro,Simples,Reta,Rural,2014,1,0,0,0,1,0,0,1
83229436,2014-08-07,Quinta,17:15:00,RN,101,95.1,NATAL,Falta de atenção,Colisão Transversal,Sem Vítimas,Anoitecer,Crescente,Ceu Claro,Dupla,Reta,Urbano,2014,2,0,0,0,2,0,0,2
83229510,2014-08-07,Quinta,11:30:00,RN,226,250.2,JUCURUTU,Defeito na via,Saída de Pista,Com Vítimas Feridas,Pleno dia,Crescente,Ceu Claro,Simples,Reta,Rural,2014,1,0,1,0,0,0,1,1
83229543,2014-08-07,Quinta,11:10:00,RN,226,248.3,JUCURUTU,Defeito na via,Saída de Pista,Sem Vítimas,Pleno dia,Crescente,Ceu Claro,Simples,Reta,Rural,2014,2,0,0,0,2,0,0,1
83229544,2014-08-04,Segunda,15:20:00,RN,304,296.5,MACAIBA,Não guardar distância de segurança,Colisão traseira,Sem Vítimas,Pleno dia,Crescente,Ceu Claro,Simples,Reta,Urbano,2014,3,0,0,0,3,0,0,3
83229554,2014-08-08,Sexta,08:00:00,RN,101,84.6,SAO GONCALO DO AMARANTE,Outras,Colisão lateral,Sem Vítimas,Pleno dia,Crescente,Ceu Claro,Dupla,Reta,Urbano,2014,2,0,0,0,2,0,0,2
83229588,2014-08-08,Sexta,06:25:00,RN,304,89.2,MOSSORO,Falta de atenção,Colisão Transversal,Sem Vítimas,Pleno dia,Decrescente,Ceu Claro,Simples,Reta,Rural,2014,2,0,0,0,2,0,0,2
83229627,2014-07-31,Quinta,17:15:00,RN,110,8.4,AREIA BRANCA,Falta de atenção,Colisão lateral,Com Vítimas Feridas,Anoitecer,Decrescente,Ceu Claro,Simples,Curva,Rural,2014,2,0,1,0,1,0,1,2
83229680,2014-08-08,Sexta,07:10:00,RN,226,3.2,NATAL,Não guardar distância de segurança,Colisão traseira,Sem Vítimas,Pleno dia,Decrescente,Sol,Simples,Reta,Urbano,2014,2,0,0,0,2,0,0,2
83229744,2014-08-07,Quinta,07:05:00,RN,304,41.0,MOSSORO,Outras,Colisão Transversal,Com Vítimas Feridas,Pleno dia,Crescente,Sol,Dupla,Reta,Urbano,2014,2,0,1,0,1,0,1,2
83229756,2014-08-08,Sexta,16:30:00,RN,304,297.0,MACAIBA,Outras,Tombamento,Com Vítimas Feridas,Pleno dia,Decrescente,Ceu Claro,Dupla,Curva,Urbano,2014,1,0,1,0,0,0,1,1
83229766,2014-08-08,Sexta,12:30:00,RN,101,95.0,NATAL,Outras,Colisão lateral,Sem Vítimas,Pleno dia,Crescente,Ceu Claro,Dupla,Cruzamento,Urbano,2014,2,0,0,0,2,0,0,2
83229886,2014-08-08,Sexta,18:00:00,RN,226,111.5,SANTA CRUZ,Ingestão de álcool,Colisão Transversal,Com Vítimas Feridas,Plena noite,Crescente,Ceu Claro,Simples,Reta,Urbano,2014,2,0,0,1,1,0,1,2
83229911,2014-08-08,Sexta,22:00:00,RN,101,82.0,NATAL,Não guardar distância de segurança,Colisão traseira,Com Vítimas Feridas,Plena noite,Decrescente,Ceu Claro,Dupla,Reta,Urbano,2014,2,0,1,0,0,1,1,2
83229920,2014-08-08,Sexta,19:10:00,RN,101,98.0,NATAL,Velocidade incompatível,Colisão traseira,Sem Vítimas,Plena noite,Decrescente,Ceu Claro,Múltipla,Reta,Urbano,2014,4,0,0,0,4,0,0,4
83229921,2014-08-08,Sexta,10:55:00,RN,101,96.0,NATAL,Velocidade incompatível,Colisão traseira,Sem Vítimas,Pleno dia,Crescente,Ceu Claro,Múltipla,Reta,Urbano,2014,2,0,0,0,2,0,0,2
83229924,2014-08-08,Sexta,06:20:00,RN,101,98.2,NATAL,Ultrapassagem indevida,Colisão Transversal,Sem Vítimas,Pleno dia,Crescente,Ceu Claro,Múltipla,Reta,Urbano,2014,2,0,0,0,1,1,0,2
83229925,2014-08-08,Sexta,13:20:00,RN,101,99.8,NATAL,Não guardar distância de segurança,Colisão traseira,Sem Vítimas,Pleno dia,Decrescente,Ceu Claro,Múltipla,Cruzamento,Urbano,2014,2,0,0,0,2,0,0,2
83229964,2014-08-08,Sexta,21:10:00,RN,101,98.0,NATAL,Falta de atenção,Colisão traseira,Sem Vítimas,Plena noite,Decrescente,Ceu Claro,Múltipla,Reta,Urbano,2014,2,0,0,0,2,0,0,2
83229992,2014-08-09,Sábado,03:40:00,RN,406,151.6,CEARA-MIRIM,Ingestão de álcool,Queda de motocicleta / bicicleta / veículo,Com Vítimas Feridas,Amanhecer,Decrescente,Ceu Claro,Dupla,Reta,Rural,2014,1,0,0,1,0,0,1,1
83230243,2014-08-08,Sexta,12:30:00,RN,226,116.3,SANTA CRUZ,Velocidade incompatível,Colisão traseira,Sem Vítimas,Pleno dia,Decrescente,Ceu Claro,Simples,Reta,Rural,2014,4,0,0,0,3,1,0,4
83230303,2014-08-09,Sábado,16:05:00,RN,101,84.0,SAO GONCALO DO AMARANTE,Não guardar distância de segurança,Colisão traseira,Sem Vítimas,Pleno dia,Crescente,Sol,Dupla,Reta,Urbano,2014,2,0,0,0,2,0,0,2
83230341,2014-08-01,Sexta,16:25:00,RN,226,3.8,NATAL,Outras,Queda de motocicleta / bicicleta / veículo,Com Vítimas Feridas,Pleno dia,Crescente,Ceu Claro,Simples,Cruzamento,Urbano,2014,3,0,0,2,1,0,2,2
83230343,2014-08-09,Sábado,19:05:00,RN,101,106.0,PARNAMIRIM,Não guardar distância de segurança,Colisão traseira,Sem Vítimas,Plena noite,Decrescente,Ceu Claro,Dupla,Cruzamento,Urbano,2014,2,0,0,0,2,0,0,2
83230382,2014-08-01,Sexta,20:00:00,RN,226,45.0,BOM JESUS,Ultrapassagem indevida,Colisão lateral,Com Vítimas Feridas,Plena noite,Decrescente,Ceu Claro,Simples,Reta,Rural,2014,3,0,1,0,2,0,1,3
83230463,2014-08-09,Sábado,22:30:00,RN,101,100.5,NATAL,Outras,Queda de motocicleta / bicicleta / veículo,Com Vítimas Feridas,Plena noite,Crescente,Ceu Claro,Dupla,Reta,Urbano,2014,1,0,1,0,0,0,1,1
83230719,2014-08-10,Domingo,08:45:00,RN,427,16.2,ACARI,Outras,Capotamento,Com Vítimas Feridas,Pleno dia,Decrescente,Nevoeiro/neblina,Simples,Curva,Rural,2014,3,0,3,0,0,0,3,1
83230759,2014-08-10,Domingo,17:00:00,RN,406,162.0,SAO GONCALO DO AMARANTE,Não guardar distância de segurança,Colisão traseira,Sem Vítimas,Pleno dia,Decrescente,Ceu Claro,Simples,Reta,Urbano,2014,2,0,0,0,2,0,0,2
83230773,2014-08-10,Domingo,18:50:00,RN,101,99.7,PARNAMIRIM,Falta de atenção,Colisão lateral,Sem Vítimas,Plena noite,Decrescente,Ceu Claro,Múltipla,Reta,Urbano,2014,2,0,0,0,2,0,0,2
83230776,2014-08-10,Domingo,14:40:00,RN,304,24.4,MOSSORO,Ingestão de álcool,Saída de Pista,Com Vítimas Feridas,Pleno dia,Decrescente,Ceu Claro,Dupla,Curva,Rural,2014,1,0,1,0,0,0,1,1
83230916,2014-08-11,Segunda,00:10:00,RN,406,162.7,CEARA-MIRIM,Dormindo,Saída de Pista,Sem Vítimas,Plena noite,Decrescente,Chuva,Simples,Reta,Urbano,2014,1,0,0,0,1,0,0,1
83230989,2014-08-10,Domingo,17:30:00,RN,427,27.2,ACARI,Outras,Colisão Transversal,Com Vítimas Feridas,Anoitecer,Decrescente,Ceu Claro,Simples,Reta,Urbano,2014,2,0,1,0,1,0,1,2
83231022,2014-08-08,Sexta,06:20:00,RN,304,46.4,MOSSORO,Velocidade incompatível,Colisão lateral,Com Vítimas Feridas,Amanhecer,Crescente,Ceu Claro,Dupla,Reta,Urbano,2014,7,0,4,0,3,0,4,3
83231056,2014-08-11,Segunda,08:50:00,RN,101,94.0,NATAL,Não guardar distância de segurança,Colisão traseira,Sem Vítimas,Pleno dia,Decrescente,Ceu Claro,Dupla,Curva,Urbano,2014,2,0,0,0,2,0,0,2
83231073,2014-08-09,Sábado,11:00:00,RN,304,238.0,RIACHUELO,Falta de atenção,Atropelamento de pessoa,Com Vítimas Feridas,Pleno dia,Crescente,Sol,Simples,Reta,Urbano,2014,2,0,1,0,1,0,1,1
83231093,2014-08-11,Segunda,06:40:00,RN,304,47.1,MOSSORO,Falta de atenção,Colisão lateral,Com Vítimas Feridas,Pleno dia,Crescente,Ceu Claro,Dupla,Reta,Urbano,2014,2,0,1,0,1,0,1,2
83231109,2014-08-10,Domingo,07:30:00,RN,226,175.0,CURRAIS NOVOS,Falta de atenção,Colisão lateral,Sem Vítimas,Pleno dia,Decrescente,Ceu Claro,Dupla,Reta,Urbano,2014,2,0,0,0,2,0,0,2
83231131,2014-08-03,Domingo,19:30:00,RN,406,101.2,JOAO CAMARA,Falta de atenção,Colisão traseira,Com Vítimas Feridas,Plena noite,Crescente,Nublado,Simples,Cruzamento,Urbano,2014,2,0,0,1,1,0,1,2
83231166,2014-08-07,Quinta,14:45:00,RN,101,85.4,SAO GONCALO DO AMARANTE,Outras,Colisão Transversal,Sem Vítimas,Pleno dia,Crescente,Sol,Dupla,Reta,Urbano,2014,3,0,0,0,3,0,0,3
83231215,2014-08-11,Segunda,12:35:00,RN,101,107.7,PARNAMIRIM,Defeito mecânico em veículo,Colisão traseira,Sem Vítimas,Pleno dia,Decrescente,Ceu Claro,Dupla,Cruzamento,Urbano,2014,2,0,0,0,2,0,0,2
83231278,2014-08-07,Quinta,11:00:00,RN,226,242.0,JUCURUTU,Defeito na via,Saída de Pista,Com Vítimas Feridas,Pleno dia,Decrescente,Ceu Claro,Simples,Curva,Rural,2014,2,0,1,0,1,0,1,1
83231283,2014-08-07,Quinta,08:30:00,RN,101,94.5,NATAL,Defeito mecânico em veículo,Colisão lateral,Com Vítimas Feridas,Pleno dia,Decrescente,Sol,Dupla,Reta,Urbano,2014,3,0,1,0,2,0,1,2
83231284,2014-08-11,Segunda,18:00:00,RN,101,102.5,PARNAMIRIM,Falta de atenção,Colisão traseira,Sem Vítimas,Plena noite,Decrescente,Ceu Claro,Dupla,Reta,Urbano,2014,2,0,0,0,2,0,0,2
83231308,2014-08-11,Segunda,16:15:00,RN,304,294.9,MACAIBA,Não guardar distância de segurança,Colisão traseira,Sem Vítimas,Pleno dia,Crescente,Sol,Simples,Reta,Rural,2014,2,0,0,0,2,0,0,2
83231317,2014-08-11,Segunda,17:20:00,RN,304,247.2,RIACHUELO,Falta de atenção,Colisão traseira,Com Vítimas Feridas,Anoitecer,Decrescente,Ceu Claro,Simples,Reta,Rural,2014,2,0,0,1,1,0,1,2
83231327,2014-08-11,Segunda,17:10:00,RN,101,108.0,PARNAMIRIM,Outras,Colisão lateral,Sem Vítimas,Anoitecer,Decrescente,Nublado,Dupla,Cruzamento,Urbano,2014,2,0,0,0,2,0,0,2
83231348,2014-08-11,Segunda,09:17:00,RN,101,83.0,NATAL,Falta de atenção,Colisão traseira,Sem Vítimas,Pleno dia,Decrescente,Ceu Claro,Dupla,Reta,Urbano,2014,2,0,0,0,1,1,0,2
83231361,2014-08-03,Domingo,19:00:00,RN,101,82.9,SAO GONCALO DO AMARANTE,Falta de atenção,Colisão lateral,Com Vítimas Feridas,Plena noite,Crescente,Ceu Claro,Dupla,Reta,Urbano,2014,2,0,0,1,0,1,1,2
83231429,2014-08-04,Segunda,03:10:00,RN,101,82.2,NATAL,Falta de atenção,Colisão Transversal,Sem Vítimas,Plena noite,Decrescente,Ceu Claro,Dupla,Reta,Urbano,2014,2,0,0,0,2,0,0,2
83231587,2014-08-08,Sexta,22:20:00,RN,101,125.0,SAO JOSE DE MIPIBU,Outras,Colisão Transversal,Com Vítimas Feridas,Pleno dia,Crescente,Ceu Claro,Dupla,Cruzamento,Urbano,2014,3,0,2,0,1,0,2,2
83231632,2014-08-08,Sexta,20:40:00,RN,406,103.8,JOAO CAMARA,Outras,Colisão lateral,Sem Vítimas,Plena noite,Crescente,Ceu Claro,Simples,Reta,Urbano,2014,2,0,0,0,2,0,0,2
83231639,2014-08-11,Segunda,20:30:00,RN,226,174.2,CURRAIS NOVOS,Desobediência à sinalização,Atropelamento de pessoa,Com Vítimas Feridas,Plena noite,Decrescente,Ceu Claro,Simples,Reta,Urbano,2014,2,0,0,1,0,1,1,1
83231679,2014-08-12,Terça,14:10:00,RN,406,168.0,SAO GONCALO DO AMARANTE,Outras,Colisão Transversal,Sem Vítimas,Pleno dia,Crescente,Ceu Claro,Dupla,Reta,Urbano,2014,2,0,0,0,2,0,0,2
83231779,2014-08-12,Terça,18:05:00,RN,101,84.0,SAO GONCALO DO AMARANTE,Falta de atenção,Atropelamento de pessoa,Com Vítimas Feridas,Anoitecer,Crescente,Ceu Claro,Dupla,Reta,Urbano,2014,3,0,3,0,0,0,3,1
83231806,2014-08-12,Terça,14:35:00,RN,110,47.2,MOSSORO,Falta de atenção,Colisão traseira,Com Vítimas Feridas,Pleno dia,Decrescente,Ceu Claro,Simples,Reta,Urbano,2014,2,0,1,0,1,0,1,2
83231857,2014-08-12,Terça,16:55:00,RN,110,46.8,MOSSORO,Falta de atenção,Colisão lateral,Com Vítimas Feridas,Pleno dia,Decrescente,Sol,Simples,Cruzamento,Urbano,2014,2,0,2,0,0,0,2,2
83231888,2014-08-12,Terça,09:00:00,RN,405,153.0,PAU DOS FERROS,Falta de atenção,Colisão Transversal,Sem Vítimas,Pleno dia,Decrescente,Ceu Claro,Simples,Curva,Urbano,2014,3,0,0,0,3,0,0,2
83232120,2014-08-09,Sábado,13:00:00,RN,304,108.0,ASSU,Não guardar distância de segurança,Colisão traseira,Sem Vítimas,Pleno dia,Crescente,Ceu Claro,Simples,Reta,Rural,2014,2,0,0,0,1,1,0,2
83232173,2014-08-13,Quarta,09:40:00,RN,101,96.7,NATAL,Não guardar distância de segurança,Colisão traseira,Sem Vítimas,Pleno dia,Decrescente,Sol,Dupla,Cruzamento,Urbano,2014,2,0,0,0,2,0,0,2
83232213,2014-08-13,Quarta,11:15:00,RN,101,97.2,NATAL,Outras,Colisão frontal,Com Vítimas Feridas,Pleno dia,Crescente,Ceu Claro,Dupla,Reta,Urbano,2014,2,0,1,0,1,0,1,2
83232233,2014-08-01,Sexta,11:50:00,RN,101,107.7,PARNAMIRIM,Falta de atenção,Colisão traseira,Com Vítimas Feridas,Pleno dia,Crescente,Ceu Claro,Dupla,Cruzamento,Urbano,2014,2,0,1,0,1,0,1,2
83232269,2014-08-13,Quarta,07:30:00,RN,101,85.0,SAO GONCALO DO AMARANTE,Não guardar distância de segurança,Colisão lateral,Sem Vítimas,Pleno dia,Crescente,Sol,Dupla,Reta,Urbano,2014,2,0,0,0,2,0,0,2
83232306,2014-07-28,Segunda,12:20:00,RN,101,7.8,TOUROS,Defeito na via,Colisão Transversal,Com Vítimas Fatais,Pleno dia,Crescente,Chuva,Simples,Reta,Rural,2014,3,1,2,0,0,0,2,2
83232382,2014-08-13,Quarta,17:50:00,RN,101,106.0,PARNAMIRIM,Outras,Colisão Transversal,Com Vítimas Feridas,Anoitecer,Crescente,Ceu Claro,Dupla,Cruzamento,Urbano,2014,2,0,1,0,1,0,1,2
83232402,2014-08-13,Quarta,17:00:00,RN,101,96.2,NATAL,Outras,Colisão Transversal,Sem Vítimas,Pleno dia,Decrescente,Ceu Claro,Dupla,Reta,Urbano,2014,2,0,0,0,2,0,0,2
83232476,2014-08-10,Domingo,12:50:00,RN,304,296.7,MACAIBA,Falta de atenção,Atropelamento de pessoa,Com Vítimas Feridas,Pleno dia,Crescente,Ceu Claro,Simples,Reta,Urbano,2014,2,0,1,0,1,0,1,1
83232481,2014-05-18,Domingo,22:50:00,RN,406,150.0,CEARA-MIRIM,Outras,Colisão traseira,Com Vítimas Feridas,Plena noite,Crescente,Ceu Claro,Simples,Reta,Rural,2014,3,0,2,0,0,1,2,2
83232482,2014-08-10,Domingo,14:50:00,RN,304,39.5,MOSSORO,Falta de atenção,Colisão com objeto fixo,Com Vítimas Feridas,Pleno dia,Decrescente,Ceu Claro,Dupla,Curva,Urbano,2014,1,0,0,1,0,0,1,1
83232486,2014-08-12,Terça,16:50:00,RN,101,102.5,PARNAMIRIM,Ingestão de álcool,Colisão traseira,Sem Vítimas,Pleno dia,Decrescente,Ceu Claro,Dupla,Reta,Urbano,2014,3,0,0,0,2,1,0,3