id,data_inversa,dia_semana,horario,uf,br,km,municipio,causa_acidente,tipo_acidente,classificacao_acidente,fase_dia,sentido_via,condicao_metereologica,tipo_pista,tracado_via,uso_solo,ano,pessoas,mortos,feridos_leves,feridos_graves,ilesos,ignorados,feridos,veiculos
83232487,2014-08-13,Quarta,09:30:00,RN,427,87.2,CAICO,Outras,Capotamento,Sem Vítimas,Pleno dia,Crescente,Ceu Claro,Simples,Curva,Rural,2014,1,0,0,0,1,0,0,1
83232493,2014-08-10,Domingo,16:45:00,RN,304,297.7,MACAIBA,Não guardar distância de segurança,Colisão traseira,Com Vítimas Feridas,Pleno dia,Crescente,Sol,Simples,Reta,Urbano,2014,2,0,1,0,1,0,1,2
83232557,2014-08-14,Quinta,07:30:00,RN,101,98.0,NATAL,Falta de atenção,Colisão lateral,Sem Vítimas,Plena noite,Crescente,Nublado,Dupla,Reta,Urbano,2014,2,0,0,0,2,0,0,2
83232566,2014-05-19,Segunda,08:50:00,RN,101,86.0,NATAL,Falta de atenção,Colisão traseira,Sem Vítimas,Pleno dia,Decrescente,Sol,Dupla,Reta,Urbano,2014,2,0,0,0,2,0,0,2
83232700,2014-08-14,Quinta,11:10:00,RN,101,125.0,SAO JOSE DE MIPIBU,Falta de atenção,Colisão lateral,Sem Vítimas,Pleno dia,Crescente,Ceu Claro,Dupla,Reta,Urbano,2014,2,0,0,0,2,0,0,2
83232714,2014-08-10,Domingo,15:45:00,RN,101,107.4,PARNAMIRIM,Não guardar distância de segurança,Colisão traseira,Sem Vítimas,Pleno dia,Decrescente,Nublado,Dupla,Reta,Urbano,2014,3,0,0,0,3,0,0,3
83232748,2014-08-14,Quinta,14:50:00,RN,101,98.0,NATAL,Outras,Colisão frontal,Sem Vítimas,Pleno dia,Crescente,Ceu Claro,Dupla,Cruzamento,Urbano,2014,2,0,0,0,2,0,0,2
83232797,2014-08-14,Quinta,17:52:00,RN,101,80.0,SAO GONCALO DO AMARANTE,Falta de atenção,Colisão lateral,Sem Vítimas,Anoitecer,Crescente,Nublado,Dupla,Cruzamento,Urbano,2014,2,0,0,0,2,0,0,2
83232851,2014-08-14,Quinta,12:25:00,RN,304,35.0,MOSSORO,Não guardar distância de segurança,Colisão traseira,Sem Vítimas,Pleno dia,Decrescente,Ceu Claro,Simples,Curva,Urbano,2014,2,0,0,0,2,0,0,2
83232876,2014-08-14,Quinta,13:55:00,RN,304,35.0,MOSSORO,Não guardar distância de segurança,Colisão traseira,Sem Vítimas,Pleno dia,Decrescente,Sol,Dupla,Cruzamento,Urbano,2014,2,0,0,0,2,0,0,2
83232970,2014-08-12,Terça,20:30:00,RN,226,48.7,BOM JESUS,Falta de atenção,Colisão Transversal,Sem Vítimas,Plena noite,Decrescente,Ceu Claro,Simples,Reta,Urbano,2014,2,0,0,0,2,0,0,2
83232982,2014-08-15,Sexta,08:10:00,RN,101,114.9,SAO JOSE DE MIPIBU,Falta de atenção,Saída de Pista,Sem Vítimas,Pleno dia,Crescente,Ceu Claro,Dupla,Curva,Urbano,2014,1,0,0,0,1,0,0,1
83233088,2014-08-11,Segunda,13:20:00,RN,406,16.3,SAO GONCALO DO AMARANTE,Não guardar distância de segurança,Colisão traseira,Sem Vítimas,Pleno dia,Crescente,Sol,Simples,Reta,Rural,2014,2,0,0,0,2,0,0,2
83233091,2014-08-15,Sexta,11:10:00,RN,101,106.5,PARNAMIRIM,Não guardar distância de segurança,Colisão traseira,Sem Vítimas,Pleno dia,Decrescente,Ceu Claro,Dupla,Reta,Urbano,2014,3,0,0,0,3,0,0,3
83233133,2014-08-15,Sexta,07:20:00,RN,110,38.7,MOSSORO,Ingestão de álcool,Colisão lateral,Com Vítimas Feridas,Pleno dia,Decrescente,Sol,Simples,Curva,Rural,2014,2,0,1,0,1,0,1,2
83233161,2014-08-15,Sexta,10:32:00,RN,101,106.8,PARNAMIRIM,Falta de atenção,Colisão com objeto fixo,Sem Vítimas,Pleno dia,Decrescente,Sol,Múltipla,Curva,Urbano,2014,1,0,0,0,1,0,0,1
83233205,2014-08-15,Sexta,11:20:00,RN,405,98.6,SEVERIANO MELO,Falta de atenção,Colisão traseira,Sem Vítimas,Pleno dia,Crescente,Ceu Claro,Simples,Reta,Rural,2014,2,0,0,0,2,0,0,2
83233251,2014-08-15,Sexta,09:50:00,RN,304,47.6,MOSSORO,Outras,Colisão Transversal,Com Vítimas Feridas,Pleno dia,Decrescente,Sol,Simples,Reta,Urbano,2014,2,0,1,0,1,0,1,2
83233331,2014-08-15,Sexta,18:20:00,RN,101,95.3,NATAL,Não guardar distância de segurança,Colisão traseira,Sem Vítimas,Plena noite,Crescente,Ceu Claro,Múltipla,Cruzamento,Urbano,2014,2,0,0,0,2,0,0,2
83233335,2014-08-15,Sexta,19:20:00,RN,101,95.9,NATAL,Falta de atenção,Colisão traseira,Sem Vítimas,Plena noite,Crescente,Ceu Claro,Múltipla,Reta,Urbano,2014,3,0,0,0,3,0,0,3
83233669,2014-08-12,Terça,16:25:00,RN,101,84.6,NATAL,Outras,Colisão lateral,Sem Vítimas,Pleno dia,Decrescente,Ceu Claro,Dupla,Reta,Urbano,2014,2,0,0,0,2,0,0,2
83233765,2014-08-08,Sexta,11:35:00,RN,101,106.7,PARNAMIRIM,Não guardar distância de segurança,Colisão traseira,Sem Vítimas,Pleno dia,Decrescente,Ceu Claro,Dupla,Reta,Urbano,2014,2,0,0,0,2,0,0,2
83233803,2014-08-16,Sábado,17:35:00,RN,101,99.7,NATAL,Falta de atenção,Colisão traseira,Sem Vítimas,Anoitecer,Decrescente,Ceu Claro,Dupla,Reta,Urbano,2014,2,0,0,0,2,0,0,2
83233855,2014-08-16,Sábado,20:20:00,RN,304,74.8,MOSSORO,Defeito mecânico em veículo,Saída de Pista,Sem Vítimas,Plena noite,Decrescente,Ceu Claro,Simples,Reta,Rural,2014,1,0,0,0,1,0,0,1
83233935,2014-08-16,Sábado,21:25:00,RN,101,97.7,NATAL,Ingestão de álcool,Atropelamento de pessoa,Com Vítimas Feridas,Plena noite,Decrescente,Ceu Claro,Dupla,Reta,Urbano,2014,2,0,2,0,0,0,2,1
83233945,2014-08-16,Sábado,16:45:00,RN,101,125.0,SAO JOSE DE MIPIBU,Desobediência à sinalização,Colisão lateral,Sem Vítimas,Anoitecer,Decrescente,Ceu Claro,Dupla,Reta,Urbano,2014,2,0,0,0,1,1,0,2
83233964,2014-08-15,Sexta,09:08:00,RN,101,97.7,NATAL,Falta de atenção,Colisão lateral,Sem Vítimas,Pleno dia,Decrescente,Ceu Claro,Dupla,Reta,Urbano,2014,2,0,0,0,2,0,0,2
83233973,2014-08-17,Domingo,05:50:00,RN,101,76.5,SAO GONCALO DO AMARANTE,Outras,Capotamento,Sem Vítimas,Amanhecer,Crescente,Ceu Claro,Dupla,Reta,Urbano,2014,1,0,0,0,1,0,0,1
83233985,2014-08-13,Quarta,15:10:00,RN,101,97.2,NATAL,Não guardar distância de segurança,Colisão lateral,Sem Vítimas,Pleno dia,Decrescente,Ceu Claro,Dupla,Reta,Urbano,2014,2,0,0,0,2,0,0,2
83233992,2014-08-13,Quarta,20:50:00,RN,226,76.5,TANGARA,Não guardar distância de segurança,Colisão traseira,Com Vítimas Feridas,Plena noite,Crescente,Ceu Claro,Simples,Reta,Rural,2014,2,0,0,1,1,0,1,2
83234016,2014-08-17,Domingo,08:40:00,RN,101,101.9,PARNAMIRIM,Dormindo,Colisão traseira,Sem Vítimas,Pleno dia,Decrescente,Ceu Claro,Dupla,Reta,Urbano,2014,2,0,0,0,2,0,0,2
83234048,2014-08-05,Terça,08:00:00,RN,226,6.5,NATAL,Outras,Capotamento,Com Vítimas Fatais,Pleno dia,Crescente,Ceu Claro,Simples,Curva,Rural,2014,2,1,0,1,0,0,1,1
83234129,2014-08-17,Domingo,12:00:00,RN,101,135.8,ARES,Falta de atenção,Capotamento,Com Vítimas Feridas,Pleno dia,Decrescente,Chuva,Dupla,Reta,Rural,2014,1,0,1,0,0,0,1,1
83234132,2014-08-13,Quarta,18:00:00,RN,101,82.0,SAO GONCALO DO AMARANTE,Não guardar distância de segurança,Colisão traseira,Sem Vítimas,Plena noite,Crescente,Ceu Claro,Dupla,Reta,Urbano,2014,3,0,0,0,3,0,0,3
83234210,2014-08-17,Domingo,17:20:00,RN,304,39.2,MOSSORO,Falta de atenção,Colisão Transversal,Com Vítimas Feridas,Anoitecer,Decrescente,Ceu Claro,Dupla,Reta,Urbano,2014,2,0,0,1,1,0,1,2
83234251,2014-08-13,Quarta,19:20:00,RN,101,104.4,PARNAMIRIM,Falta de atenção,Colisão lateral,Sem Vítimas,Plena noite,Decrescente,Ceu Claro,Dupla,Curva,Urbano,2014,2,0,0,0,2,0,0,2
83234272,2014-08-17,Domingo,16:05:00,RN,110,48.7,MOSSORO,Outras,Colisão Transversal,Com Vítimas Feridas,Pleno dia,Decrescente,Ceu Claro,Dupla,Cruzamento,Urbano,2014,2,0,1,0,0,1,1,2
83234293,2014-08-17,Domingo,21:00:00,RN,101,101.9,PARNAMIRIM,Não guardar distância de segurança,Colisão traseira,Sem Vítimas,Plena noite,Crescente,Nublado,Dupla,Reta,Urbano,2014,3,0,0,0,3,0,0,3
83234301,2014-08-17,Domingo,20:20:00,RN,101,97.9,NATAL,Outras,Tombamento,Com Vítimas Feridas,Plena noite,Crescente,Ceu Claro,Dupla,Reta,Urbano,2014,1,0,1,0,0,0,1,1
83234329,2014-08-17,Domingo,19:25:00,RN,427,1.1,CURRAIS NOVOS,Falta de atenção,Colisão Transversal,Com Vítimas Feridas,Plena noite,Decrescente,Ceu Claro,Simples,Reta,Urbano,2014,2,0,0,1,0,1,1,2
83234355,2014-08-17,Domingo,18:00:00,RN,110,68.3,MOSSORO,Animais na Pista,Atropelamento de animal,Com Vítimas Feridas,Plena noite,Decrescente,Ceu Claro,Simples,Reta,Rural,2014,1,0,0,1,0,0,1,1
83234358,2014-08-17,Domingo,19:00:00,RN,226,96.2,SANTA CRUZ,Falta de atenção,Colisão frontal,Com Vítimas Fatais,Plena noite,Crescente,Ceu Claro,Simples,Reta,Rural,2014,3,1,0,0,1,1,0,2
83234407,2014-08-16,Sábado,16:45:00,RN,101,105.9,PARNAMIRIM,Desobediência à sinalização,Colisão Transversal,Sem Vítimas,Pleno dia,Crescente,Ceu Claro,Dupla,Reta,Urbano,2014,2,0,0,0,2,0,0,2
83234410,2014-04-06,Domingo,10:34:00,RN,405,2.0,MOSSORO,Outras,Colisão traseira,Com Vítimas Feridas,Pleno dia,Crescente,Ceu Claro,Dupla,Cruzamento,Urbano,2014,2,0,1,0,1,0,1,2
83234434,2014-08-18,Segunda,07:15:00,RN,304,296.0,MACAIBA,Falta de atenção,Colisão traseira,Sem Vítimas,Pleno dia,Crescente,Ceu Claro,Simples,Reta,Urbano,2014,3,0,0,0,3,0,0,3
83234543,2014-08-18,Segunda,10:40:00,RN,226,174.7,CURRAIS NOVOS,Desobediência à sinalização,Colisão Transversal,Com Vítimas Feridas,Pleno dia,Decrescente,Ceu Claro,Dupla,Reta,Urbano,2014,3,0,0,2,1,0,2,2
83234557,2014-08-18,Segunda,09:00:00,RN,101,106.0,PARNAMIRIM,Não guardar distância de segurança,Colisão lateral,Sem Vítimas,Pleno dia,Crescente,Nublado,Dupla,Cruzamento,Urbano,2014,2,0,0,0,2,0,0,2
83234671,2014-08-18,Segunda,16:10:00,RN,101,95.9,NATAL,Desobediência à sinalização,Colisão lateral,Sem Vítimas,Pleno dia,Crescente,Nublado,Dupla,Reta,Urbano,2014,2,0,0,0,2,0,0,2
83234677,2014-08-18,Segunda,17:10:00,RN,304,300.6,MACAIBA,Falta de atenção,Colisão traseira,Com Vítimas Feridas,Anoitecer,Decrescente,Nublado,Dupla,Reta,Urbano,2014,2,0,1,0,1,0,1,2
83234725,2014-08-18,Segunda,19:10:00,RN,110,47.5,MOSSORO,Outras,Colisão Transversal,Sem Vítimas,Plena noite,Crescente,Ceu Claro,Simples,Reta,Urbano,2014,2,0,0,0,1,1,0,2
83234761,2014-08-18,Segunda,12:10:00,RN,101,96.0,NATAL,Não guardar distância de segurança,Colisão Transversal,Sem Vítimas,Pleno dia,Decrescente,Ceu Claro,Múltipla,Cruzamento,Urbano,2014,2,0,0,0,2,0,0,2
83234770,2014-08-18,Segunda,19:05:00,RN,101,98.0,NATAL,Falta de atenção,Colisão traseira,Sem Vítimas,Plena noite,Decrescente,Chuva,Múltipla,Cruzamento,Urbano,2014,2,0,0,0,2,0,0,2
83234788,2014-08-18,Segunda,08:10:00,RN,304,301.0,MACAIBA,Outras,Colisão lateral,Sem Vítimas,Pleno dia,Decrescente,Sol,Múltipla,Reta,Urbano,2014,3,0,0,0,3,0,0,3
83234988,2014-08-19,Terça,07:50:00,RN,101,98.9,PARNAMIRIM,Falta de atenção,Colisão lateral,Sem Vítimas,Pleno dia,Decrescente,Ceu Claro,Dupla,Reta,Urbano,2014,2,0,0,0,2,0,0,2
83235010,2014-08-16,Sábado,05:30:00,RN,226,112.6,SANTA CRUZ,Ultrapassagem indevida,Colisão frontal,Com Vítimas Feridas,Amanhecer,Decrescente,Ceu Claro,Simples,Curva,Urbano,2014,3,0,2,1,0,0,3,2
83235074,2014-08-19,Terça,07:20:00,RN,101,105.6,PARNAMIRIM,Não guardar distância de segurança,Colisão lateral,Com Vítimas Feridas,Pleno dia,Decrescente,Ceu Claro,Dupla,Reta,Urbano,2014,2,0,2,0,0,0,2,2
83235131,2014-08-19,Terça,16:30:00,RN,101,125.8,SAO JOSE DE MIPIBU,Outras,Colisão Transversal,Com Vítimas Feridas,Pleno dia,Crescente,Ceu Claro,Dupla,Reta,Urbano,2014,2,0,1,0,0,1,1,2
83235145,2014-08-19,Terça,14:30:00,RN,304,300.4,MACAIBA,Outras,Saída de Pista,Com Vítimas Feridas,Pleno dia,Decrescente,Sol,Dupla,Reta,Rural,2014,1,0,1,0,0,0,1,1
83235225,2014-08-19,Terça,09:40:00,RN,406,44.4,GUAMARE,Falta de atenção,Colisão Transversal,Com Vítimas Fatais,Pleno dia,Decrescente,Ceu Claro,Simples,Reta,Rural,2014,2,1,0,0,1,0,0,2
83235279,2014-08-19,Terça,18:00:00,RN,101,165.7,CANGUARETAMA,Defeito na via,Colisão com objeto fixo,Sem Vítimas,Plena noite,Decrescente,Ceu Claro,Dupla,Reta,Rural,2014,1,0,0,0,1,0,0,1
83235281,2014-08-19,Terça,17:00:00,RN,101,165.7,CANGUARETAMA,Defeito na via,Colisão com objeto fixo,Sem Vítimas,Anoitecer,Decrescente,Ceu Claro,Dupla,Reta,Rural,2014,1,0,0,0,1,0,0,1
83235282,2014-08-19,Terça,18:50:00,RN,101,165.7,CANGUARETAMA,Defeito na via,Colisão com objeto fixo,Sem Vítimas,Plena noite,Decrescente,Ceu Claro,Dupla,Reta,Rural,2014,1,0,0,0,1,0,0,1
83235297,2014-08-19,Terça,20:35:00,RN,304,105.1,ASSU,Outras,Capotamento,Sem Vítimas,Plena noite,Decrescente,Ceu Claro,Simples,Reta,Rural,2014,1,0,0,0,1,0,0,1
83235386,2014-08-20,Quarta,07:25:00,RN,406,126.0,POCO BRANCO,Animais na Pista,Atropelamento de animal,Sem Vítimas,Pleno dia,Crescente,Ceu Claro,Dupla,Reta,Rural,2014,1,0,0,0,1,0,0,1
83235647,2014-08-20,Quarta,18:50:00,RN,101,98.9,NATAL,Não guardar distância de segurança,Colisão traseira,Sem Vítimas,Plena noite,Decrescente,Ceu Claro,Múltipla,Reta,Urbano,2014,3,0,0,0,2,1,0,3
83235668,2014-08-20,Quarta,16:45:00,RN,405,1.0,MOSSORO,Outras,Colisão Transversal,Com Vítimas Feridas,Pleno dia,Crescente,Ceu Claro,Dupla,Reta,Urbano,2014,3,0,1,2,0,0,3,2
83235840,2014-08-17,Domingo,13:55:00,RN,101,80.8,NATAL,Falta de atenção,Colisão Transversal,Sem Vítimas,Pleno dia,Decrescente,Ceu Claro,Dupla,Cruzamento,Urbano,2014,2,0,0,0,2,0,0,2
83235843,2014-08-21,Quinta,08:20:00,RN,101,84.8,SAO GONCALO DO AMARANTE,Outras,Colisão lateral,Sem Vítimas,Pleno dia,Crescente,Ceu Claro,Simples,Reta,Urbano,2014,2,0,0,0,2,0,0,2
83235849,2014-08-21,Quinta,09:00:00,RN,101,84.5,SAO GONCALO DO AMARANTE,Falta de atenção,Colisão lateral,Sem Vítimas,Pleno dia,Crescente,Ceu Claro,Dupla,Cruzamento,Urbano,2014,2,0,0,0,2,0,0,2
83235874,2014-08-21,Quinta,11:00:00,RN,101,97.0,NATAL,Falta de atenção,Colisão traseira,Sem Vítimas,Pleno dia,Crescente,Sol,Dupla,Reta,Urbano,2014,2,0,0,0,2,0,0,2
83235897,2014-08-21,Quinta,09:20:00,RN,101,95.7,NATAL,Desobediência à sinalização,Colisão lateral,Sem Vítimas,Pleno dia,Crescente,Ceu Claro,Dupla,Reta,Urbano,2014,2,0,0,0,2,0,0,2
83235904,2014-08-21,Quinta,08:00:00,RN,110,48.1,MOSSORO,Outras,Colisão Transversal,Sem Vítimas,Pleno dia,Decrescente,Sol,Simples,Reta,Urbano,2014,2,0,0,0,2,0,0,2
83236069,2014-08-21,Quinta,17:50:00,RN,101,110.0,PARNAMIRIM,Falta de atenção,Colisão traseira,Com Vítimas Feridas,Anoitecer,Decrescente,Ceu Claro,Dupla,Cruzamento,Urbano,2014,3,0,0,2,1,0,2,2
83236160,2014-08-17,Domingo,11:30:00,RN,101,94.3,NATAL,Desobediência à sinalização,Colisão Transversal,Sem Vítimas,Pleno dia,Crescente,Chuva,Dupla,Reta,Urbano,2014,2,0,0,0,2,0,0,2
83236233,2014-08-21,Quinta,06:05:00,RN,304,47.5,MOSSORO,Desobediência à sinalização,Colisão Transversal,Com Vítimas Feridas,Pleno dia,Decrescente,Sol,Dupla,Cruzamento,Urbano,2014,2,0,1,0,1,0,1,2
83236248,2014-08-22,Sexta,07:10:00,RN,101,97.6,NATAL,Falta de atenção,Colisão traseira,Sem Vítimas,Pleno dia,Decrescente,Sol,Múltipla,Reta,Urbano,2014,2,0,0,0,2,0,0,2
83236263,2014-08-05,Terça,16:15:00,RN,304,43.4,MOSSORO,Desobediência à sinalização,Colisão Transversal,Com Vítimas Feridas,Pleno dia,Decrescente,Sol,Dupla,Reta,Urbano,2014,2,0,1,0,1,0,1,2
83236295,2014-08-22,Sexta,07:00:00,RN,101,80.7,NATAL,Falta de atenção,Colisão lateral,Com Vítimas Feridas,Pleno dia,Decrescente,Ceu Claro,Dupla,Reta,Urbano,2014,2,0,1,0,1,0,1,2
83236304,2014-08-22,Sexta,07:20:00,RN,101,86.0,SAO GONCALO DO AMARANTE,Outras,Colisão Transversal,Sem Vítimas,Pleno dia,Crescente,Ceu Claro,Dupla,Reta,Urbano,2014,2,0,0,0,2,0,0,2
83236389,2014-08-22,Sexta,13:15:00,RN,304,35.0,MOSSORO,Outras,Danos Eventuais,Sem Vítimas,Pleno dia,Crescente,Sol,Dupla,Cruzamento,Urbano,2014,2,0,0,0,1,1,0,2
83236421,2014-08-22,Sexta,14:00:00,RN,101,107.1,PARNAMIRIM,Falta de atenção,Colisão traseira,Sem Vítimas,Pleno dia,Decrescente,Ceu Claro,Dupla,Reta,Urbano,2014,3,0,0,0,3,0,0,3
83236423,2014-08-22,Sexta,14:10:00,RN,101,107.2,PARNAMIRIM,Não guardar distância de segurança,Colisão traseira,Sem Vítimas,Pleno dia,Decrescente,Ceu Claro,Dupla,Reta,Urbano,2014,2,0,0,0,2,0,0,2
83236425,2014-08-22,Sexta,06:50:00,RN,101,98.0,NATAL,Não guardar distância de segurança,Colisão traseira,Sem Vítimas,Pleno dia,Decrescente,Ceu Claro,Dupla,Reta,Urbano,2014,3,0,0,0,3,0,0,3
83236430,2014-08-22,Sexta,11:40:00,RN,101,101.5,PARNAMIRIM,Falta de atenção,Colisão lateral,Sem Vítimas,Pleno dia,Decrescente,Ceu Claro,Múltipla,Cruzamento,Urbano,2014,2,0,0,0,2,0,0,2
83236434,2014-08-22,Sexta,12:15:00,RN,101,101.9,PARNAMIRIM,Falta de atenção,Colisão lateral,Sem Vítimas,Pleno dia,Decrescente,Ceu Claro,Múltipla,Cruzamento,Urbano,2014,2,0,0,0,2,0,0,2
83236447,2014-08-22,Sexta,07:50:00,RN,101,104.2,PARNAMIRIM,Outras,Colisão traseira,Sem Vítimas,Pleno dia,Crescente,Ceu Claro,Dupla,Reta,Urbano,2014,3,0,0,0,3,0,0,3
83236463,2014-08-22,Sexta,13:03:00,RN,101,107.2,PARNAMIRIM,Outras,Colisão traseira,Sem Vítimas,Pleno dia,Crescente,Ceu Claro,Dupla,Reta,Urbano,2014,3,0,0,0,3,0,0,3
83236487,2014-08-22,Sexta,13:15:00,RN,101,97.1,NATAL,Falta de atenção,Colisão traseira,Sem Vítimas,Pleno dia,Crescente,Ceu Claro,Dupla,Cruzamento,Urbano,2014,2,0,0,0,2,0,0,2
83236565,2014-08-22,Sexta,17:25:00,RN,101,84.0,NATAL,Falta de atenção,Colisão traseira,Sem Vítimas,Pleno dia,Decrescente,Ceu Claro,Dupla,Reta,Urbano,2014,2,0,0,0,2,0,0,2
83236692,2014-08-19,Terça,20:00:00,RN,405,138.2,SAO FRANCISCO DO OESTE,Falta de atenção,Colisão Transversal,Com Vítimas Feridas,Plena noite,Crescente,Ceu Claro,Simples,Reta,Rural,2014,2,0,0,1,0,1,1,2
83236704,2014-08-23,Sábado,06:15:00,RN,304,34.1,MOSSORO,Outras,Queda de motocicleta / bicicleta / veículo,Com Vítimas Feridas,Pleno dia,Crescente,Sol,Dupla,Reta,Urbano,2014,1,0,0,1,0,0,1,1
83236722,2014-07-30,Quarta,16:20:00,RN,406,153.0,CEARA-MIRIM,Falta de atenção,Colisão com objeto fixo,Com Vítimas Feridas,Plena noite,Decrescente,Ceu Claro,Simples,Reta,Rural,2014,4,0,2,1,1,0,3,2
83236742,2014-08-20,Quarta,16:00:00,RN,101,83.5,SAO GONCALO DO AMARANTE,Não guardar distância de segurança,Colisão traseira,Sem Vítimas,Pleno dia,Crescente,Ceu Claro,Dupla,Reta,Urbano,2014,2,0,0,0,2,0,0,2
83236775,2014-08-23,Sábado,08:50:00,RN,101,79.6,SAO GONCALO DO AMARANTE,Falta de atenção,Colisão lateral,Com Vítimas Feridas,Pleno dia,Crescente,Ceu Claro,Dupla,Reta,Rural,2014,2,0,0,1,1,0,1,2
83236798,2014-08-23,Sábado,11:30:00,RN,226,175.7,CURRAIS NOVOS,Falta de atenção,Colisão Transversal,Sem Vítimas,Pleno dia,Decrescente,Ceu Claro,Dupla,Reta,Urbano,2014,2,0,0,0,2,0,0,2
83236807,2014-08-23,Sábado,12:40:00,RN,101,99.7,PARNAMIRIM,Não guardar distância de segurança,Colisão traseira,Sem Vítimas,Pleno dia,Decrescente,Ceu Claro,Dupla,Reta,Urbano,2014,2,0,0,0,2,0,0,2
83236811,2014-08-20,Quarta,11:40:00,RN,101,96.4,NATAL,Falta de atenção,Colisão com objeto fixo,Com Vítimas Feridas,Pleno dia,Crescente,Sol,Dupla,Reta,Urbano,2014,2,0,2,0,0,0,2,1
83236845,2014-08-23,Sábado,09:20:00,RN,101,96.2,NATAL,Desobediência à sinalização,Colisão Transversal,Com Vítimas Feridas,Pleno dia,Decrescente,Sol,Múltipla,Reta,Urbano,2014,2,0,1,0,1,0,1,2
83236976,2014-07-22,Terça,07:45:00,RN,101,133.0,SAO JOSE DE MIPIBU,Outras,Colisão lateral,Sem Vítimas,Pleno dia,Decrescente,Sol,Dupla,Reta,Rural,2014,2,0,0,0,2,0,0,2
83237053,2014-08-23,Sábado,23:50:00,RN,101,101.8,PARNAMIRIM,Falta de atenção,Colisão lateral,Com Vítimas Feridas,Plena noite,Crescente,Ceu Claro,Dupla,Curva,Urbano,2014,4,0,4,0,0,0,4,2
83237094,2014-08-23,Sábado,19:50:00,RN,226,47.9,BOM JESUS,Falta de atenção,Colisão traseira,Com Vítimas Feridas,Plena noite,Decrescente,Ceu Claro,Simples,Reta,Urbano,2014,2,0,1,0,1,0,1,2
83237240,2014-08-20,Quarta,16:40:00,RN,101,98.0,NATAL,Falta de atenção,Colisão lateral,Sem Vítimas,Pleno dia,Decrescente,Ceu Claro,Múltipla,Reta,Urbano,2014,2,0,0,0,2,0,0,2
83237320,2014-08-20,Quarta,17:30:00,RN,304,33.0,MOSSORO,Falta de atenção,Colisão com bicicleta,Sem Vítimas,Anoitecer,Crescente,Ceu Claro,Dupla,Cruzamento,Urbano,2014,2,0,0,0,2,0,0,2
83237350,2014-08-24,Domingo,13:55:00,RN,101,3.1,NATAL,Falta de atenção,Colisão lateral,Sem Vítimas,Pleno dia,Crescente,Ceu Claro,Múltipla,Cruzamento,Urbano,2014,2,0,0,0,2,0,0,2
83237375,2014-08-24,Domingo,18:15:00,RN,304,296.9,MACAIBA,Não guardar distância de segurança,Colisão traseira,Sem Vítimas,Pleno dia,Crescente,Ceu Claro,Simples,Reta,Urbano,2014,2,0,0,0,2,0,0,2
83237381,2014-08-24,Domingo,14:30:00,RN,101,107.4,PARNAMIRIM,Não guardar distância de segurança,Colisão traseira,Sem Vítimas,Pleno dia,Crescente,Sol,Dupla,Cruzamento,Urbano,2014,2,0,0,0,2,0,0,2
83237388,2014-08-24,Domingo,16:00:00,RN,101,107.0,PARNAMIRIM,Ingestão de álcool,Colisão traseira,Com Vítimas Feridas,Pleno dia,Crescente,Ceu Claro,Dupla,Reta,Urbano,2014,2,0,1,0,1,0,1,2
83237505,2014-08-25,Segunda,00:40:00,RN,226,3.0,NATAL,Outras,Colisão lateral,Sem Vítimas,Plena noite,Decrescente,Vento,Simples,Reta,Urbano,2014,2,0,0,0,2,0,0,2
83237518,2014-08-16,Sábado,21:10:00,RN,405,145.0,PAU DOS FERROS,Animais na Pista,Atropelamento de animal,Com Vítimas Feridas,Plena noite,Crescente,Ceu Claro,Simples,Reta,Rural,2014,3,0,0,2,0,1,2,2
83237536,2014-08-24,Domingo,09:50:00,RN,405,2.0,MOSSORO,Outras,Colisão traseira,Sem Vítimas,Pleno dia,Decrescente,Ceu Claro,Dupla,Cruzamento,Urbano,2014,2,0,0,0,1,1,0,2
83237602,2014-05-11,Domingo,15:30:00,RN,406,140.5,TAIPU,Defeito na via,Capotamento,Com Vítimas Feridas,Pleno dia,Crescente,Sol,Simples,Reta,Rural,2014,5,0,5,0,0,0,5,1
83237620,2014-08-21,Quinta,08:20:00,RN,304,284.6,MACAIBA,Outras,Colisão Transversal,Com Vítimas Feridas,Pleno dia,Crescente,Ceu Claro,Simples,Reta,Rural,2014,3,0,2,1,0,0,3,2
83237657,2014-08-01,Sexta,18:20:00,RN,304,263.0,SANTA MARIA,Não guardar distância de segurança,Colisão traseira,Sem Vítimas,Plena noite,Crescente,Ceu Claro,Simples,Reta,Rural,2014,2,0,0,0,2,0,0,2
83237658,2014-08-25,Segunda,06:30:00,RN,304,296.0,MACAIBA,Não guardar distância de segurança,Colisão traseira,Sem Vítimas,Pleno dia,Crescente,Ceu Claro,Simples,Reta,Urbano,2014,2,0,0,0,2,0,0,2
83237672,2014-08-23,Sábado,03:40:00,RN,304,45.5,MOSSORO,Dormindo,Colisão traseira,Com Vítimas Feridas,Plena noite,Decrescente,Ceu Claro,Dupla,Reta,Urbano,2014,6,0,2,0,4,0,2,2