id,data_inversa,dia_semana,horario,uf,br,km,municipio,causa_acidente,tipo_acidente,classificacao_acidente,fase_dia,sentido_via,condicao_metereologica,tipo_pista,tracado_via,uso_solo,ano,pessoas,mortos,feridos_leves,feridos_graves,ilesos,ignorados,feridos,veiculos
83237846,2014-08-21,Quinta,13:50:00,RN,101,96.0,NATAL,Desobediência à sinalização,Colisão lateral,Sem Vítimas,Pleno dia,Decrescente,Sol,Múltipla,Cruzamento,Urbano,2014,2,0,0,0,2,0,0,2
83237860,2014-08-25,Segunda,07:03:00,RN,101,84.6,SAO GONCALO DO AMARANTE,Não guardar distância de segurança,Colisão lateral,Sem Vítimas,Pleno dia,Crescente,Sol,Múltipla,Reta,Urbano,2014,2,0,0,0,2,0,0,2
83237871,2014-08-25,Segunda,11:05:00,RN,110,49.6,MOSSORO,Desobediência à sinalização,Saída de Pista,Com Vítimas Feridas,Pleno dia,Crescente,Sol,Dupla,Reta,Urbano,2014,2,0,1,0,1,0,1,1
83237906,2014-08-25,Segunda,19:50:00,RN,101,108.6,PARNAMIRIM,Desobediência à sinalização,Colisão Transversal,Com Vítimas Feridas,Plena noite,Crescente,Ceu Claro,Dupla,Reta,Urbano,2014,2,0,1,0,0,1,1,2
83237916,2014-08-25,Segunda,07:15:00,RN,304,297.7,MACAIBA,Outras,Colisão Transversal,Com Vítimas Feridas,Pleno dia,Decrescente,Ceu Claro,Dupla,Cruzamento,Urbano,2014,2,0,0,1,0,1,1,2
83237992,2014-08-25,Segunda,14:10:00,RN,427,87.7,CAICO,Velocidade incompatível,Queda de motocicleta / bicicleta / veículo,Com Vítimas Feridas,Pleno dia,Crescente,Ceu Claro,Simples,Curva,Rural,2014,1,0,1,0,0,0,1,1
83238056,2014-08-26,Terça,09:15:00,RN,406,162.0,CEARA-MIRIM,Defeito mecânico em veículo,Colisão traseira,Sem Vítimas,Pleno dia,Decrescente,Ceu Claro,Simples,Reta,Urbano,2014,2,0,0,0,2,0,0,2
83238070,2014-08-26,Terça,06:30:00,RN,101,99.8,NATAL,Falta de atenção,Colisão lateral,Sem Vítimas,Pleno dia,Crescente,Sol,Dupla,Cruzamento,Urbano,2014,2,0,0,0,2,0,0,2
83238127,2014-08-04,Segunda,16:30:00,RN,110,80.4,GOVERNADOR DIX-SEPT ROSADO,Animais na Pista,Saída de Pista,Com Vítimas Feridas,Pleno dia,Crescente,Nublado,Simples,Reta,Rural,2014,1,0,0,1,0,0,1,1
83238195,2014-08-26,Terça,15:30:00,RN,304,26.1,MOSSORO,Não guardar distância de segurança,Colisão traseira,Sem Vítimas,Pleno dia,Crescente,Ceu Claro,Simples,Reta,Rural,2014,2,0,0,0,2,0,0,2
83238239,2014-08-26,Terça,15:54:00,RN,101,75.5,EXTREMOZ,Falta de atenção,Colisão Transversal,Sem Vítimas,Pleno dia,Decrescente,Sol,Simples,Reta,Rural,2014,2,0,0,0,2,0,0,2
83238241,2014-08-26,Terça,12:27:00,RN,406,100.0,MACAU,Outras,Capotamento,Com Vítimas Feridas,Pleno dia,Crescente,Ceu Claro,Simples,Reta,Rural,2014,1,0,1,0,0,0,1,1
83238243,2014-08-26,Terça,16:55:00,RN,101,108.0,PARNAMIRIM,Não guardar distância de segurança,Colisão lateral,Sem Vítimas,Pleno dia,Crescente,Ceu Claro,Dupla,Curva,Urbano,2014,2,0,0,0,2,0,0,2
83238255,2014-08-22,Sexta,22:25:00,RN,101,80.0,NATAL,Ingestão de álcool,Atropelamento de pessoa,Com Vítimas Feridas,Plena noite,Decrescente,Ceu Claro,Dupla,Reta,Urbano,2014,2,0,0,2,0,0,2,1
83238296,2014-08-22,Sexta,07:30:00,RN,101,101.7,PARNAMIRIM,Falta de atenção,Colisão traseira,Sem Vítimas,Pleno dia,Crescente,Ceu Claro,Múltipla,Reta,Urbano,2014,2,0,0,0,2,0,0,2
83238343,2014-08-22,Sexta,20:45:00,RN,101,157.0,GOIANINHA,Falta de atenção,Colisão com objeto fixo,Sem Vítimas,Plena noite,Crescente,Ignorada,Dupla,Reta,Rural,2014,1,0,0,0,1,0,0,1
83238348,2014-08-26,Terça,14:50:00,RN,226,126.0,LAJES PINTADAS,Falta de atenção,Colisão frontal,Com Vítimas Feridas,Pleno dia,Decrescente,Sol,Simples,Reta,Rural,2014,3,0,2,0,1,0,2,2
83238406,2014-08-26,Terça,20:00:00,RN,101,125.0,SAO JOSE DE MIPIBU,Falta de atenção,Colisão Transversal,Sem Vítimas,Plena noite,Crescente,Ceu Claro,Múltipla,Cruzamento,Urbano,2014,2,0,0,0,2,0,0,2
83238483,2014-08-27,Quarta,07:20:00,RN,304,46.6,MOSSORO,Outras,Queda de motocicleta / bicicleta / veículo,Com Vítimas Feridas,Pleno dia,Crescente,Ceu Claro,Dupla,Curva,Urbano,2014,1,0,1,0,0,0,1,1
83238540,2014-08-27,Quarta,07:10:00,RN,101,103.8,PARNAMIRIM,Não guardar distância de segurança,Colisão traseira,Sem Vítimas,Pleno dia,Crescente,Ceu Claro,Dupla,Cruzamento,Urbano,2014,2,0,0,0,2,0,0,2
83238610,2014-08-27,Quarta,07:25:00,RN,101,99.4,NATAL,Falta de atenção,Capotamento,Com Vítimas Feridas,Pleno dia,Decrescente,Sol,Múltipla,Reta,Urbano,2014,4,0,1,0,3,0,1,4
83238627,2014-08-27,Quarta,07:30:00,RN,226,107.8,SANTA CRUZ,Outras,Tombamento,Com Vítimas Feridas,Pleno dia,Decrescente,Sol,Simples,Reta,Rural,2014,3,0,2,0,1,0,2,2
83238631,2014-08-27,Quarta,09:40:00,RN,110,47.2,MOSSORO,Falta de atenção,Colisão Transversal,Com Vítimas Feridas,Pleno dia,Crescente,Ceu Claro,Simples,Reta,Urbano,2014,5,0,1,0,4,0,1,3
83238662,2014-08-23,Sábado,21:30:00,RN,405,146.5,SAO FRANCISCO DO OESTE,Outras,Colisão frontal,Com Vítimas Fatais,Plena noite,Decrescente,Ignorada,Simples,Reta,Rural,2014,2,1,0,0,1,0,0,2
83238704,2014-08-27,Quarta,14:00:00,RN,101,94.2,NATAL,Não guardar distância de segurança,Colisão traseira,Sem Vítimas,Pleno dia,Decrescente,Ceu Claro,Dupla,Reta,Urbano,2014,2,0,0,0,2,0,0,2
83238713,2014-08-26,Terça,17:30:00,RN,101,102.8,PARNAMIRIM,Falta de atenção,Colisão lateral,Sem Vítimas,Plena noite,Crescente,Ceu Claro,Dupla,Reta,Urbano,2014,2,0,0,0,2,0,0,2
83238726,2014-08-27,Quarta,08:30:00,RN,101,83.4,SAO GONCALO DO AMARANTE,Falta de atenção,Colisão lateral,Com Vítimas Feridas,Pleno dia,Decrescente,Ceu Claro,Dupla,Reta,Urbano,2014,3,0,1,1,0,1,2,2
83238728,2014-08-23,Sábado,17:40:00,RN,101,83.5,NATAL,Falta de atenção,Colisão traseira,Sem Vítimas,Plena noite,Decrescente,Ceu Claro,Dupla,Reta,Urbano,2014,2,0,0,0,1,1,0,2
83238740,2014-08-27,Quarta,18:50:00,RN,101,107.8,PARNAMIRIM,Não guardar distância de segurança,Colisão traseira,Sem Vítimas,Plena noite,Decrescente,Ceu Claro,Dupla,Cruzamento,Urbano,2014,2,0,0,0,2,0,0,2
83238742,2014-08-27,Quarta,09:00:00,RN,226,254.8,JUCURUTU,Defeito na via,Capotamento,Sem Vítimas,Pleno dia,Crescente,Ceu Claro,Simples,Reta,Rural,2014,2,0,0,0,2,0,0,2
83238769,2014-08-27,Quarta,18:20:00,RN,304,34.2,MOSSORO,Outras,Atropelamento de pessoa,Com Vítimas Feridas,Anoitecer,Crescente,Ceu Claro,Dupla,Reta,Urbano,2014,2,0,0,1,1,0,1,1
83238870,2014-08-27,Quarta,09:45:00,RN,304,296.9,MACAIBA,Ingestão de álcool,Colisão Transversal,Com Vítimas Feridas,Pleno dia,Crescente,Sol,Simples,Reta,Urbano,2014,2,0,1,0,1,0,1,2
83238872,2014-08-15,Sexta,18:50:00,RN,101,84.6,NATAL,Outras,Colisão traseira,Com Vítimas Feridas,Plena noite,Decrescente,Vento,Dupla,Reta,Urbano,2014,2,0,0,1,1,0,1,2
83238877,2014-08-27,Quarta,16:45:00,RN,226,3.7,NATAL,Outras,Colisão Transversal,Sem Vítimas,Pleno dia,Crescente,Sol,Simples,Curva,Urbano,2014,2,0,0,0,2,0,0,2
83239104,2014-08-28,Quinta,08:30:00,RN,101,99.8,NATAL,Outras,Colisão traseira,Sem Vítimas,Pleno dia,Crescente,Ceu Claro,Dupla,Cruzamento,Urbano,2014,2,0,0,0,2,0,0,2
83239105,2014-08-28,Quinta,13:15:00,RN,101,106.0,PARNAMIRIM,Não guardar distância de segurança,Colisão traseira,Sem Vítimas,Pleno dia,Decrescente,Sol,Dupla,Cruzamento,Urbano,2014,2,0,0,0,2,0,0,2
83239158,2014-08-28,Quinta,13:50:00,RN,405,13.0,MOSSORO,Outras,Colisão frontal,Com Vítimas Fatais,Pleno dia,Decrescente,Ceu Claro,Simples,Reta,Rural,2014,2,1,0,0,1,0,0,2
83239209,2014-08-24,Domingo,06:40:00,RN,405,164.1,RAFAEL FERNANDES,Outras,Saída de Pista,Com Vítimas Feridas,Pleno dia,Crescente,Ceu Claro,Simples,Reta,Rural,2014,1,0,1,0,0,0,1,1
83239216,2014-08-28,Quinta,18:30:00,RN,101,125.0,SAO JOSE DE MIPIBU,Desobediência à sinalização,Colisão Transversal,Com Vítimas Feridas,Plena noite,Crescente,Ceu Claro,Múltipla,Cruzamento,Urbano,2014,3,0,3,0,0,0,3,2
83239283,2014-08-28,Quinta,21:05:00,RN,101,108.0,PARNAMIRIM,Não guardar distância de segurança,Colisão lateral,Sem Vítimas,Plena noite,Crescente,Ceu Claro,Dupla,Reta,Urbano,2014,2,0,0,0,2,0,0,2
83239362,2014-08-29,Sexta,02:30:00,RN,101,98.6,NATAL,Dormindo,Colisão traseira,Com Vítimas Feridas,Plena noite,Decrescente,Ceu Claro,Múltipla,Reta,Urbano,2014,2,0,1,0,1,0,1,2
83239545,2014-08-29,Sexta,04:50:00,RN,101,99.0,NATAL,Falta de atenção,Colisão traseira,Com Vítimas Feridas,Anoitecer,Crescente,Ignorada,Múltipla,Reta,Urbano,2014,3,0,3,0,0,0,3,2
83239563,2014-08-29,Sexta,12:05:00,RN,101,106.8,PARNAMIRIM,Não guardar distância de segurança,Colisão traseira,Sem Vítimas,Pleno dia,Decrescente,Sol,Dupla,Reta,Urbano,2014,2,0,0,0,2,0,0,2
83239587,2014-08-29,Sexta,16:26:00,RN,101,106.8,PARNAMIRIM,Outras,Colisão traseira,Sem Vítimas,Pleno dia,Decrescente,Sol,Múltipla,Reta,Urbano,2014,2,0,0,0,1,1,0,2
83239622,2014-08-29,Sexta,13:30:00,RN,101,96.1,NATAL,Não guardar distância de segurança,Colisão traseira,Sem Vítimas,Pleno dia,Crescente,Ceu Claro,Dupla,Reta,Urbano,2014,2,0,0,0,1,1,0,2
83239638,2014-08-29,Sexta,17:40:00,RN,304,47.6,MOSSORO,Falta de atenção,Colisão traseira,Sem Vítimas,Anoitecer,Decrescente,Ceu Claro,Simples,Curva,Urbano,2014,2,0,0,0,2,0,0,2
83239685,2014-08-29,Sexta,09:00:00,RN,406,168.6,SAO GONCALO DO AMARANTE,Falta de atenção,Colisão Transversal,Com Vítimas Feridas,Pleno dia,Crescente,Sol,Simples,Reta,Urbano,2014,2,0,1,0,1,0,1,2
83239788,2014-08-29,Sexta,14:50:00,RN,304,125.5,ITAJA,Outras,Capotamento,Com Vítimas Feridas,Pleno dia,Decrescente,Ceu Claro,Simples,Reta,Rural,2014,1,0,1,0,0,0,1,1
83239799,2014-08-29,Sexta,19:55:00,RN,110,50.2,MOSSORO,Falta de atenção,Colisão traseira,Com Vítimas Feridas,Plena noite,Decrescente,Ceu Claro,Dupla,Reta,Urbano,2014,3,0,2,0,0,1,2,2
83239815,2014-08-29,Sexta,16:30:00,RN,405,122.3,ITAU,Outras,Capotamento,Com Vítimas Feridas,Pleno dia,Decrescente,Ceu Claro,Simples,Curva,Urbano,2014,2,0,2,0,0,0,2,1
83239923,2014-08-27,Quarta,23:45:00,RN,405,121.6,ITAU,Outras,Capotamento,Com Vítimas Fatais,Plena noite,Decrescente,Ceu Claro,Simples,Reta,Rural,2014,6,1,5,0,0,0,5,1
83239986,2014-08-30,Sábado,12:20:00,RN,427,24.1,ACARI,Falta de atenção,Queda de motocicleta / bicicleta / veículo,Com Vítimas Feridas,Pleno dia,Crescente,Sol,Simples,Curva,Rural,2014,2,0,2,0,0,0,2,1
83240060,2014-08-30,Sábado,15:30:00,RN,101,94.6,NATAL,Falta de atenção,Colisão traseira,Sem Vítimas,Pleno dia,Decrescente,Ceu Claro,Múltipla,Reta,Urbano,2014,2,0,0,0,2,0,0,2
83240112,2014-08-30,Sábado,16:30:00,RN,101,107.0,PARNAMIRIM,Ingestão de álcool,Colisão traseira,Com Vítimas Feridas,Pleno dia,Crescente,Sol,Dupla,Reta,Urbano,2014,4,0,2,0,2,0,2,3
83240140,2014-08-30,Sábado,14:15:00,RN,101,85.0,NATAL,Falta de atenção,Colisão traseira,Sem Vítimas,Pleno dia,Decrescente,Ceu Claro,Simples,Reta,Urbano,2014,3,0,0,0,3,0,0,3
83240150,2014-08-30,Sábado,19:15:00,RN,226,297.5,CAMPO GRANDE,Ingestão de álcool,Colisão frontal,Com Vítimas Feridas,Plena noite,Decrescente,Ceu Claro,Simples,Reta,Rural,2014,2,0,0,1,1,0,1,2
83240161,2014-08-30,Sábado,13:20:00,RN,405,160.8,RAFAEL FERNANDES,Outras,Colisão Transversal,Com Vítimas Feridas,Pleno dia,Crescente,Ceu Claro,Simples,Reta,Urbano,2014,2,0,0,1,1,0,1,2
83240167,2014-08-30,Sábado,20:40:00,RN,304,34.8,MOSSORO,Ingestão de álcool,Queda de motocicleta / bicicleta / veículo,Com Vítimas Feridas,Plena noite,Crescente,Ceu Claro,Dupla,Reta,Urbano,2014,1,0,1,0,0,0,1,1
83240176,2014-06-30,Segunda,17:36:00,RN,101,85.0,SAO GONCALO DO AMARANTE,Não guardar distância de segurança,Colisão traseira,Sem Vítimas,Anoitecer,Crescente,Ceu Claro,Dupla,Reta,Urbano,2014,2,0,0,0,2,0,0,2
83240240,2014-08-31,Domingo,06:30:00,RN,427,41.6,ACARI,Dormindo,Saída de Pista,Sem Vítimas,Amanhecer,Decrescente,Sol,Simples,Reta,Rural,2014,1,0,0,0,1,0,0,1
83240360,2014-08-31,Domingo,10:05:00,RN,226,0.0,NATAL,Falta de atenção,Colisão lateral,Sem Vítimas,Pleno dia,Decrescente,Sol,Dupla,Curva,Urbano,2014,2,0,0,0,1,1,0,2
83240537,2014-08-31,Domingo,06:10:00,RN,304,290.1,MACAIBA,Falta de atenção,Tombamento,Com Vítimas Feridas,Pleno dia,Crescente,Sol,Simples,Reta,Rural,2014,1,0,1,0,0,0,1,1
83240548,2014-08-31,Domingo,18:45:00,RN,304,19.5,MOSSORO,Animais na Pista,Atropelamento de animal,Sem Vítimas,Plena noite,Crescente,Ceu Claro,Simples,Reta,Rural,2014,1,0,0,0,1,0,0,1
83240640,2014-08-31,Domingo,21:20:00,RN,304,120.5,ITAJA,Animais na Pista,Atropelamento de animal,Sem Vítimas,Plena noite,Decrescente,Ignorada,Simples,Reta,Rural,2014,1,0,0,0,1,0,0,1
83240652,2014-09-01,Segunda,05:25:00,RN,304,292.7,MACAIBA,Não guardar distância de segurança,Colisão traseira,Sem Vítimas,Pleno dia,Crescente,Sol,Simples,Reta,Rural,2014,2,0,0,0,2,0,0,2
83240680,2014-04-04,Sexta,16:01:00,RN,405,3.0,MOSSORO,Falta de atenção,Colisão lateral,Sem Vítimas,Pleno dia,Crescente,Ceu Claro,Simples,Cruzamento,Urbano,2014,2,0,0,0,2,0,0,2
83240709,2014-08-28,Quinta,10:30:00,RN,101,97.7,NATAL,Outras,Colisão traseira,Com Vítimas Feridas,Pleno dia,Decrescente,Ceu Claro,Múltipla,Reta,Urbano,2014,2,0,0,1,1,0,1,2
83240745,2014-08-31,Domingo,02:10:00,RN,304,38.5,MOSSORO,Outras,Colisão traseira,Sem Vítimas,Plena noite,Crescente,Ceu Claro,Simples,Reta,Urbano,2014,3,0,0,0,2,1,0,2
83240767,2014-08-29,Sexta,07:30:00,RN,101,101.8,PARNAMIRIM,Outras,Colisão lateral,Sem Vítimas,Pleno dia,Decrescente,Sol,Dupla,Cruzamento,Urbano,2014,2,0,0,0,2,0,0,2
83240769,2014-09-01,Segunda,08:00:00,RN,101,99.5,NATAL,Falta de atenção,Colisão traseira,Sem Vítimas,Pleno dia,Decrescente,Sol,Múltipla,Curva,Urbano,2014,2,0,0,0,2,0,0,2
83240779,2014-08-29,Sexta,11:35:00,RN,101,95.2,NATAL,Não guardar distância de segurança,Colisão traseira,Sem Vítimas,Pleno dia,Crescente,Sol,Múltipla,Reta,Urbano,2014,3,0,0,0,2,1,0,3
83240800,2014-08-29,Sexta,17:50:00,RN,101,96.3,NATAL,Falta de atenção,Colisão traseira,Sem Vítimas,Anoitecer,Crescente,Ceu Claro,Múltipla,Reta,Urbano,2014,3,0,0,0,3,0,0,3
83240803,2014-08-29,Sexta,15:05:00,RN,304,48.6,MOSSORO,Falta de atenção,Colisão lateral,Sem Vítimas,Pleno dia,Crescente,Sol,Simples,Reta,Urbano,2014,2,0,0,0,2,0,0,2
83240821,2014-08-24,Domingo,16:20:00,RN,304,42.4,MOSSORO,Outras,Colisão traseira,Com Vítimas Feridas,Pleno dia,Crescente,Ceu Claro,Dupla,Reta,Rural,2014,3,0,0,2,1,0,2,2
83240828,2014-08-26,Terça,12:50:00,RN,101,97.5,NATAL,Outras,Colisão traseira,Ignorado,Pleno dia,Crescente,Ceu Claro,Dupla,Reta,Urbano,2014,2,0,0,0,0,2,0,2
83240859,2014-08-07,Quinta,07:30:00,RN,304,303.3,MACAIBA,Outras,Capotamento,Com Vítimas Feridas,Pleno dia,Decrescente,Sol,Dupla,Reta,Urbano,2014,2,0,1,0,1,0,1,2
83240912,2014-09-01,Segunda,15:00:00,RN,101,82.0,SAO GONCALO DO AMARANTE,Outras,Atropelamento de pessoa,Com Vítimas Feridas,Pleno dia,Crescente,Ceu Claro,Dupla,Reta,Urbano,2014,2,0,0,1,0,1,1,1
83240917,2014-09-01,Segunda,09:30:00,RN,406,100.0,JOAO CAMARA,Outras,Colisão lateral,Com Vítimas Feridas,Pleno dia,Crescente,Ceu Claro,Simples,Reta,Urbano,2014,3,0,2,0,1,0,2,2
83240929,2014-06-18,Quarta,00:55:00,RN,101,84.4,NATAL,Outras,Colisão com objeto fixo,Com Vítimas Fatais,Pleno dia,Crescente,Ceu Claro,Simples,Curva,Urbano,2014,1,1,0,0,0,0,0,1
83240989,2014-09-01,Segunda,18:15:00,RN,405,6.0,MOSSORO,Falta de atenção,Atropelamento de pessoa,Com Vítimas Feridas,Plena noite,Decrescente,Ceu Claro,Simples,Reta,Rural,2014,3,0,1,1,0,1,2,1
83241092,2014-09-01,Segunda,17:15:00,RN,101,97.5,NATAL,Falta de atenção,Colisão traseira,Sem Vítimas,Anoitecer,Crescente,Ceu Claro,Múltipla,Reta,Urbano,2014,2,0,0,0,2,0,0,2
83241093,2014-09-01,Segunda,19:15:00,RN,101,103.0,PARNAMIRIM,Falta de atenção,Colisão lateral,Sem Vítimas,Plena noite,Crescente,Ceu Claro,Dupla,Reta,Urbano,2014,2,0,0,0,2,0,0,2
83241097,2014-09-01,Segunda,10:00:00,RN,101,100.0,PARNAMIRIM,Outras,Colisão Transversal,Com Vítimas Feridas,Pleno dia,Crescente,Ceu Claro,Múltipla,Reta,Urbano,2014,2,0,1,0,1,0,1,2
83241165,2014-09-02,Terça,06:50:00,RN,110,51.0,MOSSORO,Falta de atenção,Colisão traseira,Sem Vítimas,Pleno dia,Crescente,Ceu Claro,Dupla,Cruzamento,Urbano,2014,2,0,0,0,2,0,0,2
83241180,2014-08-29,Sexta,17:30:00,RN,304,296.0,MACAIBA,Não guardar distância de segurança,Colisão traseira,Sem Vítimas,Pleno dia,Crescente,Ceu Claro,Simples,Reta,Urbano,2014,3,0,0,0,3,0,0,3
83241281,2014-09-02,Terça,10:05:00,RN,101,98.0,NATAL,Falta de atenção,Colisão traseira,Sem Vítimas,Pleno dia,Decrescente,Ceu Claro,Múltipla,Cruzamento,Urbano,2014,2,0,0,0,2,0,0,2
83241297,2014-09-02,Terça,11:45:00,RN,304,296.5,MACAIBA,Falta de atenção,Colisão com objeto fixo,Sem Vítimas,Pleno dia,Crescente,Sol,Simples,Reta,Rural,2014,1,0,0,0,1,0,0,1
83241351,2014-08-29,Sexta,09:30:00,RN,101,102.0,PARNAMIRIM,Não guardar distância de segurança,Colisão traseira,Sem Vítimas,Pleno dia,Crescente,Sol,Múltipla,Reta,Urbano,2014,2,0,0,0,1,1,0,2
83241452,2014-09-02,Terça,07:20:00,RN,101,102.0,PARNAMIRIM,Falta de atenção,Colisão lateral,Sem Vítimas,Pleno dia,Decrescente,Ceu Claro,Dupla,Reta,Urbano,2014,2,0,0,0,1,1,0,2
83241470,2014-09-02,Terça,06:40:00,RN,101,102.0,PARNAMIRIM,Outras,Colisão Transversal,Com Vítimas Feridas,Pleno dia,Decrescente,Sol,Simples,Cruzamento,Urbano,2014,2,0,1,0,1,0,1,2
83241522,2014-09-01,Segunda,02:00:00,RN,304,161.0,FERNANDO PEDROZA,Outras,Capotamento,Com Vítimas Feridas,Plena noite,Crescente,Ceu Claro,Simples,Reta,Rural,2014,3,0,3,0,0,0,3,1
83241590,2014-09-02,Terça,18:20:00,RN,226,3.4,MACAIBA,Falta de atenção,Colisão Transversal,Sem Vítimas,Plena noite,Decrescente,Ceu Claro,Simples,Reta,Urbano,2014,2,0,0,0,2,0,0,2
83241626,2014-08-20,Quarta,19:20:00,RN,101,97.0,NATAL,Falta de atenção,Colisão traseira,Sem Vítimas,Plena noite,Crescente,Ceu Claro,Múltipla,Reta,Urbano,2014,2,0,0,0,2,0,0,2
83241632,2014-09-03,Quarta,05:00:00,RN,304,58.0,MOSSORO,Animais na Pista,Saída de Pista,Sem Vítimas,Amanhecer,Crescente,Ceu Claro,Simples,Reta,Rural,2014,1,0,0,0,1,0,0,1
83241658,2014-09-03,Quarta,06:50:00,RN,101,94.6,NATAL,Falta de atenção,Colisão lateral,Sem Vítimas,Pleno dia,Decrescente,Ceu Claro,Múltipla,Cruzamento,Urbano,2014,2,0,0,0,2,0,0,2
83241679,2014-08-31,Domingo,17:20:00,RN,304,286.4,MACAIBA,Falta de atenção,Colisão traseira,Sem Vítimas,Pleno dia,Crescente,Sol,Dupla,Reta,Rural,2014,4,0,0,0,4,0,0,4
83241715,2014-09-02,Terça,21:45:00,RN,101,94.0,NATAL,Falta de atenção,Queda de motocicleta / bicicleta / veículo,Com Vítimas Feridas,Plena noite,Crescente,Ceu Claro,Múltipla,Cruzamento,Urbano,2014,1,0,0,1,0,0,1,1
83241790,2014-09-03,Quarta,08:30:00,RN,101,77.0,NATAL,Outras,Atropelamento de pessoa,Com Vítimas Feridas,Pleno dia,Decrescente,Sol,Dupla,Reta,Urbano,2014,2,0,1,0,1,0,1,1
83241801,2014-09-03,Quarta,09:20:00,RN,101,108.6,PARNAMIRIM,Falta de atenção,Colisão lateral,Sem Vítimas,Pleno dia,Crescente,Ceu Claro,Dupla,Reta,Urbano,2014,2,0,0,0,2,0,0,2
83241818,2014-09-02,Terça,19:40:00,RN,101,97.0,NATAL,Não guardar distância de segurança,Colisão traseira,Com Vítimas Feridas,Plena noite,Decrescente,Ceu Claro,Simples,Reta,Urbano,2014,2,0,1,0,1,0,1,2
83241860,2014-08-30,Sábado,23:00:00,RN,101,137.4,GOIANINHA,Outras,Capotamento,Com Vítimas Feridas,Plena noite,Decrescente,Ceu Claro,Dupla,Curva,Rural,2014,3,0,2,0,1,0,2,2
83241878,2014-08-30,Sábado,23:10:00,RN,101,137.4,ARES,Ingestão de álcool,Colisão Transversal,Com Vítimas Feridas,Plena noite,Decrescente,Ceu Claro,Dupla,Curva,Rural,2014,3,0,2,0,1,0,2,2
83242111,2014-08-31,Domingo,11:00:00,RN,427,4.9,CURRAIS NOVOS,Defeito mecânico em veículo,Capotamento,Sem Vítimas,Pleno dia,Decrescente,Ceu Claro,Simples,Reta,Rural,2014,1,0,0,0,1,0,0,1
83242158,2014-09-02,Terça,18:40:00,RN,101,98.9,NATAL,Não guardar distância de segurança,Colisão traseira,Sem Vítimas,Plena noite,Decrescente,Ceu Claro,Múltipla,Reta,Urbano,2014,3,0,0,0,3,0,0,3
83242190,2014-09-04,Quinta,07:00:00,RN,101,1.0,NATAL,Não guardar distância de segurança,Colisão traseira,Sem Vítimas,Pleno dia,Crescente,Ceu Claro,Simples,Reta,Urbano,2014,2,0,0,0,2,0,0,2
83242233,2014-09-04,Quinta,13:00:00,RN,226,174.1,CURRAIS NOVOS,Desobediência à sinalização,Colisão Transversal,Com Vítimas Feridas,Pleno dia,Crescente,Ceu Claro,Simples,Curva,Urbano,2014,2,0,1,1,0,0,2,2
83242263,2014-08-31,Domingo,17:00:00,RN,101,148.5,GOIANINHA,Outras,Atropelamento de pessoa,Com Vítimas Feridas,Plena noite,Crescente,Ceu Claro,Dupla,Curva,Urbano,2014,2,0,0,1,1,0,1,1
83242284,2014-08-31,Domingo,18:35:00,RN,101,99.8,NATAL,Animais na Pista,Atropelamento de animal,Sem Vítimas,Plena noite,Crescente,Ceu Claro,Dupla,Reta,Urbano,2014,1,0,0,0,1,0,0,1
83242368,2014-08-27,Quarta,16:10:00,RN,406,160.0,CEARA-MIRIM,Não guardar distância de segurança,Colisão traseira,Com Vítimas Feridas,Pleno dia,Crescente,Ceu Claro,Simples,Reta,Rural,2014,3,0,1,0,2,0,1,3
83242414,2014-09-03,Quarta,07:40:00,RN,226,110.5,SANTA CRUZ,Desobediência à sinalização,Colisão Transversal,Com Vítimas Feridas,Plena noite,Decrescente,Ceu Claro,Simples,Curva,Urbano,2014,2,0,1,0,1,0,1,2
83242421,2014-09-04,Quinta,15:00:00,RN,101,82.7,NATAL,Falta de atenção,Atropelamento de pessoa,Com Vítimas Feridas,Pleno dia,Decrescente,Ceu Claro,Dupla,Reta,Urbano,2014,2,0,0,1,1,0,1,1
83242428,2014-09-04,Quinta,15:00:00,RN,101,82.7,NATAL,Falta de atenção,Atropelamento de pessoa,Com Vítimas Feridas,Pleno dia,Decrescente,Ceu Claro,Dupla,Reta,Urbano,2014,2,0,1,0,1,0,1,1
83242505,2014-09-04,Quinta,17:20:00,RN,110,48.7,MOSSORO,Falta de atenção,Colisão traseira,Sem Vítimas,Anoitecer,Decrescente,Ceu Claro,Dupla,Cruzamento,Urbano,2014,2,0,0,0,2,0,0,2
83242537,2014-09-01,Segunda,16:00:00,RN,304,305.0,PARNAMIRIM,Outras,Saída de Pista,Com Vítimas Feridas,Pleno dia,Crescente,Ceu Claro,Dupla,Curva,Rural,2014,1,0,1,0,0,0,1,1
83242558,2014-09-05,Sexta,07:15:00,RN,304,297.4,MACAIBA,Outras,Colisão Transversal,Sem Vítimas,Pleno dia,Decrescente,Sol,Simples,Curva,Urbano,2014,2,0,0,0,2,0,0,2