id,data_inversa,dia_semana,horario,uf,br,km,municipio,causa_acidente,tipo_acidente,classificacao_acidente,fase_dia,sentido_via,condicao_metereologica,tipo_pista,tracado_via,uso_solo,ano,pessoas,mortos,feridos_leves,feridos_graves,ilesos,ignorados,feridos,veiculos
83242562,2014-08-23,Sábado,18:50:00,RN,101,81.2,NATAL,Desobediência à sinalização,Colisão traseira,Sem Vítimas,Plena noite,Decrescente,Ceu Claro,Dupla,Reta,Urbano,2014,2,0,0,0,2,0,0,2
83242586,2014-09-01,Segunda,18:30:00,RN,101,116.3,SAO JOSE DE MIPIBU,Desobediência à sinalização,Atropelamento de pessoa,Com Vítimas Feridas,Anoitecer,Crescente,Ceu Claro,Dupla,Reta,Rural,2014,2,0,0,1,1,0,1,1
83242675,2014-09-05,Sexta,11:25:00,RN,101,83.5,NATAL,Falta de atenção,Colisão traseira,Sem Vítimas,Pleno dia,Decrescente,Ceu Claro,Dupla,Reta,Urbano,2014,2,0,0,0,2,0,0,2
83242724,2014-09-05,Sexta,12:20:00,RN,226,94.1,SANTA CRUZ,Ultrapassagem indevida,Capotamento,Sem Vítimas,Pleno dia,Crescente,Ceu Claro,Simples,Reta,Rural,2014,1,0,0,0,1,0,0,1
83242759,2014-09-05,Sexta,12:50:00,RN,101,107.3,PARNAMIRIM,Não guardar distância de segurança,Colisão traseira,Sem Vítimas,Pleno dia,Crescente,Sol,Dupla,Cruzamento,Urbano,2014,2,0,0,0,1,1,0,2
83242862,2014-09-05,Sexta,19:05:00,RN,304,35.5,MOSSORO,Falta de atenção,Colisão traseira,Sem Vítimas,Anoitecer,Decrescente,Ceu Claro,Dupla,Reta,Urbano,2014,2,0,0,0,2,0,0,2
83242865,2014-09-05,Sexta,15:30:00,RN,110,46.2,MOSSORO,Ultrapassagem indevida,Queda de motocicleta / bicicleta / veículo,Com Vítimas Feridas,Pleno dia,Decrescente,Ceu Claro,Simples,Reta,Urbano,2014,2,0,2,0,0,0,2,2
83242891,2014-08-31,Domingo,15:20:00,RN,226,83.7,TANGARA,Ultrapassagem indevida,Colisão Transversal,Com Vítimas Feridas,Pleno dia,Decrescente,Sol,Simples,Reta,Urbano,2014,2,0,0,1,0,1,1,2
83243000,2014-08-05,Terça,13:00:00,RN,101,159.4,CANGUARETAMA,Outras,Capotamento,Sem Vítimas,Pleno dia,Crescente,Ceu Claro,Dupla,Reta,Rural,2014,1,0,0,0,1,0,0,1
83243003,2014-09-05,Sexta,23:00:00,RN,304,263.1,SAO PEDRO,Animais na Pista,Atropelamento de animal,Sem Vítimas,Plena noite,Crescente,Ceu Claro,Simples,Reta,Rural,2014,1,0,0,0,1,0,0,1
83243010,2014-09-06,Sábado,00:03:00,RN,304,13.6,MOSSORO,Animais na Pista,Atropelamento de animal,Sem Vítimas,Plena noite,Decrescente,Ceu Claro,Simples,Reta,Rural,2014,1,0,0,0,1,0,0,1
83243153,2014-09-06,Sábado,03:00:00,RN,405,77.0,APODI,Outras,Tombamento,Com Vítimas Feridas,Plena noite,Crescente,Ceu Claro,Dupla,Reta,Urbano,2014,2,0,1,0,1,0,1,1
83243238,2014-09-02,Terça,16:50:00,RN,304,288.6,MACAIBA,Não guardar distância de segurança,Colisão traseira,Sem Vítimas,Pleno dia,Crescente,Ceu Claro,Simples,Reta,Rural,2014,5,0,0,0,5,0,0,5
83243291,2014-09-06,Sábado,15:30:00,RN,101,84.0,NATAL,Falta de atenção,Colisão traseira,Sem Vítimas,Pleno dia,Decrescente,Sol,Dupla,Reta,Urbano,2014,3,0,0,0,3,0,0,3
83243293,2014-09-06,Sábado,18:00:00,RN,406,166.0,SAO GONCALO DO AMARANTE,Ingestão de álcool,Colisão traseira,Com Vítimas Feridas,Plena noite,Crescente,Ceu Claro,Simples,Reta,Rural,2014,2,0,0,1,1,0,1,2
83243361,2014-09-06,Sábado,19:00:00,RN,101,105.0,PARNAMIRIM,Não guardar distância de segurança,Colisão lateral,Sem Vítimas,Plena noite,Crescente,Ceu Claro,Dupla,Reta,Urbano,2014,2,0,0,0,2,0,0,2
83243363,2014-09-06,Sábado,14:20:00,RN,101,124.0,SAO JOSE DE MIPIBU,Falta de atenção,Colisão frontal,Com Vítimas Feridas,Pleno dia,Decrescente,Ceu Claro,Simples,Reta,Urbano,2014,3,0,1,0,2,0,1,3
83243374,2014-09-06,Sábado,12:10:00,RN,101,110.0,PARNAMIRIM,Outras,Colisão traseira,Com Vítimas Feridas,Pleno dia,Crescente,Sol,Dupla,Reta,Rural,2014,2,0,1,0,1,0,1,2
83243375,2014-09-06,Sábado,19:05:00,RN,304,39.0,MOSSORO,Outras,Colisão frontal,Com Vítimas Feridas,Plena noite,Crescente,Nublado,Dupla,Reta,Rural,2014,3,0,0,1,2,0,1,3
83243390,2014-09-06,Sábado,20:30:00,RN,101,83.9,NATAL,Falta de atenção,Colisão traseira,Sem Vítimas,Plena noite,Decrescente,Vento,Dupla,Reta,Urbano,2014,2,0,0,0,2,0,0,2
83243391,2014-09-06,Sábado,18:40:00,RN,406,151.0,CEARA-MIRIM,Outras,Atropelamento de pessoa,Com Vítimas Feridas,Plena noite,Decrescente,Vento,Simples,Curva,Urbano,2014,2,0,1,0,1,0,1,1
83243405,2014-09-06,Sábado,17:40:00,RN,110,49.5,MOSSORO,Velocidade incompatível,Colisão lateral,Com Vítimas Feridas,Plena noite,Decrescente,Ignorada,Dupla,Reta,Urbano,2014,3,0,1,1,1,0,2,3
83243427,2014-09-06,Sábado,23:10:00,RN,406,150.0,CEARA-MIRIM,Outras,Colisão Transversal,Com Vítimas Feridas,Plena noite,Crescente,Vento,Simples,Cruzamento,Urbano,2014,2,0,1,0,1,0,1,2
83243472,2014-09-07,Domingo,02:30:00,RN,304,45.2,MOSSORO,Outras,Saída de Pista,Sem Vítimas,Plena noite,Decrescente,Ceu Claro,Dupla,Reta,Urbano,2014,2,0,0,0,1,1,0,2
83243494,2014-09-07,Domingo,04:30:00,RN,101,130.5,SAO JOSE DE MIPIBU,Ingestão de álcool,Colisão com objeto fixo,Com Vítimas Feridas,Amanhecer,Decrescente,Ceu Claro,Dupla,Reta,Rural,2014,1,0,1,0,0,0,1,1
83243498,2014-09-06,Sábado,18:00:00,RN,101,84.5,NATAL,Não guardar distância de segurança,Colisão traseira,Com Vítimas Feridas,Plena noite,Decrescente,Ceu Claro,Dupla,Reta,Urbano,2014,2,0,0,1,1,0,1,2
83243501,2014-09-06,Sábado,18:00:00,RN,101,84.5,NATAL,Outras,Atropelamento de pessoa,Com Vítimas Feridas,Plena noite,Decrescente,Ceu Claro,Dupla,Reta,Urbano,2014,2,0,1,0,1,0,1,1
83243519,2014-09-03,Quarta,19:00:00,RN,101,107.0,PARNAMIRIM,Falta de atenção,Colisão Transversal,Sem Vítimas,Plena noite,Crescente,Ceu Claro,Simples,Curva,Urbano,2014,2,0,0,0,2,0,0,2
83243564,2014-09-03,Quarta,22:30:00,RN,405,48.7,FELIPE GUERRA,Animais na Pista,Atropelamento de animal,Sem Vítimas,Plena noite,Crescente,Ceu Claro,Simples,Reta,Rural,2014,2,0,0,0,2,0,0,1
83243616,2014-09-07,Domingo,10:00:00,RN,226,150.8,CURRAIS NOVOS,Falta de atenção,Saída de Pista,Sem Vítimas,Pleno dia,Crescente,Nublado,Simples,Reta,Rural,2014,1,0,0,0,1,0,0,1
83243719,2014-09-07,Domingo,15:30:00,RN,101,163.9,CANGUARETAMA,Outras,Colisão com objeto fixo,Sem Vítimas,Pleno dia,Crescente,Chuva,Dupla,Reta,Rural,2014,1,0,0,0,1,0,0,1
83243877,2014-09-07,Domingo,18:10:00,RN,226,113.1,SANTA CRUZ,Outras,Saída de Pista,Com Vítimas Feridas,Plena noite,Decrescente,Chuva,Simples,Curva,Rural,2014,1,0,1,0,0,0,1,1
83243880,2014-09-07,Domingo,19:33:00,RN,406,129.2,TAIPU,Outras,Colisão traseira,Sem Vítimas,Plena noite,Decrescente,Ceu Claro,Simples,Reta,Rural,2014,2,0,0,0,2,0,0,2
83243988,2014-08-31,Domingo,18:35:00,RN,101,146.2,GOIANINHA,Animais na Pista,Saída de Pista,Sem Vítimas,Plena noite,Crescente,Ceu Claro,Dupla,Reta,Urbano,2014,1,0,0,0,1,0,0,1
83244015,2014-09-04,Quinta,11:30:00,RN,101,154.8,GOIANINHA,Outras,Saída de Pista,Ignorado,Pleno dia,Crescente,Sol,Dupla,Reta,Rural,2014,1,0,0,0,0,1,0,1
83244130,2014-09-04,Quinta,20:00:00,RN,101,108.0,PARNAMIRIM,Falta de atenção,Colisão Transversal,Sem Vítimas,Plena noite,Decrescente,Ceu Claro,Dupla,Cruzamento,Urbano,2014,2,0,0,0,2,0,0,2
83244163,2014-09-06,Sábado,04:35:00,RN,304,254.7,SANTA MARIA,Outras,Saída de Pista,Sem Vítimas,Amanhecer,Decrescente,Ceu Claro,Simples,Reta,Rural,2014,1,0,0,0,1,0,0,1
83244165,2014-09-08,Segunda,07:10:00,RN,101,99.8,NATAL,Falta de atenção,Colisão Transversal,Sem Vítimas,Pleno dia,Crescente,Nublado,Múltipla,Cruzamento,Urbano,2014,2,0,0,0,2,0,0,2
83244173,2014-09-04,Quinta,20:10:00,RN,304,205.8,LAJES,Animais na Pista,Saída de Pista,Sem Vítimas,Plena noite,Crescente,Ceu Claro,Simples,Reta,Rural,2014,1,0,0,0,1,0,0,1
83244192,2014-08-08,Sexta,13:15:00,RN,406,152.0,CEARA-MIRIM,Falta de atenção,Colisão Transversal,Sem Vítimas,Pleno dia,Crescente,Ceu Claro,Simples,Cruzamento,Urbano,2014,3,0,0,0,3,0,0,3
83244235,2014-09-08,Segunda,12:15:00,RN,304,305.0,PARNAMIRIM,Defeito mecânico em veículo,Queda de motocicleta / bicicleta / veículo,Com Vítimas Feridas,Pleno dia,Crescente,Ceu Claro,Dupla,Reta,Urbano,2014,2,0,2,0,0,0,2,1
83244239,2014-09-08,Segunda,15:30:00,RN,101,110.5,PARNAMIRIM,Outras,Colisão com objeto fixo,Ignorado,Pleno dia,Decrescente,Nublado,Múltipla,Cruzamento,Urbano,2014,1,0,0,0,0,1,0,1
83244251,2014-09-08,Segunda,08:50:00,RN,226,264.2,TRIUNFO POTIGUAR,Dormindo,Capotamento,Sem Vítimas,Anoitecer,Decrescente,Sol,Simples,Reta,Rural,2014,1,0,0,0,1,0,0,1
83244252,2014-09-08,Segunda,12:10:00,RN,101,95.9,NATAL,Falta de atenção,Colisão lateral,Sem Vítimas,Pleno dia,Decrescente,Nublado,Simples,Reta,Urbano,2014,2,0,0,0,2,0,0,2
83244339,2014-09-08,Segunda,19:15:00,RN,101,99.7,NATAL,Outras,Atropelamento de pessoa,Com Vítimas Feridas,Plena noite,Crescente,Chuva,Múltipla,Reta,Urbano,2014,2,0,0,1,1,0,1,1
83244388,2014-09-08,Segunda,09:10:00,RN,101,104.0,PARNAMIRIM,Defeito mecânico em veículo,Saída de Pista,Sem Vítimas,Pleno dia,Decrescente,Ceu Claro,Dupla,Curva,Urbano,2014,1,0,0,0,1,0,0,1
83244415,2014-09-08,Segunda,20:40:00,RN,101,117.0,SAO JOSE DE MIPIBU,Falta de atenção,Colisão traseira,Sem Vítimas,Plena noite,Crescente,Chuva,Múltipla,Cruzamento,Rural,2014,2,0,0,0,2,0,0,2
83244545,2014-09-05,Sexta,19:10:00,RN,406,97.8,JOAO CAMARA,Desobediência à sinalização,Colisão frontal,Sem Vítimas,Plena noite,Decrescente,Ceu Claro,Simples,Reta,Rural,2014,2,0,0,0,1,1,0,2
83244584,2014-09-05,Sexta,14:25:00,RN,406,166.0,SAO GONCALO DO AMARANTE,Falta de atenção,Colisão traseira,Sem Vítimas,Pleno dia,Decrescente,Ceu Claro,Simples,Reta,Rural,2014,3,0,0,0,3,0,0,3
83244667,2014-09-09,Terça,08:10:00,RN,304,236.1,RIACHUELO,Outras,Capotamento,Sem Vítimas,Pleno dia,Decrescente,Chuva,Simples,Curva,Rural,2014,1,0,0,0,1,0,0,1
83244695,2014-09-01,Segunda,14:00:00,RN,101,83.4,SAO GONCALO DO AMARANTE,Não guardar distância de segurança,Colisão traseira,Sem Vítimas,Pleno dia,Crescente,Ceu Claro,Dupla,Reta,Urbano,2014,3,0,0,0,2,1,0,3
83244726,2014-09-09,Terça,08:05:00,RN,406,168.0,SAO GONCALO DO AMARANTE,Outras,Colisão Transversal,Sem Vítimas,Pleno dia,Crescente,Chuva,Simples,Reta,Urbano,2014,2,0,0,0,2,0,0,2
83244791,2014-09-09,Terça,09:10:00,RN,101,84.9,SAO GONCALO DO AMARANTE,Falta de atenção,Colisão lateral,Sem Vítimas,Plena noite,Crescente,Chuva,Dupla,Reta,Urbano,2014,2,0,0,0,2,0,0,2
83244822,2014-09-09,Terça,10:15:00,RN,101,102.0,PARNAMIRIM,Velocidade incompatível,Colisão traseira,Sem Vítimas,Pleno dia,Crescente,Chuva,Múltipla,Reta,Urbano,2014,2,0,0,0,2,0,0,2
83244835,2014-09-09,Terça,09:45:00,RN,101,99.0,NATAL,Outras,Colisão com objeto fixo,Sem Vítimas,Pleno dia,Crescente,Chuva,Dupla,Reta,Urbano,2014,1,0,0,0,1,0,0,1
83244869,2014-09-09,Terça,17:00:00,RN,101,86.0,SAO GONCALO DO AMARANTE,Não guardar distância de segurança,Colisão lateral,Sem Vítimas,Pleno dia,Crescente,Chuva,Múltipla,Reta,Urbano,2014,2,0,0,0,2,0,0,2
83244891,2014-09-09,Terça,15:00:00,RN,226,35.5,MACAIBA,Ultrapassagem indevida,Colisão frontal,Com Vítimas Fatais,Pleno dia,Crescente,Chuva,Simples,Curva,Rural,2014,7,1,5,0,1,0,5,3
83244892,2014-09-09,Terça,14:50:00,RN,226,2.8,NATAL,Outras,Colisão Transversal,Sem Vítimas,Pleno dia,Crescente,Nublado,Simples,Reta,Urbano,2014,2,0,0,0,2,0,0,2
83244951,2014-09-09,Terça,14:30:00,RN,101,70.9,MOSSORO,Defeito mecânico em veículo,Incêndio,Sem Vítimas,Pleno dia,Crescente,Nublado,Simples,Reta,Urbano,2014,1,0,0,0,1,0,0,1
83245044,2014-05-29,Quinta,13:50:00,RN,304,307.0,PARNAMIRIM,Falta de atenção,Colisão lateral,Com Vítimas Feridas,Pleno dia,Crescente,Ceu Claro,Dupla,Reta,Urbano,2014,2,0,1,0,0,1,1,2
83245066,2014-09-10,Quarta,08:40:00,RN,101,99.0,NATAL,Defeito mecânico em veículo,Colisão traseira,Sem Vítimas,Pleno dia,Decrescente,Ceu Claro,Múltipla,Reta,Urbano,2014,2,0,0,0,2,0,0,2
83245084,2014-09-10,Quarta,07:30:00,RN,101,99.0,NATAL,Não guardar distância de segurança,Colisão lateral,Sem Vítimas,Pleno dia,Crescente,Sol,Simples,Reta,Urbano,2014,2,0,0,0,2,0,0,2
83245204,2014-09-07,Domingo,04:00:00,RN,101,99.0,NATAL,Ingestão de álcool,Colisão traseira,Sem Vítimas,Plena noite,Crescente,Ceu Claro,Múltipla,Reta,Urbano,2014,3,0,0,0,3,0,0,3
83245247,2014-09-10,Quarta,15:30:00,RN,427,1.0,CURRAIS NOVOS,Outras,Colisão lateral,Com Vítimas Feridas,Pleno dia,Crescente,Ceu Claro,Simples,Reta,Urbano,2014,2,0,0,1,1,0,1,2
83245316,2014-09-10,Quarta,18:20:00,RN,101,101.0,PARNAMIRIM,Ingestão de álcool,Colisão lateral,Com Vítimas Feridas,Plena noite,Decrescente,Ceu Claro,Múltipla,Reta,Urbano,2014,4,0,1,0,3,0,1,4
83245349,2014-09-10,Quarta,09:00:00,RN,226,115.3,SANTA CRUZ,Animais na Pista,Atropelamento de animal,Sem Vítimas,Pleno dia,Decrescente,Nublado,Simples,Reta,Rural,2014,1,0,0,0,1,0,0,1
83245357,2014-09-08,Segunda,17:50:00,RN,101,108.6,PARNAMIRIM,Não guardar distância de segurança,Colisão traseira,Sem Vítimas,Plena noite,Crescente,Ceu Claro,Múltipla,Reta,Urbano,2014,2,0,0,0,2,0,0,2
83245383,2014-09-10,Quarta,17:00:00,RN,304,299.8,MACAIBA,Falta de atenção,Colisão traseira,Sem Vítimas,Pleno dia,Decrescente,Ceu Claro,Dupla,Reta,Urbano,2014,2,0,0,0,2,0,0,2
83245419,2014-09-10,Quarta,09:15:00,RN,226,84.0,TANGARA,Outras,Colisão Transversal,Com Vítimas Feridas,Pleno dia,Crescente,Ceu Claro,Simples,Cruzamento,Urbano,2014,2,0,1,0,1,0,1,2
83245500,2014-09-09,Terça,03:55:00,RN,304,48.1,MOSSORO,Outras,Atropelamento de pessoa,Com Vítimas Feridas,Plena noite,Decrescente,Ignorada,Simples,Reta,Urbano,2014,2,0,0,1,0,1,1,1
83245514,2014-09-08,Segunda,14:05:00,RN,226,12.5,MACAIBA,Não guardar distância de segurança,Colisão traseira,Sem Vítimas,Pleno dia,Decrescente,Chuva,Simples,Reta,Urbano,2014,2,0,0,0,2,0,0,2
83245565,2014-09-11,Quinta,08:00:00,RN,101,99.7,NATAL,Outras,Colisão lateral,Sem Vítimas,Pleno dia,Decrescente,Ceu Claro,Dupla,Reta,Urbano,2014,2,0,0,0,2,0,0,2
83245607,2014-09-07,Domingo,21:10:00,RN,405,189.3,MAJOR SALES,Outras,Colisão frontal,Com Vítimas Feridas,Plena noite,Decrescente,Ceu Claro,Simples,Reta,Rural,2014,5,0,3,0,2,0,3,2
83245622,2014-09-11,Quinta,11:15:00,RN,110,49.6,MOSSORO,Falta de atenção,Colisão Transversal,Com Vítimas Feridas,Pleno dia,Decrescente,Ceu Claro,Dupla,Reta,Urbano,2014,3,0,1,0,2,0,1,2
83245666,2014-09-09,Terça,05:25:00,RN,304,283.2,MACAIBA,Outras,Colisão lateral,Com Vítimas Feridas,Amanhecer,Crescente,Chuva,Simples,Reta,Rural,2014,2,0,0,1,1,0,1,2
83245669,2014-09-11,Quinta,13:50:00,RN,101,97.6,NATAL,Falta de atenção,Colisão traseira,Sem Vítimas,Pleno dia,Decrescente,Ceu Claro,Dupla,Reta,Urbano,2014,3,0,0,0,3,0,0,3
83245675,2014-09-11,Quinta,09:40:00,RN,406,36.0,GUAMARE,Outras,Tombamento,Sem Vítimas,Pleno dia,Decrescente,Sol,Simples,Reta,Rural,2014,1,0,0,0,1,0,0,1
83245700,2014-09-11,Quinta,09:50:00,RN,101,96.0,NATAL,Falta de atenção,Colisão Transversal,Sem Vítimas,Pleno dia,Decrescente,Ceu Claro,Múltipla,Cruzamento,Urbano,2014,2,0,0,0,2,0,0,2
83245715,2014-09-11,Quinta,15:45:00,RN,101,95.8,NATAL,Falta de atenção,Colisão lateral,Sem Vítimas,Pleno dia,Crescente,Ceu Claro,Múltipla,Reta,Urbano,2014,2,0,0,0,2,0,0,2
83245770,2014-09-11,Quinta,17:45:00,RN,101,82.8,SAO GONCALO DO AMARANTE,Outras,Colisão lateral,Sem Vítimas,Anoitecer,Crescente,Ceu Claro,Dupla,Reta,Urbano,2014,2,0,0,0,2,0,0,2
83245777,2014-09-11,Quinta,18:40:00,RN,101,106.6,PARNAMIRIM,Não guardar distância de segurança,Colisão traseira,Sem Vítimas,Plena noite,Decrescente,Ceu Claro,Dupla,Reta,Urbano,2014,2,0,0,0,2,0,0,2
83245846,2014-09-11,Quinta,19:40:00,RN,406,161.0,SAO GONCALO DO AMARANTE,Outras,Derramamento de Carga,Sem Vítimas,Plena noite,Crescente,Ceu Claro,Dupla,Curva,Rural,2014,2,0,0,0,2,0,0,2
83245915,2014-09-11,Quinta,20:30:00,RN,304,159.5,FERNANDO PEDROZA,Outras,Capotamento,Com Vítimas Feridas,Plena noite,Crescente,Ceu Claro,Simples,Reta,Rural,2014,1,0,0,1,0,0,1,1
83245943,2014-09-10,Quarta,12:00:00,RN,101,99.9,PARNAMIRIM,Outras,Colisão lateral,Sem Vítimas,Pleno dia,Crescente,Ceu Claro,Dupla,Cruzamento,Urbano,2014,2,0,0,0,2,0,0,2
83245973,2014-09-08,Segunda,19:20:00,RN,101,108.5,PARNAMIRIM,Falta de atenção,Colisão traseira,Sem Vítimas,Plena noite,Crescente,Chuva,Dupla,Reta,Urbano,2014,2,0,0,0,2,0,0,2
83246030,2014-09-12,Sexta,07:15:00,RN,101,102.0,PARNAMIRIM,Não guardar distância de segurança,Colisão Transversal,Sem Vítimas,Pleno dia,Decrescente,Ceu Claro,Múltipla,Reta,Urbano,2014,2,0,0,0,2,0,0,2
83246127,2014-09-08,Segunda,23:40:00,RN,101,97.5,NATAL,Ingestão de álcool,Colisão Transversal,Sem Vítimas,Plena noite,Crescente,Chuva,Dupla,Curva,Urbano,2014,2,0,0,0,2,0,0,2
83246155,2014-09-08,Segunda,17:15:00,RN,304,226.4,RIACHUELO,Outras,Capotamento,Com Vítimas Feridas,Plena noite,Decrescente,Chuva,Simples,Reta,Rural,2014,1,0,0,1,0,0,1,1
83246173,2014-09-12,Sexta,11:50:00,RN,101,98.0,NATAL,Não guardar distância de segurança,Colisão traseira,Sem Vítimas,Pleno dia,Decrescente,Ceu Claro,Múltipla,Cruzamento,Urbano,2014,2,0,0,0,2,0,0,2
83246177,2014-09-12,Sexta,13:30:00,RN,101,98.0,NATAL,Falta de atenção,Colisão traseira,Sem Vítimas,Pleno dia,Decrescente,Ceu Claro,Dupla,Reta,Urbano,2014,3,0,0,0,3,0,0,3
83246215,2014-09-12,Sexta,14:20:00,RN,304,292.2,MACAIBA,Não guardar distância de segurança,Colisão traseira,Sem Vítimas,Pleno dia,Decrescente,Nublado,Simples,Reta,Rural,2014,2,0,0,0,2,0,0,2
83246331,2014-09-12,Sexta,19:10:00,RN,101,86.0,NATAL,Não guardar distância de segurança,Colisão traseira,Sem Vítimas,Plena noite,Crescente,Chuva,Dupla,Reta,Urbano,2014,2,0,0,0,2,0,0,2
83246370,2014-09-13,Sábado,00:45:00,RN,304,115.4,ITAJA,Animais na Pista,Atropelamento de animal,Ignorado,Plena noite,Crescente,Ceu Claro,Simples,Reta,Rural,2014,1,0,0,0,0,1,0,1
83246379,2014-09-12,Sexta,20:40:00,RN,110,50.2,MOSSORO,Outras,Colisão lateral,Com Vítimas Feridas,Plena noite,Crescente,Ceu Claro,Simples,Reta,Urbano,2014,3,0,0,2,0,1,2,2
83246397,2014-09-12,Sexta,07:30:00,RN,406,147.9,CEARA-MIRIM,Outras,Colisão traseira,Com Vítimas Fatais,Pleno dia,Decrescente,Ceu Claro,Simples,Reta,Rural,2014,3,1,0,0,2,0,0,3
83246453,2014-09-13,Sábado,03:50:00,RN,101,100.7,PARNAMIRIM,Outras,Colisão com objeto fixo,Com Vítimas Feridas,Plena noite,Decrescente,Chuva,Múltipla,Curva,Urbano,2014,3,0,1,2,0,0,3,1
83246502,2014-09-13,Sábado,05:40:00,RN,304,24.3,MOSSORO,Falta de atenção,Saída de Pista,Com Vítimas Feridas,Amanhecer,Crescente,Ceu Claro,Simples,Curva,Rural,2014,2,0,2,0,0,0,2,1
83246567,2014-09-13,Sábado,10:50:00,RN,101,85.4,SAO GONCALO DO AMARANTE,Não guardar distância de segurança,Colisão traseira,Sem Vítimas,Pleno dia,Crescente,Nublado,Dupla,Reta,Urbano,2014,3,0,0,0,3,0,0,3
83246592,2014-09-09,Terça,12:50:00,RN,101,84.9,SAO GONCALO DO AMARANTE,Outras,Colisão lateral,Sem Vítimas,Pleno dia,Crescente,Ceu Claro,Dupla,Reta,Urbano,2014,2,0,0,0,2,0,0,2
83246664,2014-09-13,Sábado,17:35:00,RN,101,85.3,NATAL,Falta de atenção,Colisão traseira,Sem Vítimas,Anoitecer,Decrescente,Ceu Claro,Dupla,Curva,Urbano,2014,2,0,0,0,2,0,0,2
83246699,2014-09-13,Sábado,13:40:00,RN,226,134.9,CAMPO REDONDO,Outras,Colisão Transversal,Com Vítimas Fatais,Pleno dia,Decrescente,Nublado,Simples,Reta,Rural,2014,2,1,0,0,1,0,0,2
83246710,2014-09-13,Sábado,11:25:00,RN,101,85.1,NATAL,Falta de atenção,Colisão traseira,Sem Vítimas,Pleno dia,Decrescente,Ceu Claro,Dupla,Curva,Urbano,2014,2,0,0,0,1,1,0,2
83246739,2014-09-13,Sábado,15:35:00,RN,304,43.0,MOSSORO,Outras,Saída de Pista,Com Vítimas Feridas,Pleno dia,Decrescente,Chuva,Dupla,Curva,Urbano,2014,1,0,1,0,0,0,1,1
83246745,2014-09-13,Sábado,15:20:00,RN,406,155.8,CEARA-MIRIM,Outras,Colisão Transversal,Sem Vítimas,Pleno dia,Decrescente,Ceu Claro,Simples,Reta,Rural,2014,2,0,0,0,2,0,0,2
83246762,2014-09-13,Sábado,14:00:00,RN,405,77.8,APODI,Falta de atenção,Colisão Transversal,Com Vítimas Feridas,Pleno dia,Crescente,Ceu Claro,Simples,Cruzamento,Urbano,2014,2,0,2,0,0,0,2,2
83246803,2014-09-13,Sábado,08:00:00,RN,226,373.7,ANTONIO MARTINS,Outras,Saída de Pista,Com Vítimas Feridas,Pleno dia,Crescente,Nublado,Simples,Curva,Rural,2014,1,0,1,0,0,0,1,1
83246807,2014-09-13,Sábado,19:30:00,RN,304,37.2,MOSSORO,Outras,Colisão traseira,Com Vítimas Feridas,Plena noite,Crescente,Nublado,Dupla,Reta,Urbano,2014,4,0,2,1,1,0,3,2
83247053,2014-09-14,Domingo,11:40:00,RN,101,124.4,SAO JOSE DE MIPIBU,Desobediência à sinalização,Colisão frontal,Com Vítimas Feridas,Pleno dia,Decrescente,Ceu Claro,Dupla,Curva,Urbano,2014,2,0,1,0,1,0,1,2
83247096,2014-09-14,Domingo,10:45:00,RN,101,101.4,NATAL,Falta de atenção,Colisão traseira,Sem Vítimas,Pleno dia,Decrescente,Sol,Múltipla,Reta,Urbano,2014,2,0,0,0,2,0,0,2
83247156,2014-09-14,Domingo,18:33:00,RN,304,6.4,MOSSORO,Animais na Pista,Atropelamento de animal,Sem Vítimas,Plena noite,Decrescente,Ceu Claro,Simples,Reta,Rural,2014,1,0,0,0,1,0,0,1
83247164,2014-09-02,Terça,19:50:00,RN,304,7.8,MOSSORO,Animais na Pista,Atropelamento de animal,Com Vítimas Feridas,Plena noite,Decrescente,Ceu Claro,Simples,Reta,Rural,2014,2,0,1,1,0,0,2,1
83247191,2014-09-14,Domingo,15:30:00,RN,101,75.0,EXTREMOZ,Desobediência à sinalização,Colisão lateral,Sem Vítimas,Pleno dia,Crescente,Ceu Claro,Dupla,Cruzamento,Urbano,2014,2,0,0,0,2,0,0,2
83247236,2014-09-14,Domingo,17:50:00,RN,304,6.3,MOSSORO,Animais na Pista,Atropelamento de animal,Com Vítimas Feridas,Pleno dia,Decrescente,Ceu Claro,Simples,Reta,Rural,2014,1,0,1,0,0,0,1,1
83247267,2014-09-15,Segunda,04:00:00,RN,427,112.6,CAICO,Outras,Colisão traseira,Sem Vítimas,Plena noite,Crescente,Ceu Claro,Simples,Reta,Rural,2014,2,0,0,0,1,1,0,2
83247325,2014-09-11,Quinta,17:55:00,RN,226,3.4,NATAL,Falta de atenção,Colisão lateral,Com Vítimas Feridas,Plena noite,Crescente,Ceu Claro,Simples,Curva,Urbano,2014,2,0,1,0,1,0,1,2
83247347,2014-09-15,Segunda,07:40:00,RN,304,296.5,MACAIBA,Não guardar distância de segurança,Colisão traseira,Sem Vítimas,Plena noite,Crescente,Ceu Claro,Simples,Reta,Urbano,2014,2,0,0,0,2,0,0,2