id,data_inversa,dia_semana,horario,uf,br,km,municipio,causa_acidente,tipo_acidente,classificacao_acidente,fase_dia,sentido_via,condicao_metereologica,tipo_pista,tracado_via,uso_solo,ano,pessoas,mortos,feridos_leves,feridos_graves,ilesos,ignorados,feridos,veiculos
83247356,2014-09-15,Segunda,09:50:00,RN,304,47.9,MOSSORO,Falta de atenção,Colisão traseira,Sem Vítimas,Pleno dia,Decrescente,Ceu Claro,Simples,Curva,Urbano,2014,3,0,0,0,3,0,0,2
83247365,2014-09-15,Segunda,07:00:00,RN,304,305.0,PARNAMIRIM,Não guardar distância de segurança,Colisão lateral,Sem Vítimas,Amanhecer,Crescente,Sol,Dupla,Cruzamento,Rural,2014,2,0,0,0,2,0,0,2
83247397,2014-09-15,Segunda,10:30:00,RN,101,99.0,NATAL,Falta de atenção,Colisão traseira,Com Vítimas Feridas,Pleno dia,Decrescente,Ceu Claro,Múltipla,Reta,Urbano,2014,2,0,1,0,0,1,1,2
83247469,2014-09-15,Segunda,07:20:00,RN,101,102.0,NATAL,Falta de atenção,Colisão traseira,Sem Vítimas,Pleno dia,Decrescente,Ceu Claro,Múltipla,Reta,Urbano,2014,4,0,0,0,2,2,0,4
83247539,2014-09-15,Segunda,14:36:00,RN,406,169.0,SAO GONCALO DO AMARANTE,Defeito mecânico em veículo,Colisão traseira,Sem Vítimas,Pleno dia,Decrescente,Ceu Claro,Simples,Reta,Urbano,2014,2,0,0,0,2,0,0,2
83247568,2014-09-15,Segunda,15:20:00,RN,101,98.0,NATAL,Ingestão de álcool,Colisão lateral,Sem Vítimas,Pleno dia,Crescente,Ceu Claro,Dupla,Reta,Urbano,2014,2,0,0,0,2,0,0,2
83247575,2014-09-15,Segunda,15:40:00,RN,101,96.0,NATAL,Falta de atenção,Colisão lateral,Sem Vítimas,Pleno dia,Decrescente,Ceu Claro,Múltipla,Reta,Urbano,2014,2,0,0,0,2,0,0,2
83247614,2014-09-15,Segunda,16:10:00,RN,101,99.9,NATAL,Não guardar distância de segurança,Colisão traseira,Sem Vítimas,Pleno dia,Crescente,Ceu Claro,Múltipla,Reta,Urbano,2014,2,0,0,0,2,0,0,2
83247650,2014-09-15,Segunda,16:35:00,RN,101,107.3,NATAL,Falta de atenção,Colisão traseira,Sem Vítimas,Pleno dia,Decrescente,Ceu Claro,Dupla,Cruzamento,Urbano,2014,2,0,0,0,2,0,0,2
83247702,2014-09-15,Segunda,14:20:00,RN,405,152.5,PAU DOS FERROS,Não guardar distância de segurança,Colisão traseira,Com Vítimas Feridas,Pleno dia,Crescente,Ceu Claro,Simples,Reta,Urbano,2014,3,0,1,0,2,0,1,2
83247705,2014-09-15,Segunda,19:15:00,RN,304,47.8,MOSSORO,Outras,Queda de motocicleta / bicicleta / veículo,Com Vítimas Feridas,Plena noite,Crescente,Ceu Claro,Simples,Reta,Urbano,2014,1,0,1,0,0,0,1,1
83247737,2014-09-15,Segunda,17:10:00,RN,304,307.7,PARNAMIRIM,Falta de atenção,Colisão traseira,Sem Vítimas,Anoitecer,Decrescente,Ceu Claro,Simples,Curva,Urbano,2014,2,0,0,0,2,0,0,2
83247746,2014-09-16,Terça,01:35:00,RN,304,24.2,MOSSORO,Defeito mecânico em veículo,Tombamento,Sem Vítimas,Plena noite,Decrescente,Ceu Claro,Dupla,Cruzamento,Rural,2014,2,0,0,0,2,0,0,1
83247851,2014-07-02,Quarta,08:00:00,RN,101,82.5,SAO GONCALO DO AMARANTE,Falta de atenção,Colisão lateral,Sem Vítimas,Pleno dia,Crescente,Ceu Claro,Simples,Reta,Urbano,2014,2,0,0,0,2,0,0,2
83247861,2014-09-11,Quinta,18:00:00,RN,101,96.7,NATAL,Outras,Colisão lateral,Sem Vítimas,Pleno dia,Decrescente,Ceu Claro,Dupla,Curva,Urbano,2014,2,0,0,0,2,0,0,2
83247965,2014-09-12,Sexta,00:05:00,RN,110,74.2,GOVERNADOR DIX-SEPT ROSADO,Animais na Pista,Atropelamento de animal,Ignorado,Plena noite,Decrescente,Ignorada,Simples,Reta,Rural,2014,1,0,0,0,0,1,0,1
83247966,2014-09-16,Terça,07:50:00,RN,304,35.4,MOSSORO,Falta de atenção,Colisão traseira,Sem Vítimas,Pleno dia,Crescente,Sol,Simples,Curva,Urbano,2014,3,0,0,0,3,0,0,3
83248061,2014-09-16,Terça,16:15:00,RN,101,98.9,NATAL,Outras,Colisão lateral,Com Vítimas Feridas,Pleno dia,Decrescente,Ceu Claro,Simples,Reta,Urbano,2014,2,0,1,0,1,0,1,2
83248081,2014-08-16,Sábado,17:30:00,RN,101,95.3,NATAL,Desobediência à sinalização,Colisão Transversal,Sem Vítimas,Anoitecer,Decrescente,Ceu Claro,Simples,Cruzamento,Urbano,2014,2,0,0,0,2,0,0,2
83248086,2014-09-16,Terça,10:40:00,RN,101,106.4,PARNAMIRIM,Falta de atenção,Colisão traseira,Sem Vítimas,Pleno dia,Decrescente,Sol,Dupla,Cruzamento,Urbano,2014,3,0,0,0,3,0,0,3
83248149,2014-09-16,Terça,07:10:00,RN,405,150.6,PAU DOS FERROS,Outras,Colisão Transversal,Sem Vítimas,Pleno dia,Crescente,Ignorada,Simples,Reta,Urbano,2014,2,0,0,0,2,0,0,2
83248177,2014-09-16,Terça,13:45:00,RN,226,174.0,CURRAIS NOVOS,Velocidade incompatível,Tombamento,Com Vítimas Feridas,Pleno dia,Crescente,Sol,Simples,Reta,Urbano,2014,1,0,1,0,0,0,1,1
83248179,2014-09-16,Terça,19:10:00,RN,304,47.7,MOSSORO,Desobediência à sinalização,Colisão Transversal,Sem Vítimas,Plena noite,Decrescente,Ceu Claro,Dupla,Cruzamento,Urbano,2014,2,0,0,0,2,0,0,2
83248338,2014-09-17,Quarta,07:50:00,RN,101,84.6,SAO GONCALO DO AMARANTE,Não guardar distância de segurança,Colisão lateral,Sem Vítimas,Pleno dia,Crescente,Sol,Dupla,Reta,Urbano,2014,2,0,0,0,2,0,0,2
83248361,2014-09-17,Quarta,10:50:00,RN,304,56.0,MOSSORO,Defeito mecânico em veículo,Colisão com objeto fixo,Sem Vítimas,Pleno dia,Decrescente,Sol,Simples,Reta,Rural,2014,1,0,0,0,1,0,0,1
83248401,2014-09-17,Quarta,12:45:00,RN,101,113.0,SAO JOSE DE MIPIBU,Falta de atenção,Colisão traseira,Sem Vítimas,Pleno dia,Crescente,Ceu Claro,Dupla,Reta,Urbano,2014,2,0,0,0,2,0,0,2
83248408,2014-09-13,Sábado,12:15:00,RN,226,4.1,NATAL,Falta de atenção,Colisão com bicicleta,Com Vítimas Feridas,Pleno dia,Crescente,Ceu Claro,Simples,Reta,Urbano,2014,2,0,0,1,0,1,1,2
83248446,2014-09-17,Quarta,09:40:00,RN,226,2.9,NATAL,Não guardar distância de segurança,Colisão Transversal,Sem Vítimas,Pleno dia,Decrescente,Sol,Simples,Cruzamento,Urbano,2014,2,0,0,0,2,0,0,2
83248524,2014-09-17,Quarta,16:55:00,RN,101,64.0,CEARA-MIRIM,Defeito mecânico em veículo,Queda de motocicleta / bicicleta / veículo,Com Vítimas Feridas,Pleno dia,Crescente,Vento,Simples,Reta,Rural,2014,2,0,2,0,0,0,2,1
83248529,2014-09-07,Domingo,10:50:00,RN,101,84.2,NATAL,Não guardar distância de segurança,Colisão Transversal,Sem Vítimas,Pleno dia,Decrescente,Ceu Claro,Dupla,Reta,Urbano,2014,2,0,0,0,2,0,0,2
83248579,2014-09-17,Quarta,15:15:00,RN,101,84.5,SAO GONCALO DO AMARANTE,Outras,Colisão lateral,Sem Vítimas,Pleno dia,Crescente,Ceu Claro,Dupla,Reta,Urbano,2014,2,0,0,0,2,0,0,2
83248660,2014-09-17,Quarta,20:40:00,RN,101,99.7,NATAL,Não guardar distância de segurança,Colisão traseira,Sem Vítimas,Plena noite,Crescente,Ceu Claro,Dupla,Cruzamento,Urbano,2014,2,0,0,0,2,0,0,2
83248722,2014-09-15,Segunda,06:20:00,RN,226,120.8,LAJES PINTADAS,Ultrapassagem indevida,Colisão frontal,Com Vítimas Feridas,Pleno dia,Crescente,Ceu Claro,Simples,Reta,Rural,2014,4,0,1,2,1,0,3,2
83248739,2014-09-16,Terça,07:50:00,RN,304,49.4,MOSSORO,Falta de atenção,Colisão traseira,Com Vítimas Feridas,Pleno dia,Decrescente,Ceu Claro,Dupla,Reta,Urbano,2014,2,0,1,0,1,0,1,2
83248752,2014-09-18,Quinta,08:00:00,RN,110,51.0,MOSSORO,Falta de atenção,Colisão Transversal,Com Vítimas Feridas,Pleno dia,Crescente,Ceu Claro,Simples,Reta,Urbano,2014,3,0,1,1,1,0,2,2
83248815,2014-09-18,Quinta,11:10:00,RN,101,101.0,NATAL,Defeito mecânico em veículo,Colisão traseira,Sem Vítimas,Pleno dia,Decrescente,Chuva,Múltipla,Reta,Urbano,2014,2,0,0,0,2,0,0,2
83248921,2014-09-18,Quinta,16:15:00,RN,101,84.0,NATAL,Falta de atenção,Colisão lateral,Sem Vítimas,Pleno dia,Decrescente,Ceu Claro,Dupla,Reta,Urbano,2014,2,0,0,0,2,0,0,2
83248924,2014-09-18,Quinta,15:30:00,RN,304,118.1,ASSU,Falta de atenção,Colisão frontal,Sem Vítimas,Pleno dia,Decrescente,Nublado,Simples,Reta,Rural,2014,2,0,0,0,2,0,0,2
83248964,2014-09-18,Quinta,15:25:00,RN,101,102.5,PARNAMIRIM,Outras,Atropelamento de pessoa,Com Vítimas Fatais,Pleno dia,Decrescente,Nublado,Múltipla,Reta,Urbano,2014,2,1,0,0,1,0,0,1
83248972,2014-09-18,Quinta,12:00:00,RN,101,96.0,NATAL,Falta de atenção,Colisão lateral,Sem Vítimas,Pleno dia,Crescente,Chuva,Múltipla,Reta,Urbano,2014,2,0,0,0,2,0,0,2
83248977,2014-09-18,Quinta,18:50:00,RN,101,99.7,NATAL,Falta de atenção,Colisão lateral,Sem Vítimas,Plena noite,Crescente,Ceu Claro,Dupla,Reta,Urbano,2014,2,0,0,0,2,0,0,2
83248981,2014-09-16,Terça,07:40:00,RN,101,96.7,NATAL,Desobediência à sinalização,Colisão traseira,Sem Vítimas,Pleno dia,Crescente,Ceu Claro,Múltipla,Curva,Urbano,2014,3,0,0,0,3,0,0,3
83248984,2014-09-18,Quinta,18:10:00,RN,101,95.0,NATAL,Falta de atenção,Colisão lateral,Sem Vítimas,Anoitecer,Crescente,Ceu Claro,Dupla,Reta,Urbano,2014,2,0,0,0,2,0,0,2
83249015,2014-09-18,Quinta,06:50:00,RN,226,2.0,NATAL,Falta de atenção,Colisão lateral,Com Vítimas Feridas,Pleno dia,Decrescente,Ceu Claro,Simples,Reta,Urbano,2014,2,0,1,0,1,0,1,2
83249041,2014-09-16,Terça,16:50:00,RN,101,99.9,NATAL,Não guardar distância de segurança,Colisão traseira,Sem Vítimas,Pleno dia,Crescente,Ceu Claro,Dupla,Reta,Urbano,2014,2,0,0,0,2,0,0,2
83249058,2014-09-16,Terça,17:55:00,RN,101,97.2,NATAL,Desobediência à sinalização,Colisão lateral,Sem Vítimas,Anoitecer,Crescente,Ceu Claro,Múltipla,Reta,Urbano,2014,2,0,0,0,2,0,0,2
83249151,2014-09-19,Sexta,07:00:00,RN,101,107.0,PARNAMIRIM,Falta de atenção,Colisão lateral,Sem Vítimas,Pleno dia,Decrescente,Nublado,Simples,Cruzamento,Urbano,2014,2,0,0,0,2,0,0,2
83249152,2014-09-19,Sexta,06:10:00,RN,226,174.5,CURRAIS NOVOS,Desobediência à sinalização,Colisão Transversal,Com Vítimas Feridas,Pleno dia,Crescente,Nublado,Simples,Cruzamento,Urbano,2014,2,0,1,0,1,0,1,2
83249158,2014-09-15,Segunda,18:40:00,RN,101,107.3,PARNAMIRIM,Falta de atenção,Colisão traseira,Sem Vítimas,Plena noite,Crescente,Ceu Claro,Simples,Reta,Urbano,2014,3,0,0,0,3,0,0,3
83249328,2014-09-19,Sexta,10:20:00,RN,304,292.0,MACAIBA,Falta de atenção,Colisão traseira,Sem Vítimas,Pleno dia,Decrescente,Sol,Simples,Reta,Rural,2014,2,0,0,0,1,1,0,2
83249348,2014-09-19,Sexta,15:30:00,RN,304,77.0,MOSSORO,Animais na Pista,Atropelamento de animal,Sem Vítimas,Pleno dia,Decrescente,Ceu Claro,Simples,Reta,Rural,2014,1,0,0,0,1,0,0,1
83249471,2014-09-19,Sexta,18:30:00,RN,101,77.0,NATAL,Outras,Colisão Transversal,Sem Vítimas,Plena noite,Decrescente,Ceu Claro,Dupla,Reta,Urbano,2014,2,0,0,0,2,0,0,2
83249503,2014-09-19,Sexta,15:10:00,RN,406,169.0,SAO GONCALO DO AMARANTE,Desobediência à sinalização,Colisão traseira,Com Vítimas Feridas,Pleno dia,Decrescente,Ceu Claro,Simples,Reta,Urbano,2014,2,0,1,0,1,0,1,2
83249597,2014-09-19,Sexta,21:15:00,RN,405,0.6,MOSSORO,Desobediência à sinalização,Colisão Transversal,Sem Vítimas,Plena noite,Decrescente,Ceu Claro,Dupla,Cruzamento,Urbano,2014,6,0,0,0,6,0,0,2
83249656,2014-09-17,Quarta,01:15:00,RN,304,216.8,LAJES,Dormindo,Colisão lateral,Com Vítimas Feridas,Plena noite,Decrescente,Ceu Claro,Simples,Reta,Rural,2014,2,0,0,1,0,1,1,2
83249658,2014-09-20,Sábado,02:37:00,RN,406,98.0,JOAO CAMARA,Outras,Colisão traseira,Com Vítimas Feridas,Plena noite,Decrescente,Ceu Claro,Simples,Reta,Rural,2014,3,0,0,2,1,0,2,2
83249659,2014-03-20,Quinta,04:30:00,RN,304,221.2,CAICARA DO RIO DO VENTO,Animais na Pista,Tombamento,Com Vítimas Feridas,Amanhecer,Crescente,Ceu Claro,Simples,Reta,Rural,2014,1,0,1,0,0,0,1,1
83249850,2014-09-20,Sábado,16:40:00,RN,101,85.0,SAO GONCALO DO AMARANTE,Falta de atenção,Colisão lateral,Sem Vítimas,Pleno dia,Crescente,Ceu Claro,Dupla,Reta,Urbano,2014,2,0,0,0,2,0,0,2
83249897,2014-09-20,Sábado,18:07:00,RN,101,96.0,NATAL,Falta de atenção,Colisão traseira,Sem Vítimas,Plena noite,Crescente,Ignorada,Múltipla,Curva,Urbano,2014,2,0,0,0,2,0,0,2
83249977,2014-09-20,Sábado,16:30:00,RN,427,133.9,SERRA NEGRA DO NORTE,Falta de atenção,Saída de Pista,Com Vítimas Feridas,Pleno dia,Crescente,Ceu Claro,Simples,Reta,Rural,2014,2,0,1,0,1,0,1,1
83250089,2014-09-21,Domingo,13:10:00,RN,101,68.0,EXTREMOZ,Falta de atenção,Colisão Transversal,Com Vítimas Feridas,Pleno dia,Crescente,Ceu Claro,Simples,Reta,Rural,2014,3,0,0,2,1,0,2,2
83250107,2014-09-21,Domingo,14:00:00,RN,226,6.5,NATAL,Velocidade incompatível,Saída de Pista,Com Vítimas Feridas,Pleno dia,Crescente,Ceu Claro,Simples,Curva,Urbano,2014,1,0,0,1,0,0,1,1
83250140,2014-09-15,Segunda,04:15:00,RN,304,47.1,MOSSORO,Ingestão de álcool,Colisão com objeto fixo,Sem Vítimas,Plena noite,Crescente,Ceu Claro,Dupla,Reta,Urbano,2014,1,0,0,0,1,0,0,1
83250172,2014-09-20,Sábado,04:30:00,RN,226,259.5,JUCURUTU,Ingestão de álcool,Colisão traseira,Com Vítimas Feridas,Plena noite,Decrescente,Ceu Claro,Simples,Reta,Rural,2014,3,0,0,2,1,0,2,2
83250284,2014-09-21,Domingo,19:20:00,RN,406,147.8,CEARA-MIRIM,Falta de atenção,Colisão traseira,Sem Vítimas,Plena noite,Crescente,Ceu Claro,Simples,Reta,Rural,2014,3,0,0,0,2,1,0,3
83250385,2014-09-21,Domingo,17:00:00,RN,226,49.1,BOM JESUS,Falta de atenção,Colisão traseira,Sem Vítimas,Anoitecer,Decrescente,Ceu Claro,Simples,Reta,Urbano,2014,3,0,0,0,3,0,0,3
83250466,2014-09-21,Domingo,02:50:00,RN,226,86.0,TANGARA,Defeito mecânico em veículo,Tombamento,Sem Vítimas,Plena noite,Decrescente,Ceu Claro,Simples,Reta,Rural,2014,1,0,0,0,1,0,0,1
83250493,2014-09-21,Domingo,02:15:00,RN,304,36.0,MOSSORO,Ingestão de álcool,Capotamento,Com Vítimas Feridas,Plena noite,Crescente,Ceu Claro,Dupla,Reta,Urbano,2014,2,0,1,0,1,0,1,1
83250523,2014-09-22,Segunda,06:40:00,RN,304,47.9,MOSSORO,Falta de atenção,Colisão lateral,Sem Vítimas,Pleno dia,Crescente,Ceu Claro,Simples,Curva,Urbano,2014,2,0,0,0,2,0,0,2
83250559,2014-09-22,Segunda,07:50:00,RN,110,50.2,MOSSORO,Outras,Colisão com objeto fixo,Sem Vítimas,Pleno dia,Crescente,Ceu Claro,Simples,Curva,Urbano,2014,1,0,0,0,1,0,0,1
83250641,2014-09-22,Segunda,09:40:00,RN,304,115.1,ASSU,Outras,Colisão traseira,Com Vítimas Feridas,Pleno dia,Crescente,Sol,Simples,Reta,Rural,2014,4,0,1,0,2,1,1,4
83250668,2014-09-19,Sexta,07:40:00,RN,101,97.3,NATAL,Não guardar distância de segurança,Colisão traseira,Sem Vítimas,Pleno dia,Decrescente,Ceu Claro,Dupla,Reta,Urbano,2014,2,0,0,0,2,0,0,2
83250957,2014-09-19,Sexta,21:00:00,RN,101,132.0,SENADOR GEORGINO AVELINO,Outras,Saída de Pista,Sem Vítimas,Plena noite,Decrescente,Ceu Claro,Dupla,Reta,Rural,2014,1,0,0,0,1,0,0,1
83251057,2014-09-22,Segunda,05:05:00,RN,304,147.8,ANGICOS,Falta de atenção,Colisão Transversal,Sem Vítimas,Amanhecer,Decrescente,Ignorada,Simples,Reta,Urbano,2014,4,0,0,0,2,2,0,3
83251116,2014-09-23,Terça,12:30:00,RN,101,96.8,NATAL,Falta de atenção,Colisão lateral,Sem Vítimas,Pleno dia,Crescente,Nublado,Múltipla,Reta,Urbano,2014,2,0,0,0,2,0,0,2
83251165,2014-09-23,Terça,14:08:00,RN,406,166.0,SAO GONCALO DO AMARANTE,Não guardar distância de segurança,Colisão traseira,Sem Vítimas,Pleno dia,Decrescente,Ceu Claro,Simples,Reta,Rural,2014,2,0,0,0,2,0,0,2
83251213,2014-09-23,Terça,10:35:00,RN,101,84.5,NATAL,Falta de atenção,Colisão traseira,Sem Vítimas,Pleno dia,Crescente,Sol,Dupla,Reta,Urbano,2014,2,0,0,0,2,0,0,2
83251233,2014-09-23,Terça,13:20:00,RN,101,174.0,CANGUARETAMA,Outras,Queda de motocicleta / bicicleta / veículo,Com Vítimas Feridas,Pleno dia,Decrescente,Ceu Claro,Simples,Reta,Rural,2014,1,0,1,0,0,0,1,1
83251417,2014-09-23,Terça,18:20:00,RN,101,95.6,NATAL,Não guardar distância de segurança,Colisão traseira,Sem Vítimas,Plena noite,Crescente,Ceu Claro,Múltipla,Reta,Urbano,2014,2,0,0,0,2,0,0,2
83251437,2014-09-23,Terça,21:20:00,RN,101,106.8,PARNAMIRIM,Outras,Colisão lateral,Sem Vítimas,Plena noite,Crescente,Ceu Claro,Dupla,Reta,Urbano,2014,2,0,0,0,2,0,0,2
83251440,2014-09-19,Sexta,08:30:00,RN,427,22.7,ACARI,Defeito mecânico em veículo,Saída de Pista,Sem Vítimas,Pleno dia,Crescente,Chuva,Simples,Curva,Rural,2014,1,0,0,0,1,0,0,1
83251555,2014-09-20,Sábado,09:00:00,RN,101,82.0,SAO GONCALO DO AMARANTE,Defeito mecânico em veículo,Queda de motocicleta / bicicleta / veículo,Com Vítimas Feridas,Pleno dia,Crescente,Sol,Dupla,Reta,Urbano,2014,2,0,2,0,0,0,2,1
83251620,2014-09-21,Domingo,05:00:00,RN,101,95.3,NATAL,Ingestão de álcool,Capotamento,Com Vítimas Feridas,Amanhecer,Decrescente,Ceu Claro,Dupla,Curva,Urbano,2014,1,0,1,0,0,0,1,1
83251706,2014-09-21,Domingo,05:45:00,RN,101,95.3,NATAL,Ingestão de álcool,Colisão traseira,Sem Vítimas,Amanhecer,Decrescente,Ceu Claro,Múltipla,Reta,Urbano,2014,3,0,0,0,3,0,0,3
83251804,2014-09-24,Quarta,12:30:00,RN,304,297.3,MACAIBA,Falta de atenção,Colisão lateral,Sem Vítimas,Pleno dia,Crescente,Sol,Simples,Reta,Urbano,2014,2,0,0,0,2,0,0,2
83251845,2014-09-24,Quarta,19:00:00,RN,226,77.2,SERRA CAIADA,Outras,Saída de Pista,Com Vítimas Feridas,Plena noite,Crescente,Ceu Claro,Simples,Reta,Rural,2014,1,0,0,1,0,0,1,1
83251867,2014-09-24,Quarta,18:00:00,RN,101,99.6,NATAL,Outras,Colisão lateral,Sem Vítimas,Plena noite,Crescente,Ignorada,Múltipla,Reta,Urbano,2014,2,0,0,0,1,1,0,2
83251905,2014-09-24,Quarta,15:20:00,RN,427,116.5,CAICO,Falta de atenção,Capotamento,Com Vítimas Feridas,Pleno dia,Decrescente,Ceu Claro,Simples,Reta,Rural,2014,2,0,0,2,0,0,2,1
83251984,2014-09-21,Domingo,16:30:00,RN,405,110.0,ITAU,Falta de atenção,Colisão Transversal,Com Vítimas Feridas,Pleno dia,Crescente,Ceu Claro,Simples,Reta,Rural,2014,2,0,0,1,1,0,1,2
83251997,2014-09-25,Quinta,06:50:00,RN,304,296.7,MACAIBA,Outras,Colisão lateral,Com Vítimas Feridas,Pleno dia,Decrescente,Ceu Claro,Simples,Cruzamento,Urbano,2014,2,0,1,0,1,0,1,2
83252024,2014-09-21,Domingo,09:10:00,RN,101,110.5,PARNAMIRIM,Falta de atenção,Colisão lateral,Sem Vítimas,Pleno dia,Decrescente,Ceu Claro,Dupla,Reta,Rural,2014,2,0,0,0,2,0,0,2
83252061,2014-09-08,Segunda,17:30:00,RN,101,108.7,PARNAMIRIM,Outras,Atropelamento de pessoa,Com Vítimas Fatais,Anoitecer,Crescente,Nublado,Dupla,Reta,Urbano,2014,2,1,0,0,1,0,0,1
83252086,2014-09-21,Domingo,22:14:00,RN,226,14.2,MACAIBA,Ingestão de álcool,Colisão traseira,Sem Vítimas,Pleno dia,Crescente,Ceu Claro,Simples,Reta,Urbano,2014,3,0,0,0,3,0,0,3
83252124,2014-09-21,Domingo,13:30:00,RN,101,86.0,SAO GONCALO DO AMARANTE,Não guardar distância de segurança,Colisão traseira,Com Vítimas Feridas,Pleno dia,Crescente,Sol,Dupla,Reta,Urbano,2014,3,0,2,0,1,0,2,2
83252146,2014-09-25,Quinta,07:20:00,RN,101,98.7,NATAL,Desobediência à sinalização,Atropelamento de pessoa,Com Vítimas Feridas,Pleno dia,Decrescente,Sol,Dupla,Reta,Urbano,2014,2,0,1,0,1,0,1,1
83252147,2014-09-19,Sexta,18:00:00,RN,101,103.0,PARNAMIRIM,Não guardar distância de segurança,Colisão traseira,Sem Vítimas,Anoitecer,Crescente,Ceu Claro,Dupla,Reta,Urbano,2014,3,0,0,0,3,0,0,3
83252162,2014-09-25,Quinta,15:15:00,RN,304,295.7,MACAIBA,Falta de atenção,Colisão traseira,Sem Vítimas,Pleno dia,Crescente,Nublado,Simples,Reta,Urbano,2014,2,0,0,0,2,0,0,2
83252203,2014-09-25,Quinta,06:40:00,RN,304,47.5,MOSSORO,Outras,Queda de motocicleta / bicicleta / veículo,Com Vítimas Feridas,Pleno dia,Crescente,Ceu Claro,Simples,Curva,Urbano,2014,1,0,1,0,0,0,1,1
83252272,2014-09-25,Quinta,17:50:00,RN,101,51.9,MAXARANGUAPE,Animais na Pista,Atropelamento de animal,Sem Vítimas,Anoitecer,Decrescente,Ceu Claro,Simples,Curva,Rural,2014,1,0,0,0,1,0,0,1
83252310,2014-09-25,Quinta,17:00:00,RN,101,94.0,NATAL,Outras,Colisão lateral,Sem Vítimas,Pleno dia,Crescente,Ceu Claro,Múltipla,Reta,Urbano,2014,2,0,0,0,2,0,0,2
83252314,2014-09-25,Quinta,17:05:00,RN,304,295.3,MACAIBA,Falta de atenção,Colisão Transversal,Com Vítimas Feridas,Anoitecer,Decrescente,Nublado,Simples,Reta,Urbano,2014,2,0,0,1,1,0,1,2
83252326,2014-09-25,Quinta,19:50:00,RN,101,132.0,SAO JOSE DE MIPIBU,Outras,Saída de Pista,Com Vítimas Feridas,Pleno dia,Crescente,Ceu Claro,Dupla,Reta,Rural,2014,1,0,1,0,0,0,1,1
83252392,2014-09-25,Quinta,10:40:00,RN,101,96.0,NATAL,Falta de atenção,Colisão lateral,Sem Vítimas,Pleno dia,Decrescente,Ceu Claro,Múltipla,Reta,Urbano,2014,2,0,0,0,2,0,0,2
83252472,2014-09-26,Sexta,07:45:00,RN,304,44.9,MOSSORO,Falta de atenção,Colisão Transversal,Com Vítimas Feridas,Pleno dia,Crescente,Ceu Claro,Dupla,Reta,Urbano,2014,2,0,0,1,1,0,1,2
83252566,2014-09-26,Sexta,11:20:00,RN,101,106.8,PARNAMIRIM,Não guardar distância de segurança,Colisão traseira,Sem Vítimas,Pleno dia,Decrescente,Ceu Claro,Dupla,Reta,Urbano,2014,4,0,0,0,4,0,0,4
83252587,2014-09-26,Sexta,09:30:00,RN,427,1.0,CURRAIS NOVOS,Velocidade incompatível,Colisão traseira,Com Vítimas Feridas,Pleno dia,Crescente,Ceu Claro,Simples,Reta,Urbano,2014,4,0,0,1,3,0,1,3
83252603,2014-09-26,Sexta,09:35:00,RN,101,103.0,PARNAMIRIM,Falta de atenção,Colisão lateral,Sem Vítimas,Pleno dia,Crescente,Sol,Múltipla,Reta,Urbano,2014,2,0,0,0,2,0,0,2
83252604,2014-09-19,Sexta,17:45:00,RN,101,107.3,PARNAMIRIM,Não guardar distância de segurança,Colisão traseira,Sem Vítimas,Pleno dia,Decrescente,Ceu Claro,Dupla,Reta,Urbano,2014,3,0,0,0,3,0,0,3
83252641,2014-09-22,Segunda,13:15:00,RN,226,2.4,NATAL,Falta de atenção,Atropelamento de pessoa,Com Vítimas Feridas,Pleno dia,Decrescente,Ceu Claro,Simples,Reta,Urbano,2014,3,0,2,0,1,0,2,1
83252756,2014-09-26,Sexta,17:34:00,RN,304,65.5,MOSSORO,Ultrapassagem indevida,Saída de Pista,Sem Vítimas,Plena noite,Crescente,Ceu Claro,Simples,Reta,Rural,2014,1,0,0,0,1,0,0,1
83252758,2014-09-26,Sexta,18:00:00,RN,405,3.1,MOSSORO,Desobediência à sinalização,Colisão Transversal,Ignorado,Plena noite,Crescente,Ceu Claro,Simples,Reta,Rural,2014,2,0,0,0,0,2,0,2
83252768,2014-09-26,Sexta,17:20:00,RN,101,105.0,PARNAMIRIM,Falta de atenção,Colisão lateral,Sem Vítimas,Anoitecer,Crescente,Ceu Claro,Dupla,Reta,Urbano,2014,2,0,0,0,2,0,0,2
83252770,2014-09-26,Sexta,17:50:00,RN,101,101.7,PARNAMIRIM,Falta de atenção,Colisão lateral,Sem Vítimas,Anoitecer,Decrescente,Ceu Claro,Dupla,Reta,Urbano,2014,2,0,0,0,2,0,0,2
83252773,2014-09-26,Sexta,10:30:00,RN,101,159.7,CANGUARETAMA,Outras,Atropelamento de pessoa,Com Vítimas Fatais,Pleno dia,Decrescente,Ceu Claro,Dupla,Reta,Urbano,2014,2,1,0,0,0,1,0,1
83252808,2014-09-26,Sexta,20:20:00,RN,304,281.0,MACAIBA,Falta de atenção,Colisão lateral,Sem Vítimas,Plena noite,Crescente,Ceu Claro,Simples,Reta,Rural,2014,2,0,0,0,2,0,0,2