id,data_inversa,dia_semana,horario,uf,br,km,municipio,causa_acidente,tipo_acidente,classificacao_acidente,fase_dia,sentido_via,condicao_metereologica,tipo_pista,tracado_via,uso_solo,ano,pessoas,mortos,feridos_leves,feridos_graves,ilesos,ignorados,feridos,veiculos
83257312,2014-10-06,Segunda,11:15:00,RN,304,292.5,MACAIBA,Velocidade incompatível,Colisão traseira,Sem Vítimas,Pleno dia,Crescente,Sol,Simples,Reta,Rural,2014,3,0,0,0,3,0,0,3
83257319,2014-10-06,Segunda,19:10:00,RN,101,85.4,SAO GONCALO DO AMARANTE,Não guardar distância de segurança,Colisão traseira,Sem Vítimas,Plena noite,Crescente,Ceu Claro,Dupla,Reta,Urbano,2014,2,0,0,0,2,0,0,2
83257324,2014-10-06,Segunda,09:25:00,RN,304,291.1,MACAIBA,Velocidade incompatível,Colisão traseira,Sem Vítimas,Pleno dia,Crescente,Sol,Simples,Reta,Rural,2014,3,0,0,0,3,0,0,3
83257354,2014-10-06,Segunda,07:28:00,RN,406,169.0,SAO GONCALO DO AMARANTE,Falta de atenção,Colisão Transversal,Com Vítimas Feridas,Pleno dia,Crescente,Sol,Simples,Reta,Urbano,2014,3,0,2,0,1,0,2,2
83257377,2014-10-06,Segunda,18:30:00,RN,304,287.7,MACAIBA,Não guardar distância de segurança,Colisão traseira,Sem Vítimas,Plena noite,Crescente,Ceu Claro,Simples,Reta,Rural,2014,3,0,0,0,3,0,0,3
83257445,2014-09-29,Segunda,17:50:00,RN,101,82.6,SAO GONCALO DO AMARANTE,Não guardar distância de segurança,Colisão traseira,Sem Vítimas,Plena noite,Crescente,Ceu Claro,Dupla,Reta,Urbano,2014,2,0,0,0,1,1,0,2
83257519,2014-10-07,Terça,08:25:00,RN,101,82.9,SAO GONCALO DO AMARANTE,Falta de atenção,Colisão lateral,Sem Vítimas,Pleno dia,Crescente,Nublado,Dupla,Curva,Urbano,2014,2,0,0,0,2,0,0,2
83257540,2014-10-07,Terça,11:13:00,RN,304,35.0,MOSSORO,Falta de atenção,Colisão lateral,Sem Vítimas,Pleno dia,Decrescente,Ceu Claro,Dupla,Cruzamento,Urbano,2014,2,0,0,0,2,0,0,2
83257546,2014-10-07,Terça,11:00:00,RN,110,48.5,MOSSORO,Outras,Queda de motocicleta / bicicleta / veículo,Com Vítimas Feridas,Pleno dia,Crescente,Ceu Claro,Dupla,Reta,Urbano,2014,1,0,1,0,0,0,1,1
83257627,2014-10-03,Sexta,14:30:00,RN,101,99.0,NATAL,Falta de atenção,Colisão traseira,Sem Vítimas,Pleno dia,Crescente,Ceu Claro,Múltipla,Reta,Urbano,2014,2,0,0,0,2,0,0,2
83257665,2014-10-07,Terça,13:50:00,RN,405,0.8,MOSSORO,Não guardar distância de segurança,Colisão traseira,Sem Vítimas,Pleno dia,Decrescente,Ceu Claro,Dupla,Reta,Urbano,2014,2,0,0,0,1,1,0,2
83257790,2014-10-07,Terça,18:45:00,RN,101,100.0,PARNAMIRIM,Não guardar distância de segurança,Colisão traseira,Com Vítimas Feridas,Plena noite,Decrescente,Ceu Claro,Múltipla,Reta,Urbano,2014,2,0,1,0,1,0,1,2
83257922,2014-10-03,Sexta,10:30:00,RN,226,93.9,TANGARA,Dormindo,Colisão lateral,Com Vítimas Feridas,Pleno dia,Crescente,Ceu Claro,Simples,Reta,Rural,2014,5,0,1,0,4,0,1,4
83258060,2014-10-08,Quarta,07:50:00,RN,101,96.0,NATAL,Falta de atenção,Colisão Transversal,Sem Vítimas,Pleno dia,Decrescente,Sol,Dupla,Reta,Urbano,2014,2,0,0,0,2,0,0,2
83258078,2014-10-05,Domingo,16:40:00,RN,406,5.0,MACAU,Outras,Colisão Transversal,Com Vítimas Feridas,Pleno dia,Crescente,Ceu Claro,Simples,Cruzamento,Rural,2014,3,0,1,0,2,0,1,2
83258190,2014-10-06,Segunda,22:05:00,RN,304,44.9,MOSSORO,Velocidade incompatível,Tombamento,Sem Vítimas,Plena noite,Decrescente,Nublado,Dupla,Reta,Urbano,2014,2,0,0,0,2,0,0,1
83258231,2014-10-05,Domingo,04:00:00,RN,101,95.9,NATAL,Ingestão de álcool,Colisão frontal,Sem Vítimas,Plena noite,Decrescente,Ceu Claro,Múltipla,Reta,Urbano,2014,2,0,0,0,2,0,0,2
83258331,2014-10-08,Quarta,21:30:00,RN,101,94.7,NATAL,Defeito mecânico em veículo,Colisão com objeto móvel,Sem Vítimas,Plena noite,Decrescente,Ceu Claro,Múltipla,Reta,Urbano,2014,2,0,0,0,2,0,0,2
83258364,2014-10-01,Quarta,09:15:00,RN,101,99.0,NATAL,Falta de atenção,Colisão traseira,Com Vítimas Feridas,Pleno dia,Decrescente,Ceu Claro,Múltipla,Reta,Urbano,2014,2,0,1,0,1,0,1,2
83258375,2014-10-06,Segunda,05:50:00,RN,304,291.0,MACAIBA,Não guardar distância de segurança,Colisão traseira,Sem Vítimas,Pleno dia,Crescente,Sol,Simples,Reta,Rural,2014,4,0,0,0,3,1,0,4
83258402,2014-08-17,Domingo,10:30:00,RN,226,71.4,SERRA CAIADA,Outras,Saída de Pista,Com Vítimas Fatais,Amanhecer,Crescente,Ceu Claro,Simples,Reta,Rural,2014,1,1,0,0,0,0,0,1
83258458,2014-10-09,Quinta,11:00:00,RN,304,47.7,MOSSORO,Desobediência à sinalização,Colisão traseira,Com Vítimas Feridas,Pleno dia,Crescente,Sol,Dupla,Curva,Urbano,2014,3,0,1,2,0,0,3,2
83258490,2014-09-11,Quinta,13:50:00,RN,101,97.6,NATAL,Falta de atenção,Colisão traseira,Sem Vítimas,Pleno dia,Decrescente,Ceu Claro,Dupla,Reta,Urbano,2014,3,0,0,0,3,0,0,3
83258525,2014-10-09,Quinta,13:00:00,RN,101,95.8,NATAL,Outras,Colisão Transversal,Sem Vítimas,Pleno dia,Crescente,Ceu Claro,Dupla,Reta,Urbano,2014,2,0,0,0,2,0,0,2
83258541,2014-10-09,Quinta,12:30:00,RN,101,106.8,PARNAMIRIM,Outras,Capotamento,Sem Vítimas,Pleno dia,Crescente,Ceu Claro,Simples,Cruzamento,Urbano,2014,2,0,0,0,2,0,0,2
83258548,2014-10-09,Quinta,10:30:00,RN,101,149.0,GOIANINHA,Velocidade incompatível,Colisão com objeto fixo,Sem Vítimas,Pleno dia,Crescente,Sol,Múltipla,Curva,Urbano,2014,1,0,0,0,1,0,0,1
83258550,2014-10-05,Domingo,18:20:00,RN,304,283.2,MACAIBA,Não guardar distância de segurança,Colisão traseira,Sem Vítimas,Plena noite,Crescente,Ceu Claro,Simples,Reta,Urbano,2014,2,0,0,0,2,0,0,2
83258559,2014-10-05,Domingo,17:15:00,RN,304,286.8,MACAIBA,Falta de atenção,Colisão traseira,Sem Vítimas,Pleno dia,Crescente,Sol,Simples,Reta,Rural,2014,2,0,0,0,2,0,0,2
83258619,2014-10-09,Quinta,10:00:00,RN,226,228.2,FLORANIA,Outras,Capotamento,Com Vítimas Feridas,Pleno dia,Decrescente,Ceu Claro,Simples,Curva,Rural,2014,2,0,1,0,1,0,1,1
83258650,2014-10-05,Domingo,19:40:00,RN,101,100.0,NATAL,Falta de atenção,Colisão traseira,Sem Vítimas,Plena noite,Decrescente,Chuva,Múltipla,Reta,Urbano,2014,2,0,0,0,2,0,0,2
83258689,2014-10-09,Quinta,18:00:00,RN,226,84.2,TANGARA,Falta de atenção,Atropelamento de pessoa,Com Vítimas Feridas,Plena noite,Decrescente,Ceu Claro,Simples,Reta,Urbano,2014,3,0,0,3,0,0,3,1
83258697,2014-10-09,Quinta,11:30:00,RN,226,95.0,TANGARA,Falta de atenção,Colisão lateral,Sem Vítimas,Pleno dia,Decrescente,Sol,Simples,Reta,Rural,2014,3,0,0,0,2,1,0,3
83258803,2014-10-09,Quinta,20:40:00,RN,101,98.7,NATAL,Falta de atenção,Colisão lateral,Sem Vítimas,Plena noite,Crescente,Ceu Claro,Dupla,Reta,Urbano,2014,2,0,0,0,2,0,0,2
83259169,2014-10-10,Sexta,10:55:00,RN,101,106.8,PARNAMIRIM,Falta de atenção,Colisão traseira,Sem Vítimas,Pleno dia,Decrescente,Vento,Dupla,Reta,Urbano,2014,3,0,0,0,3,0,0,3
83259237,2014-10-10,Sexta,16:35:00,RN,101,96.0,NATAL,Falta de atenção,Colisão lateral,Sem Vítimas,Plena noite,Decrescente,Ceu Claro,Múltipla,Reta,Urbano,2014,2,0,0,0,2,0,0,2
83259244,2014-10-10,Sexta,17:53:00,RN,406,160.0,CEARA-MIRIM,Não guardar distância de segurança,Colisão traseira,Sem Vítimas,Anoitecer,Crescente,Ceu Claro,Simples,Reta,Rural,2014,2,0,0,0,2,0,0,2
83259279,2014-10-11,Sábado,03:20:00,RN,101,111.8,PARNAMIRIM,Outras,Saída de Pista,Sem Vítimas,Plena noite,Crescente,Ignorada,Dupla,Reta,Rural,2014,1,0,0,0,1,0,0,1
83259289,2014-10-10,Sexta,23:05:00,RN,110,45.5,MOSSORO,Outras,Atropelamento de pessoa,Com Vítimas Feridas,Plena noite,Decrescente,Ceu Claro,Simples,Reta,Urbano,2014,2,0,1,0,0,1,1,1
83259367,2014-10-11,Sábado,07:25:00,RN,304,296.7,MACAIBA,Outras,Colisão lateral,Sem Vítimas,Pleno dia,Decrescente,Sol,Simples,Cruzamento,Urbano,2014,2,0,0,0,2,0,0,2
83259382,2014-10-07,Terça,18:00:00,RN,226,276.7,TRIUNFO POTIGUAR,Falta de atenção,Colisão traseira,Com Vítimas Feridas,Plena noite,Decrescente,Ceu Claro,Simples,Reta,Urbano,2014,3,0,1,1,1,0,2,2
83259389,2014-10-10,Sexta,23:20:00,RN,101,125.5,NISIA FLORESTA,Outras,Colisão traseira,Sem Vítimas,Plena noite,Crescente,Nublado,Dupla,Reta,Urbano,2014,2,0,0,0,1,1,0,2
83259418,2014-10-01,Quarta,16:40:00,RN,101,83.0,NATAL,Ultrapassagem indevida,Colisão Transversal,Com Vítimas Feridas,Plena noite,Decrescente,Ceu Claro,Dupla,Reta,Urbano,2014,2,0,1,0,1,0,1,2
83259427,2014-10-11,Sábado,10:40:00,RN,304,300.9,MACAIBA,Falta de atenção,Queda de motocicleta / bicicleta / veículo,Sem Vítimas,Pleno dia,Crescente,Ceu Claro,Simples,Reta,Urbano,2014,2,0,0,0,2,0,0,2
83259454,2014-10-11,Sábado,10:55:00,RN,304,297.7,MACAIBA,Outras,Colisão lateral,Sem Vítimas,Pleno dia,Decrescente,Nublado,Simples,Curva,Urbano,2014,2,0,0,0,2,0,0,2
83259555,2014-10-11,Sábado,15:50:00,RN,101,107.0,PARNAMIRIM,Falta de atenção,Colisão traseira,Sem Vítimas,Pleno dia,Decrescente,Ceu Claro,Dupla,Cruzamento,Urbano,2014,2,0,0,0,2,0,0,2
83259630,2014-10-11,Sábado,15:50:00,RN,406,104.5,JOAO CAMARA,Defeito na via,Colisão traseira,Sem Vítimas,Pleno dia,Decrescente,Ceu Claro,Simples,Reta,Urbano,2014,2,0,0,0,1,1,0,2
83259632,2014-10-08,Quarta,11:35:00,RN,406,166.0,SAO GONCALO DO AMARANTE,Outras,Colisão Transversal,Ignorado,Pleno dia,Decrescente,Sol,Dupla,Reta,Urbano,2014,2,0,0,0,0,2,0,2
83259650,2014-10-11,Sábado,12:00:00,RN,405,39.3,MOSSORO,Falta de atenção,Colisão Transversal,Sem Vítimas,Pleno dia,Decrescente,Ceu Claro,Dupla,Reta,Urbano,2014,2,0,0,0,2,0,0,2
83259675,2014-10-11,Sábado,20:30:00,RN,304,30.8,MOSSORO,Animais na Pista,Atropelamento de animal,Sem Vítimas,Plena noite,Decrescente,Ceu Claro,Simples,Reta,Urbano,2014,1,0,0,0,1,0,0,1
83259785,2014-10-12,Domingo,04:00:00,RN,304,32.2,MOSSORO,Ingestão de álcool,Queda de motocicleta / bicicleta / veículo,Com Vítimas Feridas,Plena noite,Decrescente,Ceu Claro,Simples,Reta,Urbano,2014,1,0,1,0,0,0,1,1
83259819,2014-10-08,Quarta,19:05:00,RN,101,96.0,NATAL,Defeito mecânico em veículo,Queda de motocicleta / bicicleta / veículo,Com Vítimas Feridas,Plena noite,Crescente,Chuva,Múltipla,Reta,Urbano,2014,2,0,1,0,1,0,1,1
83259912,2014-10-12,Domingo,09:50:00,RN,101,97.2,NATAL,Falta de atenção,Colisão traseira,Sem Vítimas,Pleno dia,Crescente,Nublado,Dupla,Reta,Urbano,2014,2,0,0,0,2,0,0,2
83260038,2014-10-12,Domingo,16:30:00,RN,101,75.0,EXTREMOZ,Não guardar distância de segurança,Colisão traseira,Com Vítimas Feridas,Pleno dia,Crescente,Ceu Claro,Simples,Cruzamento,Rural,2014,4,0,3,0,1,0,3,2
83260051,2014-10-12,Domingo,17:50:00,RN,304,49.4,MOSSORO,Animais na Pista,Atropelamento de animal,Com Vítimas Feridas,Anoitecer,Decrescente,Ceu Claro,Simples,Reta,Urbano,2014,1,0,1,0,0,0,1,1
83260098,2014-10-12,Domingo,17:16:00,RN,226,8.0,NATAL,Outras,Atropelamento de pessoa,Com Vítimas Feridas,Plena noite,Crescente,Ceu Claro,Simples,Curva,Urbano,2014,2,0,0,1,0,1,1,1
83260193,2014-10-12,Domingo,19:50:00,RN,101,80.6,NATAL,Ingestão de álcool,Colisão traseira,Com Vítimas Feridas,Plena noite,Decrescente,Chuva,Dupla,Reta,Urbano,2014,2,0,1,0,1,0,1,2
83260262,2014-09-10,Quarta,18:20:00,RN,101,98.0,NATAL,Outras,Colisão traseira,Sem Vítimas,Plena noite,Decrescente,Ceu Claro,Múltipla,Reta,Urbano,2014,2,0,0,0,2,0,0,2
83260320,2014-10-13,Segunda,05:50:00,RN,101,79.0,SAO GONCALO DO AMARANTE,Falta de atenção,Colisão lateral,Com Vítimas Feridas,Pleno dia,Crescente,Ceu Claro,Dupla,Reta,Urbano,2014,3,0,1,0,2,0,1,3
83260323,2014-08-08,Sexta,06:50:00,RN,101,101.0,PARNAMIRIM,Outras,Colisão traseira,Sem Vítimas,Pleno dia,Decrescente,Ceu Claro,Dupla,Cruzamento,Urbano,2014,2,0,0,0,2,0,0,2
83260324,2014-10-13,Segunda,05:45:00,RN,226,168.0,CURRAIS NOVOS,Outras,Capotamento,Com Vítimas Feridas,Pleno dia,Decrescente,Ceu Claro,Simples,Reta,Rural,2014,5,0,4,0,1,0,4,1
83260428,2014-10-13,Segunda,12:55:00,RN,406,150.0,CEARA-MIRIM,Outras,Colisão Transversal,Sem Vítimas,Pleno dia,Crescente,Ceu Claro,Simples,Reta,Urbano,2014,2,0,0,0,2,0,0,2
83260491,2014-10-13,Segunda,11:30:00,RN,110,47.3,MOSSORO,Falta de atenção,Colisão traseira,Sem Vítimas,Pleno dia,Crescente,Sol,Simples,Reta,Urbano,2014,3,0,0,0,3,0,0,2
83260565,2014-10-13,Segunda,07:15:00,RN,101,94.6,NATAL,Falta de atenção,Colisão lateral,Sem Vítimas,Pleno dia,Decrescente,Nublado,Simples,Reta,Urbano,2014,2,0,0,0,2,0,0,2
83260604,2014-10-13,Segunda,17:00:00,RN,101,95.3,NATAL,Outras,Colisão traseira,Sem Vítimas,Anoitecer,Decrescente,Ceu Claro,Dupla,Reta,Urbano,2014,2,0,0,0,2,0,0,2
83260609,2014-10-13,Segunda,14:00:00,RN,101,148.5,GOIANINHA,Ultrapassagem indevida,Colisão lateral,Com Vítimas Feridas,Pleno dia,Decrescente,Sol,Múltipla,Reta,Urbano,2014,2,0,0,1,1,0,1,2
83260698,2014-10-10,Sexta,11:20:00,RN,405,153.0,PAU DOS FERROS,Falta de atenção,Colisão Transversal,Sem Vítimas,Pleno dia,Crescente,Sol,Simples,Reta,Urbano,2014,2,0,0,0,2,0,0,2
83260746,2014-10-13,Segunda,16:50:00,RN,101,83.2,SAO GONCALO DO AMARANTE,Ingestão de álcool,Colisão traseira,Com Vítimas Feridas,Pleno dia,Crescente,Nublado,Dupla,Reta,Urbano,2014,3,0,1,0,2,0,1,3
83260750,2014-10-13,Segunda,18:57:00,RN,101,83.2,NATAL,Outras,Queda de motocicleta / bicicleta / veículo,Com Vítimas Feridas,Plena noite,Decrescente,Chuva,Dupla,Reta,Urbano,2014,1,0,0,1,0,0,1,1
83260841,2014-10-09,Quinta,18:25:00,RN,406,109.0,POCO BRANCO,Não guardar distância de segurança,Colisão traseira,Sem Vítimas,Plena noite,Crescente,Ceu Claro,Simples,Reta,Urbano,2014,2,0,0,0,2,0,0,2
83260955,2014-10-14,Terça,09:10:00,RN,101,99.9,NATAL,Não guardar distância de segurança,Colisão lateral,Sem Vítimas,Pleno dia,Crescente,Sol,Múltipla,Cruzamento,Urbano,2014,2,0,0,0,2,0,0,2
83260980,2014-10-14,Terça,10:06:00,RN,406,25.0,GUAMARE,Falta de atenção,Colisão lateral,Sem Vítimas,Pleno dia,Crescente,Ceu Claro,Simples,Reta,Urbano,2014,2,0,0,0,2,0,0,2
83261102,2014-10-14,Terça,20:25:00,RN,110,49.5,MOSSORO,Falta de atenção,Colisão traseira,Com Vítimas Feridas,Plena noite,Decrescente,Ceu Claro,Dupla,Reta,Urbano,2014,2,0,1,0,1,0,1,2
83261129,2014-10-14,Terça,14:45:00,RN,304,38.9,MOSSORO,Velocidade incompatível,Tombamento,Sem Vítimas,Pleno dia,Crescente,Ceu Claro,Dupla,Reta,Urbano,2014,1,0,0,0,1,0,0,1
83261168,2014-10-14,Terça,19:35:00,RN,101,96.6,NATAL,Falta de atenção,Colisão traseira,Sem Vítimas,Plena noite,Crescente,Nublado,Múltipla,Reta,Urbano,2014,3,0,0,0,3,0,0,3
83261201,2014-10-14,Terça,20:30:00,RN,226,0.4,NATAL,Defeito mecânico em veículo,Colisão Transversal,Sem Vítimas,Plena noite,Decrescente,Ceu Claro,Simples,Curva,Urbano,2014,2,0,0,0,2,0,0,2
83261310,2014-10-15,Quarta,09:15:00,RN,101,106.1,PARNAMIRIM,Desobediência à sinalização,Colisão Transversal,Com Vítimas Feridas,Pleno dia,Crescente,Ceu Claro,Dupla,Cruzamento,Urbano,2014,2,0,1,0,1,0,1,2
83261382,2014-10-15,Quarta,09:55:00,RN,101,105.5,PARNAMIRIM,Falta de atenção,Colisão traseira,Sem Vítimas,Pleno dia,Crescente,Sol,Dupla,Reta,Urbano,2014,2,0,0,0,2,0,0,2
83261400,2014-10-12,Domingo,04:20:00,RN,304,44.9,MOSSORO,Ingestão de álcool,Colisão Transversal,Com Vítimas Fatais,Amanhecer,Crescente,Ceu Claro,Dupla,Reta,Urbano,2014,2,1,0,0,0,1,0,2
83261455,2014-10-15,Quarta,17:21:00,RN,101,107.0,PARNAMIRIM,Falta de atenção,Colisão lateral,Sem Vítimas,Plena noite,Crescente,Ceu Claro,Múltipla,Reta,Urbano,2014,2,0,0,0,2,0,0,2
83261473,2014-10-15,Quarta,17:00:00,RN,406,170.0,SAO GONCALO DO AMARANTE,Falta de atenção,Colisão lateral,Sem Vítimas,Anoitecer,Decrescente,Vento,Simples,Reta,Urbano,2014,2,0,0,0,2,0,0,2
83261476,2014-10-15,Quarta,17:50:00,RN,101,79.0,NATAL,Falta de atenção,Colisão Transversal,Com Vítimas Feridas,Anoitecer,Crescente,Ceu Claro,Dupla,Reta,Urbano,2014,3,0,2,1,0,0,3,2
83261492,2014-10-15,Quarta,18:15:00,RN,110,47.6,MOSSORO,Outras,Colisão Transversal,Com Vítimas Feridas,Plena noite,Crescente,Ceu Claro,Simples,Reta,Urbano,2014,2,0,1,0,1,0,1,2
83261511,2014-10-15,Quarta,15:00:00,RN,110,48.6,MOSSORO,Outras,Colisão traseira,Com Vítimas Feridas,Pleno dia,Decrescente,Ceu Claro,Dupla,Cruzamento,Urbano,2014,2,0,0,1,0,1,1,2
83261526,2014-10-15,Quarta,16:20:00,RN,101,94.0,NATAL,Não guardar distância de segurança,Colisão traseira,Sem Vítimas,Pleno dia,Decrescente,Ceu Claro,Múltipla,Reta,Urbano,2014,2,0,0,0,2,0,0,2
83261711,2014-10-16,Quinta,11:10:00,RN,110,50.5,MOSSORO,Não guardar distância de segurança,Colisão traseira,Com Vítimas Feridas,Pleno dia,Crescente,Sol,Simples,Cruzamento,Urbano,2014,3,0,1,1,0,1,2,2
83261778,2014-10-14,Terça,13:10:00,RN,101,96.9,NATAL,Não guardar distância de segurança,Colisão traseira,Sem Vítimas,Pleno dia,Decrescente,Ceu Claro,Dupla,Reta,Urbano,2014,2,0,0,0,2,0,0,2
83261787,2014-10-10,Sexta,19:00:00,RN,304,79.9,MOSSORO,Outras,Capotamento,Com Vítimas Feridas,Plena noite,Crescente,Ignorada,Simples,Reta,Rural,2014,3,0,2,1,0,0,3,1
83261788,2014-10-16,Quinta,11:00:00,RN,101,95.5,NATAL,Outras,Colisão Transversal,Sem Vítimas,Pleno dia,Crescente,Ceu Claro,Dupla,Reta,Urbano,2014,2,0,0,0,2,0,0,2
83261791,2014-10-16,Quinta,11:35:00,RN,304,47.8,MOSSORO,Falta de atenção,Colisão lateral,Sem Vítimas,Pleno dia,Decrescente,Ceu Claro,Dupla,Curva,Urbano,2014,2,0,0,0,2,0,0,2
83261879,2014-10-16,Quinta,17:30:00,RN,110,49.5,MOSSORO,Não guardar distância de segurança,Colisão traseira,Sem Vítimas,Anoitecer,Decrescente,Ceu Claro,Simples,Reta,Urbano,2014,2,0,0,0,1,1,0,2
83261885,2014-10-16,Quinta,13:00:00,RN,226,151.0,CURRAIS NOVOS,Velocidade incompatível,Colisão traseira,Com Vítimas Feridas,Pleno dia,Crescente,Ceu Claro,Simples,Reta,Rural,2014,4,0,2,1,1,0,3,2
83261967,2014-10-04,Sábado,20:30:00,RN,304,295.7,MACAIBA,Ingestão de álcool,Colisão traseira,Sem Vítimas,Plena noite,Decrescente,Ceu Claro,Simples,Reta,Urbano,2014,2,0,0,0,2,0,0,2
83262170,2014-10-17,Sexta,08:00:00,RN,406,150.0,CEARA-MIRIM,Falta de atenção,Colisão lateral,Sem Vítimas,Amanhecer,Crescente,Ceu Claro,Simples,Reta,Urbano,2014,2,0,0,0,2,0,0,2
83262393,2014-10-17,Sexta,16:00:00,RN,304,36.2,MOSSORO,Falta de atenção,Colisão com objeto fixo,Sem Vítimas,Pleno dia,Decrescente,Sol,Dupla,Reta,Urbano,2014,2,0,0,0,1,1,0,2
83262416,2014-10-17,Sexta,16:30:00,RN,304,48.5,MOSSORO,Falta de atenção,Atropelamento de pessoa,Com Vítimas Feridas,Pleno dia,Crescente,Ceu Claro,Simples,Reta,Urbano,2014,3,0,1,0,2,0,1,1
83262470,2014-10-17,Sexta,18:50:00,RN,101,82.1,NATAL,Falta de atenção,Colisão traseira,Sem Vítimas,Plena noite,Decrescente,Ceu Claro,Dupla,Reta,Urbano,2014,3,0,0,0,3,0,0,3
83262478,2014-10-17,Sexta,17:40:00,RN,101,78.0,NATAL,Não guardar distância de segurança,Colisão lateral,Com Vítimas Feridas,Anoitecer,Decrescente,Nublado,Dupla,Reta,Rural,2014,2,0,1,0,1,0,1,2
83262487,2014-10-17,Sexta,18:10:00,RN,304,38.2,MOSSORO,Outras,Atropelamento de pessoa,Com Vítimas Feridas,Plena noite,Decrescente,Ceu Claro,Dupla,Reta,Urbano,2014,3,0,1,2,0,0,3,1
83262499,2014-10-17,Sexta,18:55:00,RN,101,95.9,NATAL,Velocidade incompatível,Colisão traseira,Sem Vítimas,Pleno dia,Crescente,Ceu Claro,Múltipla,Reta,Urbano,2014,2,0,0,0,2,0,0,2
83262533,2014-10-17,Sexta,22:00:00,RN,101,164.7,CANGUARETAMA,Dormindo,Saída de Pista,Com Vítimas Feridas,Plena noite,Crescente,Ceu Claro,Dupla,Reta,Rural,2014,2,0,2,0,0,0,2,1
83262583,2014-10-14,Terça,17:45:00,RN,226,32.6,MACAIBA,Falta de atenção,Colisão lateral,Com Vítimas Feridas,Plena noite,Crescente,Ceu Claro,Simples,Reta,Rural,2014,2,0,0,1,1,0,1,2
83262621,2014-10-18,Sábado,07:45:00,RN,406,159.5,CEARA-MIRIM,Falta de atenção,Colisão traseira,Sem Vítimas,Pleno dia,Crescente,Chuva,Simples,Reta,Rural,2014,4,0,0,0,4,0,0,4
83262688,2014-10-18,Sábado,09:05:00,RN,101,95.8,NATAL,Falta de atenção,Colisão traseira,Sem Vítimas,Pleno dia,Decrescente,Sol,Múltipla,Reta,Urbano,2014,2,0,0,0,2,0,0,2
83262764,2014-10-18,Sábado,03:00:00,RN,101,103.0,PARNAMIRIM,Falta de atenção,Colisão lateral,Sem Vítimas,Plena noite,Decrescente,Ceu Claro,Dupla,Reta,Urbano,2014,2,0,0,0,2,0,0,2
83262803,2014-10-18,Sábado,06:38:00,RN,101,80.7,NATAL,Desobediência à sinalização,Colisão lateral,Sem Vítimas,Pleno dia,Decrescente,Ceu Claro,Dupla,Cruzamento,Urbano,2014,2,0,0,0,2,0,0,2
83262813,2014-10-18,Sábado,09:30:00,RN,101,99.8,NATAL,Não guardar distância de segurança,Colisão traseira,Sem Vítimas,Pleno dia,Decrescente,Ceu Claro,Múltipla,Cruzamento,Urbano,2014,2,0,0,0,2,0,0,2
83262852,2014-10-18,Sábado,18:40:00,RN,226,140.3,CAMPO REDONDO,Animais na Pista,Saída de Pista,Sem Vítimas,Plena noite,Crescente,Ceu Claro,Simples,Reta,Rural,2014,2,0,0,0,2,0,0,1
83262875,2014-10-18,Sábado,16:10:00,RN,101,84.9,NATAL,Outras,Colisão traseira,Com Vítimas Feridas,Pleno dia,Decrescente,Ceu Claro,Dupla,Reta,Urbano,2014,3,0,0,1,2,0,1,2
83262964,2014-10-18,Sábado,22:30:00,RN,226,143.6,CURRAIS NOVOS,Ingestão de álcool,Saída de Pista,Com Vítimas Feridas,Plena noite,Decrescente,Ceu Claro,Simples,Reta,Rural,2014,2,0,1,0,1,0,1,1
83262973,2014-10-18,Sábado,13:15:00,RN,226,323.0,MESSIAS TARGINO,Falta de atenção,Colisão Transversal,Com Vítimas Fatais,Pleno dia,Decrescente,Sol,Simples,Reta,Urbano,2014,3,1,0,0,2,0,0,2
83262977,2014-10-19,Domingo,01:00:00,RN,101,98.5,NATAL,Ingestão de álcool,Colisão traseira,Com Vítimas Feridas,Plena noite,Decrescente,Ignorada,Dupla,Reta,Urbano,2014,4,0,3,0,1,0,3,2
83263090,2014-10-19,Domingo,09:40:00,RN,304,29.2,MOSSORO,Falta de atenção,Colisão Transversal,Com Vítimas Feridas,Pleno dia,Crescente,Ceu Claro,Simples,Reta,Rural,2014,6,0,2,0,4,0,2,2
83263148,2014-10-19,Domingo,07:10:00,RN,101,99.9,NATAL,Velocidade incompatível,Colisão traseira,Sem Vítimas,Pleno dia,Crescente,Ceu Claro,Dupla,Cruzamento,Urbano,2014,2,0,0,0,2,0,0,2
83263252,2014-10-15,Quarta,07:45:00,RN,101,97.5,NATAL,Falta de atenção,Colisão lateral,Com Vítimas Feridas,Pleno dia,Decrescente,Ceu Claro,Múltipla,Reta,Urbano,2014,2,0,1,0,0,1,1,2
83263339,2014-10-19,Domingo,12:00:00,RN,101,107.0,PARNAMIRIM,Não guardar distância de segurança,Colisão traseira,Sem Vítimas,Pleno dia,Decrescente,Ceu Claro,Dupla,Reta,Urbano,2014,2,0,0,0,2,0,0,2