id,data_inversa,dia_semana,horario,uf,br,km,municipio,causa_acidente,tipo_acidente,classificacao_acidente,fase_dia,sentido_via,condicao_metereologica,tipo_pista,tracado_via,uso_solo,ano,pessoas,mortos,feridos_leves,feridos_graves,ilesos,ignorados,feridos,veiculos
83269413,2014-11-01,Sábado,18:40:00,RN,304,80.0,MOSSORO,Animais na Pista,Atropelamento de animal,Sem Vítimas,Plena noite,Decrescente,Ceu Claro,Simples,Reta,Urbano,2014,1,0,0,0,1,0,0,1
83269420,2014-11-01,Sábado,14:20:00,RN,101,112.7,SAO JOSE DE MIPIBU,Ingestão de álcool,Colisão traseira,Com Vítimas Feridas,Pleno dia,Decrescente,Sol,Dupla,Curva,Rural,2014,2,0,2,0,0,0,2,2
83269432,2014-11-01,Sábado,18:50:00,RN,101,124.6,SAO JOSE DE MIPIBU,Desobediência à sinalização,Colisão Transversal,Sem Vítimas,Plena noite,Decrescente,Ceu Claro,Dupla,Cruzamento,Urbano,2014,2,0,0,0,1,1,0,2
83269549,2014-11-01,Sábado,11:10:00,RN,101,95.9,NATAL,Falta de atenção,Colisão traseira,Com Vítimas Feridas,Pleno dia,Decrescente,Sol,Múltipla,Reta,Urbano,2014,2,0,0,1,1,0,1,2
83269550,2014-11-02,Domingo,04:15:00,RN,427,48.5,JARDIM DO SERIDO,Animais na Pista,Saída de Pista,Sem Vítimas,Plena noite,Crescente,Ceu Claro,Simples,Reta,Rural,2014,1,0,0,0,1,0,0,1
83269553,2014-11-02,Domingo,04:00:00,RN,101,84.8,NATAL,Outras,Colisão com objeto fixo,Sem Vítimas,Amanhecer,Decrescente,Nublado,Dupla,Reta,Urbano,2014,1,0,0,0,1,0,0,1
83269704,2014-11-02,Domingo,07:30:00,RN,101,164.6,CANGUARETAMA,Outras,Saída de Pista,Com Vítimas Feridas,Pleno dia,Crescente,Nublado,Dupla,Reta,Rural,2014,1,0,0,1,0,0,1,1
83269706,2014-11-02,Domingo,14:08:00,RN,101,85.0,NATAL,Falta de atenção,Colisão traseira,Sem Vítimas,Pleno dia,Decrescente,Ceu Claro,Dupla,Reta,Urbano,2014,2,0,0,0,2,0,0,2
83269718,2014-11-02,Domingo,14:40:00,RN,101,85.1,NATAL,Não guardar distância de segurança,Colisão traseira,Sem Vítimas,Pleno dia,Decrescente,Sol,Dupla,Reta,Urbano,2014,2,0,0,0,2,0,0,2
83269814,2014-11-02,Domingo,18:16:00,RN,226,113.1,SANTA CRUZ,Outras,Colisão traseira,Sem Vítimas,Plena noite,Crescente,Ceu Claro,Simples,Reta,Rural,2014,2,0,0,0,1,1,0,2
83269820,2014-11-02,Domingo,18:15:00,RN,226,113.1,SANTA CRUZ,Ingestão de álcool,Colisão lateral,Com Vítimas Feridas,Plena noite,Crescente,Ceu Claro,Simples,Reta,Rural,2014,2,0,1,0,1,0,1,2
83269822,2014-11-02,Domingo,17:20:00,RN,101,165.0,CANGUARETAMA,Dormindo,Saída de Pista,Com Vítimas Feridas,Pleno dia,Decrescente,Ceu Claro,Dupla,Reta,Rural,2014,1,0,1,0,0,0,1,1
83269835,2014-11-02,Domingo,17:00:00,RN,304,291.9,MACAIBA,Falta de atenção,Colisão traseira,Sem Vítimas,Anoitecer,Crescente,Ceu Claro,Simples,Reta,Rural,2014,3,0,0,0,3,0,0,3
83269847,2014-11-02,Domingo,15:40:00,RN,304,295.5,MACAIBA,Ingestão de álcool,Colisão traseira,Sem Vítimas,Pleno dia,Crescente,Ceu Claro,Simples,Reta,Urbano,2014,3,0,0,0,2,1,0,3
83269873,2014-11-02,Domingo,09:40:00,RN,226,61.8,SERRA CAIADA,Outras,Colisão Transversal,Com Vítimas Feridas,Pleno dia,Decrescente,Sol,Simples,Cruzamento,Urbano,2014,2,0,0,1,0,1,1,2
83269899,2014-11-02,Domingo,21:56:00,RN,406,170.0,SAO GONCALO DO AMARANTE,Ultrapassagem indevida,Colisão frontal,Sem Vítimas,Plena noite,Decrescente,Ceu Claro,Simples,Reta,Urbano,2014,2,0,0,0,2,0,0,2
83269922,2014-11-03,Segunda,02:18:00,RN,304,46.0,MOSSORO,Ingestão de álcool,Queda de motocicleta / bicicleta / veículo,Com Vítimas Feridas,Plena noite,Crescente,Ceu Claro,Dupla,Reta,Urbano,2014,1,0,1,0,0,0,1,1
83269950,2014-11-03,Segunda,03:30:00,RN,101,85.0,NATAL,Outras,Colisão traseira,Sem Vítimas,Plena noite,Crescente,Ceu Claro,Dupla,Reta,Urbano,2014,2,0,0,0,2,0,0,2
83269980,2014-10-30,Quinta,19:15:00,RN,304,213.7,CAICARA DO RIO DO VENTO,Outras,Colisão lateral,Com Vítimas Feridas,Plena noite,Crescente,Ceu Claro,Simples,Reta,Rural,2014,2,0,0,1,1,0,1,2
83270011,2014-10-30,Quinta,04:00:00,RN,110,92.3,UPANEMA,Animais na Pista,Atropelamento de animal,Com Vítimas Feridas,Plena noite,Crescente,Ceu Claro,Simples,Reta,Rural,2014,1,0,0,1,0,0,1,1
83270131,2014-01-03,Sexta,08:25:00,RN,101,98.8,NATAL,Falta de atenção,Colisão traseira,Sem Vítimas,Pleno dia,Decrescente,Ceu Claro,Dupla,Reta,Urbano,2014,2,0,0,0,2,0,0,2
83270151,2014-11-03,Segunda,11:30:00,RN,110,46.9,MOSSORO,Falta de atenção,Queda de motocicleta / bicicleta / veículo,Com Vítimas Feridas,Pleno dia,Decrescente,Sol,Simples,Reta,Urbano,2014,3,0,1,0,2,0,1,1
83270212,2014-11-03,Segunda,14:20:00,RN,406,155.0,CEARA-MIRIM,Defeito mecânico em veículo,Colisão traseira,Sem Vítimas,Pleno dia,Crescente,Sol,Simples,Reta,Rural,2014,4,0,0,0,4,0,0,4
83270270,2014-11-03,Segunda,08:35:00,RN,101,116.0,SAO JOSE DE MIPIBU,Outras,Colisão com objeto fixo,Sem Vítimas,Pleno dia,Decrescente,Nublado,Dupla,Reta,Rural,2014,1,0,0,0,1,0,0,1
83270298,2014-11-03,Segunda,14:30:00,RN,101,98.5,NATAL,Falta de atenção,Colisão traseira,Com Vítimas Feridas,Pleno dia,Crescente,Sol,Múltipla,Cruzamento,Urbano,2014,2,0,1,0,1,0,1,2
83270301,2014-11-01,Sábado,07:00:00,RN,101,94.5,NATAL,Outras,Tombamento,Sem Vítimas,Pleno dia,Crescente,Ceu Claro,Dupla,Reta,Urbano,2014,1,0,0,0,1,0,0,1
83270379,2014-11-03,Segunda,20:20:00,RN,101,79.1,SAO GONCALO DO AMARANTE,Defeito mecânico em veículo,Colisão traseira,Com Vítimas Feridas,Plena noite,Crescente,Ceu Claro,Dupla,Reta,Urbano,2014,3,0,1,0,2,0,1,3
83270389,2014-10-30,Quinta,05:30:00,RN,110,47.9,MOSSORO,Desobediência à sinalização,Colisão Transversal,Sem Vítimas,Pleno dia,Decrescente,Ceu Claro,Simples,Reta,Urbano,2014,2,0,0,0,2,0,0,2
83270585,2014-11-04,Terça,10:20:00,RN,304,36.0,MOSSORO,Falta de atenção,Colisão com objeto fixo,Sem Vítimas,Pleno dia,Decrescente,Ceu Claro,Dupla,Reta,Urbano,2014,2,0,0,0,1,1,0,2
83270667,2014-10-22,Quarta,18:50:00,RN,101,98.0,NATAL,Falta de atenção,Colisão traseira,Sem Vítimas,Plena noite,Decrescente,Ceu Claro,Dupla,Reta,Urbano,2014,3,0,0,0,3,0,0,3
83270672,2014-10-14,Terça,08:40:00,RN,226,4.4,NATAL,Falta de atenção,Colisão lateral,Com Vítimas Feridas,Pleno dia,Crescente,Sol,Simples,Reta,Urbano,2014,2,0,0,1,1,0,1,2
83270685,2014-11-04,Terça,13:30:00,RN,101,77.0,NATAL,Falta de atenção,Colisão Transversal,Sem Vítimas,Pleno dia,Decrescente,Ceu Claro,Dupla,Reta,Urbano,2014,2,0,0,0,2,0,0,2
83270701,2014-11-04,Terça,09:10:00,RN,101,107.0,PARNAMIRIM,Não guardar distância de segurança,Colisão traseira,Sem Vítimas,Pleno dia,Decrescente,Ceu Claro,Dupla,Cruzamento,Urbano,2014,2,0,0,0,2,0,0,2
83270709,2014-11-04,Terça,15:15:00,RN,304,296.8,MACAIBA,Falta de atenção,Colisão com bicicleta,Com Vítimas Feridas,Pleno dia,Decrescente,Ceu Claro,Simples,Cruzamento,Urbano,2014,2,0,1,0,1,0,1,2
83270718,2014-10-31,Sexta,16:30:00,RN,101,164.1,CANGUARETAMA,Defeito mecânico em veículo,Colisão traseira,Sem Vítimas,Pleno dia,Decrescente,Ceu Claro,Dupla,Reta,Rural,2014,2,0,0,0,2,0,0,2
83270736,2014-10-31,Sexta,18:30:00,RN,101,106.8,PARNAMIRIM,Ultrapassagem indevida,Colisão com bicicleta,Com Vítimas Feridas,Anoitecer,Decrescente,Ceu Claro,Dupla,Reta,Urbano,2014,2,0,1,0,0,1,1,2
83270801,2014-11-04,Terça,17:10:00,RN,110,59.2,MOSSORO,Defeito mecânico em veículo,Colisão com objeto móvel,Sem Vítimas,Anoitecer,Crescente,Ceu Claro,Simples,Reta,Urbano,2014,2,0,0,0,2,0,0,2
83270813,2014-11-04,Terça,10:00:00,RN,226,81.9,TANGARA,Falta de atenção,Colisão Transversal,Com Vítimas Feridas,Pleno dia,Crescente,Sol,Simples,Reta,Urbano,2014,2,0,1,0,1,0,1,2
83270858,2014-11-04,Terça,11:00:00,RN,101,97.0,NATAL,Outras,Colisão Transversal,Sem Vítimas,Pleno dia,Crescente,Ceu Claro,Múltipla,Reta,Urbano,2014,2,0,0,0,2,0,0,2
83270860,2014-11-04,Terça,09:00:00,RN,226,335.7,PATU,Outras,Queda de motocicleta / bicicleta / veículo,Com Vítimas Fatais,Pleno dia,Decrescente,Nublado,Simples,Reta,Rural,2014,2,1,1,0,0,0,1,1
83270932,2014-11-04,Terça,21:10:00,RN,101,99.5,NATAL,Falta de atenção,Colisão lateral,Sem Vítimas,Plena noite,Crescente,Ceu Claro,Dupla,Reta,Urbano,2014,2,0,0,0,2,0,0,2
83271099,2014-11-05,Quarta,08:50:00,RN,110,46.5,MOSSORO,Outras,Queda de motocicleta / bicicleta / veículo,Com Vítimas Feridas,Pleno dia,Decrescente,Ceu Claro,Simples,Reta,Urbano,2014,2,0,1,0,0,1,1,1
83271111,2014-11-05,Quarta,11:50:00,RN,110,48.2,MOSSORO,Falta de atenção,Colisão traseira,Sem Vítimas,Pleno dia,Crescente,Ceu Claro,Dupla,Cruzamento,Urbano,2014,2,0,0,0,2,0,0,2
83271148,2014-11-05,Quarta,11:30:00,RN,101,105.0,PARNAMIRIM,Outras,Colisão lateral,Sem Vítimas,Pleno dia,Decrescente,Ceu Claro,Dupla,Cruzamento,Urbano,2014,2,0,0,0,2,0,0,2
83271186,2014-11-05,Quarta,15:15:00,RN,101,97.6,NATAL,Não guardar distância de segurança,Colisão traseira,Sem Vítimas,Pleno dia,Decrescente,Ceu Claro,Dupla,Reta,Urbano,2014,3,0,0,0,3,0,0,3
83271190,2014-11-05,Quarta,10:45:00,RN,101,84.8,NATAL,Não guardar distância de segurança,Colisão lateral,Sem Vítimas,Pleno dia,Decrescente,Ceu Claro,Dupla,Reta,Urbano,2014,2,0,0,0,2,0,0,2
83271202,2014-11-01,Sábado,16:00:00,RN,101,95.0,NATAL,Falta de atenção,Queda de motocicleta / bicicleta / veículo,Com Vítimas Feridas,Pleno dia,Crescente,Ceu Claro,Múltipla,Curva,Urbano,2014,2,0,2,0,0,0,2,1
83271235,2014-11-05,Quarta,19:10:00,RN,101,95.0,NATAL,Não guardar distância de segurança,Colisão traseira,Sem Vítimas,Pleno dia,Crescente,Ceu Claro,Dupla,Cruzamento,Urbano,2014,2,0,0,0,2,0,0,2
83271273,2014-10-22,Quarta,14:00:00,RN,101,106.0,PARNAMIRIM,Falta de atenção,Colisão traseira,Sem Vítimas,Pleno dia,Decrescente,Ceu Claro,Dupla,Reta,Urbano,2014,2,0,0,0,1,1,0,2
83271298,2014-11-01,Sábado,18:00:00,RN,101,109.0,PARNAMIRIM,Falta de atenção,Colisão lateral,Sem Vítimas,Plena noite,Decrescente,Ceu Claro,Dupla,Reta,Urbano,2014,2,0,0,0,2,0,0,2
83271353,2014-11-05,Quarta,21:30:00,RN,304,32.8,MOSSORO,Animais na Pista,Atropelamento de animal,Sem Vítimas,Plena noite,Decrescente,Ignorada,Dupla,Reta,Urbano,2014,1,0,0,0,1,0,0,1
83271444,2014-11-06,Quinta,07:50:00,RN,304,282.7,MACAIBA,Falta de atenção,Colisão traseira,Sem Vítimas,Pleno dia,Decrescente,Sol,Simples,Cruzamento,Rural,2014,2,0,0,0,2,0,0,2
83271452,2014-10-19,Domingo,07:45:00,RN,405,9.2,MOSSORO,Não guardar distância de segurança,Colisão traseira,Com Vítimas Feridas,Pleno dia,Crescente,Ceu Claro,Simples,Cruzamento,Rural,2014,2,0,1,0,1,0,1,2
83271564,2014-11-06,Quinta,12:30:00,RN,101,98.9,NATAL,Falta de atenção,Colisão lateral,Sem Vítimas,Pleno dia,Crescente,Ceu Claro,Múltipla,Reta,Urbano,2014,2,0,0,0,2,0,0,2
83271566,2014-11-06,Quinta,11:25:00,RN,101,99.5,NATAL,Outras,Colisão lateral,Sem Vítimas,Pleno dia,Decrescente,Sol,Múltipla,Reta,Urbano,2014,2,0,0,0,2,0,0,2
83271605,2014-11-06,Quinta,11:15:00,RN,101,108.0,PARNAMIRIM,Falta de atenção,Colisão traseira,Sem Vítimas,Pleno dia,Crescente,Ceu Claro,Dupla,Cruzamento,Urbano,2014,2,0,0,0,2,0,0,2
83271637,2014-11-04,Terça,18:10:00,RN,101,98.0,NATAL,Falta de atenção,Colisão traseira,Sem Vítimas,Plena noite,Decrescente,Ceu Claro,Dupla,Reta,Urbano,2014,2,0,0,0,2,0,0,2
83271703,2014-11-06,Quinta,18:35:00,RN,304,48.3,MOSSORO,Falta de atenção,Queda de motocicleta / bicicleta / veículo,Com Vítimas Feridas,Plena noite,Crescente,Ceu Claro,Simples,Reta,Urbano,2014,1,0,1,0,0,0,1,1
83271757,2014-11-06,Quinta,21:00:00,RN,304,294.5,MACAIBA,Defeito mecânico em veículo,Incêndio,Sem Vítimas,Plena noite,Crescente,Ceu Claro,Simples,Reta,Rural,2014,1,0,0,0,1,0,0,1
83271760,2014-11-06,Quinta,17:00:00,RN,226,41.5,MACAIBA,Outras,Colisão Transversal,Com Vítimas Feridas,Pleno dia,Crescente,Ceu Claro,Simples,Cruzamento,Urbano,2014,2,0,0,1,1,0,1,2
83271767,2014-11-06,Quinta,23:30:00,RN,226,4.0,NATAL,Animais na Pista,Atropelamento de animal,Sem Vítimas,Plena noite,Crescente,Ceu Claro,Simples,Reta,Urbano,2014,1,0,0,0,1,0,0,1
83271840,2014-11-03,Segunda,22:00:00,RN,101,103.8,PARNAMIRIM,Não guardar distância de segurança,Colisão traseira,Sem Vítimas,Plena noite,Crescente,Ceu Claro,Múltipla,Reta,Urbano,2014,3,0,0,0,3,0,0,3
83271851,2014-11-05,Quarta,08:35:00,RN,101,97.7,NATAL,Falta de atenção,Colisão lateral,Sem Vítimas,Pleno dia,Decrescente,Ceu Claro,Múltipla,Reta,Urbano,2014,2,0,0,0,2,0,0,2
83271855,2014-11-03,Segunda,21:20:00,RN,101,96.0,NATAL,Não guardar distância de segurança,Colisão lateral,Sem Vítimas,Plena noite,Crescente,Ceu Claro,Dupla,Reta,Urbano,2014,2,0,0,0,2,0,0,2
83271860,2014-11-03,Segunda,08:00:00,RN,101,106.4,PARNAMIRIM,Falta de atenção,Colisão traseira,Sem Vítimas,Pleno dia,Decrescente,Sol,Dupla,Reta,Urbano,2014,3,0,0,0,3,0,0,3
83271867,2014-11-02,Domingo,18:00:00,RN,304,287.7,MACAIBA,Outras,Colisão traseira,Sem Vítimas,Anoitecer,Crescente,Ceu Claro,Simples,Reta,Rural,2014,3,0,0,0,1,2,0,3
83271889,2014-11-03,Segunda,13:00:00,RN,304,262.6,SANTA MARIA,Desobediência à sinalização,Colisão frontal,Com Vítimas Fatais,Pleno dia,Decrescente,Ceu Claro,Simples,Reta,Rural,2014,3,1,1,1,0,0,2,2
83271919,2014-11-05,Quarta,10:25:00,RN,101,109.0,PARNAMIRIM,Falta de atenção,Colisão traseira,Sem Vítimas,Pleno dia,Decrescente,Ceu Claro,Dupla,Cruzamento,Urbano,2014,2,0,0,0,2,0,0,2
83271920,2014-11-04,Terça,17:55:00,RN,101,99.9,NATAL,Outras,Atropelamento de pessoa,Com Vítimas Feridas,Anoitecer,Crescente,Ceu Claro,Múltipla,Reta,Urbano,2014,3,0,2,0,1,0,2,2
83271925,2014-11-03,Segunda,18:40:00,RN,101,100.1,PARNAMIRIM,Outras,Colisão lateral,Sem Vítimas,Plena noite,Decrescente,Ceu Claro,Múltipla,Reta,Urbano,2014,2,0,0,0,2,0,0,2
83271932,2014-11-02,Domingo,17:30:00,RN,304,284.5,MACAIBA,Velocidade incompatível,Colisão traseira,Com Vítimas Feridas,Anoitecer,Crescente,Ceu Claro,Simples,Reta,Rural,2014,2,0,1,0,1,0,1,2
83271994,2014-11-05,Quarta,18:00:00,RN,101,107.0,PARNAMIRIM,Falta de atenção,Atropelamento de pessoa,Com Vítimas Feridas,Anoitecer,Crescente,Ceu Claro,Dupla,Reta,Urbano,2014,2,0,0,1,1,0,1,1
83272004,2014-11-07,Sexta,09:55:00,RN,101,97.0,NATAL,Falta de atenção,Colisão traseira,Sem Vítimas,Pleno dia,Crescente,Ceu Claro,Múltipla,Cruzamento,Urbano,2014,2,0,0,0,2,0,0,2
83272008,2014-11-07,Sexta,08:30:00,RN,101,97.0,NATAL,Não guardar distância de segurança,Colisão traseira,Sem Vítimas,Pleno dia,Decrescente,Ceu Claro,Dupla,Reta,Urbano,2014,2,0,0,0,2,0,0,2
83272084,2014-11-07,Sexta,16:00:00,RN,226,113.0,SANTA CRUZ,Outras,Saída de Pista,Ignorado,Pleno dia,Decrescente,Ceu Claro,Simples,Reta,Rural,2014,1,0,0,0,0,1,0,1
83272165,2014-11-07,Sexta,20:15:00,RN,101,85.0,SAO GONCALO DO AMARANTE,Falta de atenção,Colisão traseira,Com Vítimas Feridas,Plena noite,Crescente,Vento,Dupla,Reta,Urbano,2014,2,0,1,0,1,0,1,2
83272197,2014-11-07,Sexta,15:00:00,RN,304,248.7,SANTA MARIA,Defeito mecânico em veículo,Saída de Pista,Com Vítimas Feridas,Pleno dia,Decrescente,Sol,Simples,Reta,Rural,2014,1,0,1,0,0,0,1,1
83272220,2014-11-07,Sexta,19:50:00,RN,304,297.7,MACAIBA,Desobediência à sinalização,Colisão Transversal,Sem Vítimas,Plena noite,Decrescente,Ignorada,Dupla,Cruzamento,Urbano,2014,2,0,0,0,2,0,0,2
83272280,2014-10-30,Quinta,18:30:00,RN,101,83.2,SAO GONCALO DO AMARANTE,Falta de atenção,Colisão lateral,Sem Vítimas,Plena noite,Crescente,Vento,Dupla,Reta,Urbano,2014,2,0,0,0,2,0,0,2
83272314,2014-11-07,Sexta,18:40:00,RN,226,83.5,TANGARA,Outras,Colisão frontal,Sem Vítimas,Plena noite,Crescente,Ceu Claro,Simples,Reta,Urbano,2014,2,0,0,0,2,0,0,2
83272331,2014-11-04,Terça,21:00:00,RN,101,110.8,PARNAMIRIM,Animais na Pista,Atropelamento de animal,Ignorado,Plena noite,Crescente,Ceu Claro,Dupla,Reta,Rural,2014,1,0,0,0,0,1,0,1
83272390,2014-11-08,Sábado,09:00:00,RN,110,45.7,MOSSORO,Falta de atenção,Colisão Transversal,Com Vítimas Feridas,Pleno dia,Decrescente,Ceu Claro,Simples,Cruzamento,Urbano,2014,3,0,2,0,1,0,2,2
83272398,2014-11-05,Quarta,06:20:00,RN,304,32.2,MOSSORO,Velocidade incompatível,Colisão Transversal,Com Vítimas Feridas,Amanhecer,Crescente,Ceu Claro,Simples,Reta,Rural,2014,3,0,2,1,0,0,3,2
83272437,2014-11-08,Sábado,08:15:00,RN,304,276.3,MACAIBA,Outras,Colisão traseira,Sem Vítimas,Pleno dia,Decrescente,Sol,Simples,Reta,Rural,2014,2,0,0,0,2,0,0,2
83272550,2014-11-04,Terça,18:20:00,RN,406,161.0,CEARA-MIRIM,Ingestão de álcool,Colisão Transversal,Sem Vítimas,Plena noite,Crescente,Ceu Claro,Simples,Reta,Urbano,2014,2,0,0,0,2,0,0,2
83272595,2014-11-08,Sábado,07:00:00,RN,226,289.1,CAMPO GRANDE,Outras,Tombamento,Sem Vítimas,Pleno dia,Decrescente,Ceu Claro,Simples,Reta,Rural,2014,1,0,0,0,1,0,0,1
83272653,2014-11-08,Sábado,15:20:00,RN,110,49.3,MOSSORO,Outras,Colisão traseira,Sem Vítimas,Pleno dia,Decrescente,Sol,Dupla,Curva,Urbano,2014,4,0,0,0,4,0,0,2
83272741,2014-11-08,Sábado,16:50:00,RN,101,104.2,PARNAMIRIM,Outras,Colisão traseira,Com Vítimas Feridas,Pleno dia,Crescente,Sol,Múltipla,Reta,Urbano,2014,2,0,0,1,1,0,1,2
83272743,2014-11-08,Sábado,16:30:00,RN,101,104.4,PARNAMIRIM,Defeito mecânico em veículo,Queda de motocicleta / bicicleta / veículo,Com Vítimas Feridas,Pleno dia,Crescente,Ceu Claro,Dupla,Curva,Urbano,2014,2,0,1,1,0,0,2,1
83272746,2014-11-08,Sábado,19:10:00,RN,304,236.7,RIACHUELO,Outras,Colisão frontal,Com Vítimas Fatais,Plena noite,Crescente,Ceu Claro,Simples,Reta,Rural,2014,2,1,0,0,1,0,0,2
83272788,2014-11-05,Quarta,17:40:00,RN,101,125.0,SAO JOSE DE MIPIBU,Falta de atenção,Colisão lateral,Sem Vítimas,Pleno dia,Crescente,Ceu Claro,Dupla,Reta,Urbano,2014,2,0,0,0,2,0,0,2
83272810,2014-11-09,Domingo,08:30:00,RN,101,121.0,SAO JOSE DE MIPIBU,Outras,Capotamento,Sem Vítimas,Pleno dia,Crescente,Nublado,Dupla,Reta,Urbano,2014,1,0,0,0,1,0,0,1
83272875,2014-11-09,Domingo,06:15:00,RN,304,136.6,ANGICOS,Dormindo,Colisão lateral,Com Vítimas Feridas,Pleno dia,Crescente,Ceu Claro,Simples,Reta,Rural,2014,3,0,1,0,2,0,1,3
83272915,2014-11-01,Sábado,16:10:00,RN,304,38.0,MOSSORO,Ingestão de álcool,Colisão Transversal,Com Vítimas Feridas,Pleno dia,Crescente,Ceu Claro,Dupla,Reta,Urbano,2014,2,0,1,0,1,0,1,2
83272951,2014-11-09,Domingo,11:10:00,RN,304,274.1,MACAIBA,Ultrapassagem indevida,Colisão frontal,Com Vítimas Feridas,Pleno dia,Decrescente,Ceu Claro,Simples,Reta,Rural,2014,4,0,1,0,3,0,1,4
83273030,2014-11-09,Domingo,19:10:00,RN,101,114.4,SAO JOSE DE MIPIBU,Outras,Colisão traseira,Sem Vítimas,Plena noite,Decrescente,Ceu Claro,Dupla,Reta,Rural,2014,2,0,0,0,1,1,0,2
83273038,2014-11-09,Domingo,18:50:00,RN,304,38.8,MOSSORO,Outras,Queda de motocicleta / bicicleta / veículo,Com Vítimas Feridas,Plena noite,Decrescente,Ceu Claro,Dupla,Reta,Urbano,2014,2,0,1,0,0,1,1,1
83273043,2014-11-01,Sábado,19:25:00,RN,304,301.2,MACAIBA,Outras,Atropelamento de pessoa,Com Vítimas Feridas,Plena noite,Decrescente,Ceu Claro,Dupla,Reta,Rural,2014,3,0,0,1,0,2,1,2
83273050,2014-11-09,Domingo,20:05:00,RN,304,15.7,MOSSORO,Animais na Pista,Atropelamento de animal,Sem Vítimas,Plena noite,Decrescente,Ceu Claro,Simples,Reta,Rural,2014,1,0,0,0,1,0,0,1
83273068,2014-11-09,Domingo,21:40:00,RN,101,75.0,EXTREMOZ,Outras,Colisão traseira,Sem Vítimas,Plena noite,Crescente,Ceu Claro,Simples,Curva,Rural,2014,2,0,0,0,2,0,0,2
83273149,2014-11-09,Domingo,14:55:00,RN,101,101.0,PARNAMIRIM,Desobediência à sinalização,Colisão Transversal,Com Vítimas Feridas,Pleno dia,Crescente,Ceu Claro,Dupla,Reta,Urbano,2014,2,0,2,0,0,0,2,2
83273157,2014-11-10,Segunda,00:40:00,RN,101,113.0,SAO JOSE DE MIPIBU,Animais na Pista,Capotamento,Sem Vítimas,Plena noite,Decrescente,Ceu Claro,Dupla,Curva,Rural,2014,1,0,0,0,1,0,0,1
83273363,2014-11-10,Segunda,08:30:00,RN,101,105.0,PARNAMIRIM,Não guardar distância de segurança,Colisão traseira,Sem Vítimas,Pleno dia,Crescente,Ceu Claro,Dupla,Reta,Urbano,2014,2,0,0,0,2,0,0,2
83273392,2014-11-10,Segunda,10:30:00,RN,101,104.0,PARNAMIRIM,Falta de atenção,Colisão lateral,Com Vítimas Feridas,Plena noite,Decrescente,Ceu Claro,Dupla,Reta,Urbano,2014,2,0,1,0,1,0,1,2
83273413,2014-11-10,Segunda,08:00:00,RN,304,239.4,RIACHUELO,Outras,Saída de Pista,Com Vítimas Feridas,Pleno dia,Decrescente,Ceu Claro,Simples,Reta,Rural,2014,1,0,1,0,0,0,1,1
83273436,2014-11-10,Segunda,07:40:00,RN,101,177.5,CANGUARETAMA,Outras,Colisão com objeto fixo,Sem Vítimas,Pleno dia,Decrescente,Ceu Claro,Dupla,Reta,Rural,2014,1,0,0,0,1,0,0,1
83273459,2014-11-10,Segunda,14:10:00,RN,304,97.2,ASSU,Falta de atenção,Colisão lateral,Sem Vítimas,Pleno dia,Decrescente,Ceu Claro,Simples,Curva,Rural,2014,2,0,0,0,2,0,0,2
83273476,2014-11-10,Segunda,07:45:00,RN,101,104.0,PARNAMIRIM,Não guardar distância de segurança,Colisão traseira,Sem Vítimas,Pleno dia,Crescente,Ceu Claro,Dupla,Reta,Urbano,2014,2,0,0,0,2,0,0,2
83273535,2014-11-10,Segunda,16:30:00,RN,405,35.0,GOVERNADOR DIX-SEPT ROSADO,Outras,Saída de Pista,Com Vítimas Feridas,Pleno dia,Decrescente,Ceu Claro,Simples,Reta,Rural,2014,1,0,0,1,0,0,1,1
83273557,2014-11-10,Segunda,10:40:00,RN,304,38.2,MOSSORO,Outras,Saída de Pista,Sem Vítimas,Pleno dia,Crescente,Sol,Múltipla,Reta,Urbano,2014,1,0,0,0,1,0,0,1
83273607,2014-11-10,Segunda,23:30:00,RN,101,143.8,GOIANINHA,Falta de atenção,Colisão traseira,Sem Vítimas,Plena noite,Decrescente,Ceu Claro,Dupla,Reta,Rural,2014,2,0,0,0,1,1,0,2
83273676,2014-11-07,Sexta,11:00:00,RN,101,119.5,SAO JOSE DE MIPIBU,Outras,Colisão traseira,Com Vítimas Feridas,Pleno dia,Decrescente,Sol,Dupla,Reta,Urbano,2014,2,0,1,0,1,0,1,2
83273689,2014-11-08,Sábado,03:00:00,RN,101,155.0,CANGUARETAMA,Dormindo,Tombamento,Ignorado,Plena noite,Crescente,Ceu Claro,Dupla,Curva,Rural,2014,1,0,0,0,0,1,0,1
83273737,2014-11-07,Sexta,12:30:00,RN,405,155.2,MOSSORO,Falta de atenção,Colisão frontal,Sem Vítimas,Pleno dia,Decrescente,Ceu Claro,Simples,Reta,Urbano,2014,2,0,0,0,1,1,0,2
83273840,2014-11-09,Domingo,12:40:00,RN,226,149.4,CURRAIS NOVOS,Outras,Colisão frontal,Com Vítimas Fatais,Pleno dia,Crescente,Ceu Claro,Simples,Reta,Rural,2014,3,1,0,1,1,0,1,2