id,data_inversa,dia_semana,horario,uf,br,km,municipio,causa_acidente,tipo_acidente,classificacao_acidente,fase_dia,sentido_via,condicao_metereologica,tipo_pista,tracado_via,uso_solo,ano,pessoas,mortos,feridos_leves,feridos_graves,ilesos,ignorados,feridos,veiculos
83288884,2014-11-19,Quarta,12:30:00,RN,101,84.0,NATAL,Não guardar distância de segurança,Colisão traseira,Sem Vítimas,Pleno dia,Decrescente,Sol,Dupla,Reta,Urbano,2014,3,0,0,0,3,0,0,3
83288891,2014-12-13,Sábado,12:40:00,RN,304,35.0,MOSSORO,Falta de atenção,Colisão traseira,Sem Vítimas,Pleno dia,Crescente,Ceu Claro,Dupla,Cruzamento,Urbano,2014,2,0,0,0,2,0,0,2
83288929,2014-12-13,Sábado,09:15:00,RN,101,123.9,SAO JOSE DE MIPIBU,Desobediência à sinalização,Colisão frontal,Com Vítimas Feridas,Pleno dia,Crescente,Ceu Claro,Dupla,Reta,Urbano,2014,2,0,0,1,1,0,1,2
83288934,2014-12-13,Sábado,15:10:00,RN,304,24.2,MOSSORO,Falta de atenção,Saída de Pista,Sem Vítimas,Pleno dia,Crescente,Sol,Simples,Cruzamento,Rural,2014,2,0,0,0,2,0,0,1
83288942,2014-12-05,Sexta,17:15:00,RN,406,170.0,SAO GONCALO DO AMARANTE,Falta de atenção,Colisão Transversal,Sem Vítimas,Pleno dia,Decrescente,Ceu Claro,Simples,Reta,Urbano,2014,2,0,0,0,2,0,0,2
83289199,2014-12-04,Quinta,18:15:00,RN,101,73.0,EXTREMOZ,Falta de atenção,Colisão Transversal,Com Vítimas Feridas,Plena noite,Decrescente,Vento,Simples,Cruzamento,Rural,2014,2,0,1,0,1,0,1,2
83289203,2014-12-13,Sábado,22:15:00,RN,226,111.7,SANTA CRUZ,Ingestão de álcool,Atropelamento de pessoa,Com Vítimas Feridas,Plena noite,Crescente,Ceu Claro,Simples,Reta,Urbano,2014,2,0,1,1,0,0,2,1
83289386,2014-12-05,Sexta,15:35:00,RN,101,80.0,NATAL,Falta de atenção,Colisão lateral,Sem Vítimas,Pleno dia,Crescente,Ceu Claro,Dupla,Curva,Urbano,2014,2,0,0,0,1,1,0,2
83289412,2014-12-11,Quinta,05:40:00,RN,304,298.0,MACAIBA,Outras,Saída de Pista,Com Vítimas Fatais,Pleno dia,Decrescente,Ceu Claro,Dupla,Reta,Rural,2014,1,1,0,0,0,0,0,1
83289445,2014-12-14,Domingo,10:00:00,RN,101,146.0,GOIANINHA,Outras,Capotamento,Com Vítimas Feridas,Pleno dia,Decrescente,Sol,Dupla,Reta,Rural,2014,2,0,2,0,0,0,2,1
83289465,2014-12-13,Sábado,11:45:00,RN,101,106.3,PARNAMIRIM,Falta de atenção,Colisão traseira,Sem Vítimas,Pleno dia,Decrescente,Sol,Dupla,Reta,Urbano,2014,2,0,0,0,2,0,0,2
83289583,2014-12-14,Domingo,09:30:00,RN,101,96.7,NATAL,Não guardar distância de segurança,Queda de motocicleta / bicicleta / veículo,Com Vítimas Feridas,Pleno dia,Crescente,Sol,Múltipla,Curva,Urbano,2014,1,0,0,1,0,0,1,1
83289616,2014-12-14,Domingo,23:20:00,RN,110,48.3,MOSSORO,Desobediência à sinalização,Colisão Transversal,Sem Vítimas,Plena noite,Decrescente,Ceu Claro,Simples,Cruzamento,Urbano,2014,2,0,0,0,2,0,0,2
83289627,2014-12-14,Domingo,19:15:00,RN,101,99.9,NATAL,Não guardar distância de segurança,Colisão traseira,Sem Vítimas,Plena noite,Crescente,Nublado,Dupla,Reta,Urbano,2014,2,0,0,0,2,0,0,2
83289640,2014-12-10,Quarta,19:30:00,RN,101,94.1,NATAL,Falta de atenção,Colisão traseira,Sem Vítimas,Plena noite,Crescente,Ceu Claro,Dupla,Reta,Urbano,2014,2,0,0,0,2,0,0,2
83289702,2014-12-14,Domingo,20:40:00,RN,226,61.9,SENADOR ELOI DE SOUZA,Outras,Capotamento,Com Vítimas Feridas,Plena noite,Crescente,Ceu Claro,Simples,Reta,Rural,2014,1,0,0,1,0,0,1,1
83289735,2014-12-15,Segunda,07:00:00,RN,304,292.0,MACAIBA,Não guardar distância de segurança,Colisão traseira,Sem Vítimas,Plena noite,Crescente,Ceu Claro,Simples,Reta,Rural,2014,2,0,0,0,2,0,0,2
83289771,2014-12-14,Domingo,05:00:00,RN,226,113.4,SANTA CRUZ,Outras,Atropelamento de pessoa,Com Vítimas Fatais,Amanhecer,Decrescente,Ceu Claro,Simples,Reta,Rural,2014,2,1,0,0,0,1,0,1
83289857,2014-12-15,Segunda,11:30:00,RN,101,125.0,SAO JOSE DE MIPIBU,Não guardar distância de segurança,Colisão traseira,Sem Vítimas,Pleno dia,Crescente,Chuva,Dupla,Reta,Urbano,2014,2,0,0,0,2,0,0,2
83289952,2014-12-15,Segunda,10:30:00,RN,101,106.0,PARNAMIRIM,Outras,Queda de motocicleta / bicicleta / veículo,Com Vítimas Feridas,Pleno dia,Decrescente,Ceu Claro,Dupla,Reta,Urbano,2014,2,0,2,0,0,0,2,1
83289982,2014-12-15,Segunda,13:30:00,RN,226,276.9,TRIUNFO POTIGUAR,Outras,Capotamento,Sem Vítimas,Pleno dia,Crescente,Nublado,Simples,Reta,Urbano,2014,2,0,0,0,2,0,0,1
83290063,2014-12-15,Segunda,19:31:00,RN,304,89.8,MOSSORO,Animais na Pista,Atropelamento de animal,Sem Vítimas,Plena noite,Decrescente,Ceu Claro,Simples,Reta,Rural,2014,2,0,0,0,2,0,0,1
83290180,2014-12-07,Domingo,21:00:00,RN,101,116.4,SAO JOSE DE MIPIBU,Falta de atenção,Colisão lateral,Sem Vítimas,Plena noite,Crescente,Ceu Claro,Dupla,Reta,Urbano,2014,2,0,0,0,2,0,0,2
83290269,2014-12-16,Terça,06:30:00,RN,304,303.5,MACAIBA,Falta de atenção,Colisão Transversal,Sem Vítimas,Amanhecer,Crescente,Ceu Claro,Dupla,Reta,Rural,2014,2,0,0,0,2,0,0,2
83290275,2014-12-13,Sábado,19:35:00,RN,226,174.1,CURRAIS NOVOS,Falta de atenção,Colisão lateral,Com Vítimas Feridas,Plena noite,Decrescente,Ceu Claro,Simples,Reta,Urbano,2014,3,0,2,0,1,0,2,2
83290289,2014-12-16,Terça,09:30:00,RN,304,47.6,MOSSORO,Não guardar distância de segurança,Colisão traseira,Sem Vítimas,Pleno dia,Crescente,Ceu Claro,Simples,Cruzamento,Urbano,2014,2,0,0,0,2,0,0,2
83290408,2014-12-16,Terça,09:25:00,RN,101,104.0,PARNAMIRIM,Outras,Colisão com objeto móvel,Sem Vítimas,Pleno dia,Crescente,Ceu Claro,Dupla,Reta,Urbano,2014,2,0,0,0,2,0,0,2
83290410,2014-12-12,Sexta,12:30:00,RN,101,0.0,PARNAMIRIM,Falta de atenção,Colisão traseira,Sem Vítimas,Pleno dia,Crescente,Ceu Claro,Simples,Reta,Urbano,2014,2,0,0,0,2,0,0,2
83290417,2014-12-16,Terça,12:50:00,RN,101,102.0,PARNAMIRIM,Falta de atenção,Colisão traseira,Sem Vítimas,Pleno dia,Decrescente,Sol,Dupla,Reta,Urbano,2014,2,0,0,0,2,0,0,2
83290431,2014-12-12,Sexta,16:18:00,RN,101,38.6,MAXARANGUAPE,Defeito mecânico em veículo,Queda de motocicleta / bicicleta / veículo,Com Vítimas Feridas,Pleno dia,Decrescente,Ceu Claro,Simples,Reta,Rural,2014,1,0,0,1,0,0,1,1
83290438,2014-12-16,Terça,12:00:00,RN,101,97.0,NATAL,Não guardar distância de segurança,Colisão traseira,Sem Vítimas,Pleno dia,Crescente,Ceu Claro,Dupla,Reta,Urbano,2014,4,0,0,0,2,2,0,4
83290515,2014-12-16,Terça,17:35:00,RN,304,297.5,MACAIBA,Ultrapassagem indevida,Colisão lateral,Com Vítimas Feridas,Anoitecer,Decrescente,Ceu Claro,Simples,Reta,Urbano,2014,2,0,1,0,1,0,1,2
83290533,2014-12-16,Terça,11:00:00,RN,226,68.1,SERRA CAIADA,Outras,Colisão Transversal,Com Vítimas Fatais,Pleno dia,Decrescente,Ceu Claro,Simples,Cruzamento,Rural,2014,2,1,1,0,0,0,1,2
83290557,2014-12-16,Terça,18:30:00,RN,304,99.5,ASSU,Defeito mecânico em veículo,Colisão com objeto móvel,Com Vítimas Feridas,Plena noite,Decrescente,Ceu Claro,Simples,Reta,Rural,2014,2,0,0,1,1,0,1,2
83290565,2014-12-16,Terça,19:00:00,RN,101,99.8,NATAL,Falta de atenção,Colisão traseira,Sem Vítimas,Plena noite,Crescente,Ceu Claro,Dupla,Reta,Urbano,2014,2,0,0,0,2,0,0,2
83290566,2014-12-16,Terça,17:30:00,RN,101,117.5,SAO JOSE DE MIPIBU,Falta de atenção,Colisão com bicicleta,Com Vítimas Feridas,Pleno dia,Decrescente,Ceu Claro,Dupla,Reta,Rural,2014,2,0,1,0,1,0,1,2
83290571,2014-12-16,Terça,14:00:00,RN,304,47.9,MOSSORO,Outras,Derramamento de Carga,Sem Vítimas,Pleno dia,Crescente,Sol,Simples,Reta,Urbano,2014,2,0,0,0,2,0,0,2
83290596,2014-12-16,Terça,18:35:00,RN,101,101.0,PARNAMIRIM,Não guardar distância de segurança,Colisão traseira,Sem Vítimas,Plena noite,Decrescente,Ceu Claro,Dupla,Reta,Urbano,2014,2,0,0,0,2,0,0,2
83290613,2014-12-08,Segunda,18:30:00,RN,101,85.0,NATAL,Defeito mecânico em veículo,Colisão traseira,Sem Vítimas,Plena noite,Decrescente,Ceu Claro,Dupla,Reta,Urbano,2014,3,0,0,0,3,0,0,3
83290705,2014-12-15,Segunda,21:30:00,RN,101,125.0,SAO JOSE DE MIPIBU,Ingestão de álcool,Colisão Transversal,Sem Vítimas,Plena noite,Crescente,Ceu Claro,Dupla,Cruzamento,Urbano,2014,3,0,0,0,3,0,0,3
83290729,2014-12-15,Segunda,04:30:00,RN,110,30.7,MOSSORO,Animais na Pista,Atropelamento de animal,Sem Vítimas,Plena noite,Decrescente,Ceu Claro,Simples,Reta,Rural,2014,1,0,0,0,1,0,0,1
83290818,2014-12-17,Quarta,11:55:00,RN,110,46.9,MOSSORO,Falta de atenção,Colisão Transversal,Com Vítimas Feridas,Pleno dia,Crescente,Ceu Claro,Simples,Cruzamento,Urbano,2014,3,0,2,0,1,0,2,2
83290864,2014-12-05,Sexta,14:30:00,RN,101,80.0,NATAL,Falta de atenção,Colisão lateral,Sem Vítimas,Pleno dia,Decrescente,Ceu Claro,Dupla,Reta,Urbano,2014,2,0,0,0,2,0,0,2
83291021,2014-12-17,Quarta,10:10:00,RN,304,159.8,FERNANDO PEDROZA,Dormindo,Colisão Transversal,Com Vítimas Feridas,Pleno dia,Decrescente,Ceu Claro,Simples,Curva,Rural,2014,3,0,2,0,1,0,2,2
83291053,2014-12-17,Quarta,15:12:00,RN,101,99.9,NATAL,Não guardar distância de segurança,Colisão lateral,Sem Vítimas,Pleno dia,Crescente,Ceu Claro,Múltipla,Reta,Urbano,2014,2,0,0,0,2,0,0,2
83291097,2014-12-07,Domingo,00:10:00,RN,101,79.1,NATAL,Falta de atenção,Colisão Transversal,Sem Vítimas,Plena noite,Decrescente,Ignorada,Dupla,Reta,Urbano,2014,2,0,0,0,1,1,0,2
83291109,2014-12-14,Domingo,14:40:00,RN,101,77.3,SAO GONCALO DO AMARANTE,Outras,Colisão Transversal,Com Vítimas Feridas,Pleno dia,Crescente,Ceu Claro,Dupla,Reta,Urbano,2014,2,0,0,1,1,0,1,2
83291170,2014-12-14,Domingo,17:15:00,RN,101,107.0,PARNAMIRIM,Ultrapassagem indevida,Colisão lateral,Com Vítimas Feridas,Pleno dia,Decrescente,Ceu Claro,Dupla,Reta,Urbano,2014,3,0,2,0,1,0,2,2
83291194,2014-11-29,Sábado,01:00:00,RN,101,148.9,GOIANINHA,Outras,Atropelamento de pessoa,Com Vítimas Fatais,Plena noite,Decrescente,Ceu Claro,Dupla,Reta,Urbano,2014,2,1,0,0,1,0,0,1
83291209,2014-12-05,Sexta,12:30:00,RN,101,80.0,NATAL,Outras,Colisão Transversal,Sem Vítimas,Pleno dia,Decrescente,Ceu Claro,Dupla,Curva,Urbano,2014,2,0,0,0,1,1,0,2
83291328,2014-12-18,Quinta,13:50:00,RN,304,21.5,MOSSORO,Não guardar distância de segurança,Colisão traseira,Sem Vítimas,Pleno dia,Decrescente,Ceu Claro,Simples,Reta,Rural,2014,3,0,0,0,2,1,0,3
83291335,2014-12-18,Quinta,14:30:00,RN,101,94.0,NATAL,Não guardar distância de segurança,Colisão traseira,Sem Vítimas,Pleno dia,Decrescente,Ceu Claro,Dupla,Reta,Urbano,2014,2,0,0,0,2,0,0,2
83291371,2014-12-18,Quinta,11:20:00,RN,101,119.6,SAO JOSE DE MIPIBU,Não guardar distância de segurança,Colisão traseira,Com Vítimas Feridas,Pleno dia,Decrescente,Ceu Claro,Dupla,Reta,Rural,2014,5,0,2,0,3,0,2,3
83291379,2014-12-18,Quinta,07:55:00,RN,101,99.8,NATAL,Falta de atenção,Colisão lateral,Com Vítimas Feridas,Pleno dia,Decrescente,Ceu Claro,Múltipla,Reta,Urbano,2014,2,0,1,0,1,0,1,2
83291436,2014-12-18,Quinta,15:00:00,RN,101,83.3,SAO GONCALO DO AMARANTE,Não guardar distância de segurança,Colisão traseira,Com Vítimas Feridas,Pleno dia,Crescente,Ceu Claro,Dupla,Reta,Urbano,2014,3,0,2,0,1,0,2,2
83291440,2014-12-18,Quinta,17:55:00,RN,101,83.0,NATAL,Não guardar distância de segurança,Colisão traseira,Sem Vítimas,Anoitecer,Decrescente,Ceu Claro,Dupla,Reta,Urbano,2014,2,0,0,0,2,0,0,2
83291478,2014-12-18,Quinta,18:05:00,RN,101,100.0,NATAL,Não guardar distância de segurança,Colisão traseira,Sem Vítimas,Plena noite,Decrescente,Ceu Claro,Múltipla,Reta,Urbano,2014,3,0,0,0,3,0,0,3
83291712,2014-12-19,Sexta,06:00:00,RN,101,98.0,NATAL,Outras,Colisão Transversal,Sem Vítimas,Pleno dia,Crescente,Chuva,Dupla,Reta,Urbano,2014,2,0,0,0,2,0,0,2
83291740,2014-12-19,Sexta,08:30:00,RN,304,295.9,MACAIBA,Não guardar distância de segurança,Colisão traseira,Sem Vítimas,Pleno dia,Crescente,Sol,Simples,Reta,Urbano,2014,2,0,0,0,2,0,0,2
83291745,2014-12-18,Quinta,16:30:00,RN,101,100.0,PARNAMIRIM,Não guardar distância de segurança,Colisão Transversal,Sem Vítimas,Pleno dia,Crescente,Ceu Claro,Dupla,Reta,Urbano,2014,2,0,0,0,2,0,0,2
83291746,2014-12-19,Sexta,07:00:00,RN,101,101.7,PARNAMIRIM,Outras,Colisão traseira,Com Vítimas Feridas,Amanhecer,Crescente,Chuva,Múltipla,Curva,Rural,2014,2,0,1,0,1,0,1,2
83291824,2014-12-19,Sexta,07:10:00,RN,101,83.8,SAO GONCALO DO AMARANTE,Falta de atenção,Colisão traseira,Com Vítimas Feridas,Pleno dia,Crescente,Ceu Claro,Múltipla,Reta,Urbano,2014,4,0,2,0,2,0,2,4
83291829,2014-12-19,Sexta,11:15:00,RN,101,106.7,PARNAMIRIM,Não guardar distância de segurança,Colisão traseira,Sem Vítimas,Pleno dia,Crescente,Nublado,Simples,Reta,Urbano,2014,2,0,0,0,2,0,0,2
83291946,2014-12-19,Sexta,16:30:00,RN,226,129.6,CAMPO REDONDO,Ingestão de álcool,Saída de Pista,Com Vítimas Feridas,Pleno dia,Decrescente,Ceu Claro,Simples,Curva,Rural,2014,1,0,0,1,0,0,1,1
83292150,2014-12-15,Segunda,11:20:00,RN,101,106.7,PARNAMIRIM,Falta de atenção,Colisão traseira,Sem Vítimas,Pleno dia,Decrescente,Ceu Claro,Dupla,Reta,Urbano,2014,2,0,0,0,2,0,0,2
83292178,2014-12-19,Sexta,11:15:00,RN,406,170.8,SAO GONCALO DO AMARANTE,Outras,Atropelamento de pessoa,Com Vítimas Feridas,Plena noite,Crescente,Ceu Claro,Simples,Reta,Rural,2014,2,0,0,1,1,0,1,1
83292342,2014-12-20,Sábado,07:50:00,RN,101,98.0,NATAL,Ingestão de álcool,Colisão com objeto fixo,Sem Vítimas,Pleno dia,Crescente,Ceu Claro,Simples,Reta,Urbano,2014,1,0,0,0,1,0,0,1
83292345,2014-12-20,Sábado,10:30:00,RN,101,107.0,PARNAMIRIM,Não guardar distância de segurança,Colisão traseira,Sem Vítimas,Pleno dia,Decrescente,Chuva,Dupla,Reta,Urbano,2014,3,0,0,0,3,0,0,3
83292409,2014-12-20,Sábado,12:57:00,RN,406,154.7,CEARA-MIRIM,Outras,Colisão traseira,Sem Vítimas,Pleno dia,Decrescente,Ceu Claro,Simples,Reta,Rural,2014,2,0,0,0,2,0,0,2
83292479,2014-12-20,Sábado,11:30:00,RN,101,143.5,GOIANINHA,Velocidade incompatível,Capotamento,Sem Vítimas,Pleno dia,Crescente,Chuva,Dupla,Reta,Rural,2014,1,0,0,0,1,0,0,1
83292633,2014-12-20,Sábado,18:00:00,RN,101,76.0,SAO GONCALO DO AMARANTE,Defeito mecânico em veículo,Incêndio,Sem Vítimas,Pleno dia,Crescente,Nublado,Dupla,Reta,Urbano,2014,1,0,0,0,1,0,0,1
83292680,2014-12-20,Sábado,21:00:00,RN,101,97.1,NATAL,Outras,Colisão lateral,Sem Vítimas,Plena noite,Crescente,Ceu Claro,Dupla,Reta,Urbano,2014,2,0,0,0,2,0,0,2
83292686,2014-12-20,Sábado,15:55:00,RN,101,146.0,GOIANINHA,Ingestão de álcool,Colisão traseira,Com Vítimas Feridas,Pleno dia,Crescente,Ceu Claro,Dupla,Reta,Urbano,2014,2,0,1,0,1,0,1,2
83292730,2014-12-20,Sábado,17:10:00,RN,226,81.2,TANGARA,Ingestão de álcool,Colisão Transversal,Sem Vítimas,Pleno dia,Crescente,Ceu Claro,Simples,Curva,Rural,2014,2,0,0,0,2,0,0,2
83292772,2014-12-07,Domingo,15:00:00,RN,405,4.0,MOSSORO,Outras,Queda de motocicleta / bicicleta / veículo,Com Vítimas Feridas,Pleno dia,Decrescente,Ceu Claro,Simples,Reta,Urbano,2014,1,0,1,0,0,0,1,1
83292783,2014-12-11,Quinta,19:00:00,RN,304,37.0,MOSSORO,Falta de atenção,Colisão lateral,Sem Vítimas,Plena noite,Crescente,Ceu Claro,Dupla,Reta,Urbano,2014,2,0,0,0,2,0,0,2
83292860,2014-12-17,Quarta,20:30:00,RN,101,99.9,NATAL,Falta de atenção,Colisão traseira,Sem Vítimas,Plena noite,Crescente,Ceu Claro,Dupla,Cruzamento,Urbano,2014,2,0,0,0,2,0,0,2
83292927,2014-12-17,Quarta,12:20:00,RN,101,97.4,NATAL,Não guardar distância de segurança,Colisão traseira,Sem Vítimas,Pleno dia,Crescente,Ceu Claro,Dupla,Reta,Urbano,2014,2,0,0,0,2,0,0,2
83293028,2014-12-21,Domingo,12:51:00,RN,304,307.0,PARNAMIRIM,Falta de atenção,Colisão lateral,Com Vítimas Feridas,Pleno dia,Crescente,Ceu Claro,Múltipla,Curva,Urbano,2014,3,0,1,1,0,1,2,2
83293057,2014-12-21,Domingo,12:45:00,RN,101,107.3,PARNAMIRIM,Outras,Colisão com objeto fixo,Ignorado,Pleno dia,Decrescente,Ceu Claro,Dupla,Cruzamento,Urbano,2014,1,0,0,0,0,1,0,1
83293150,2014-12-21,Domingo,18:00:00,RN,304,296.0,MACAIBA,Falta de atenção,Colisão traseira,Sem Vítimas,Anoitecer,Crescente,Ceu Claro,Simples,Reta,Urbano,2014,3,0,0,0,3,0,0,3
83293212,2014-12-21,Domingo,17:50:00,RN,101,95.8,NATAL,Falta de atenção,Colisão lateral,Sem Vítimas,Anoitecer,Crescente,Ceu Claro,Múltipla,Reta,Urbano,2014,2,0,0,0,2,0,0,2
83293225,2014-12-21,Domingo,17:00:00,RN,101,101.9,PARNAMIRIM,Outras,Colisão traseira,Com Vítimas Feridas,Anoitecer,Crescente,Ceu Claro,Múltipla,Reta,Urbano,2014,3,0,2,0,1,0,2,2
83293310,2014-12-21,Domingo,21:40:00,RN,304,47.0,MOSSORO,Ingestão de álcool,Saída de Pista,Com Vítimas Feridas,Plena noite,Crescente,Ceu Claro,Dupla,Curva,Urbano,2014,1,0,1,0,0,0,1,1
83293384,2014-12-22,Segunda,00:40:00,RN,304,54.8,MOSSORO,Animais na Pista,Atropelamento de animal,Sem Vítimas,Plena noite,Crescente,Ignorada,Simples,Reta,Rural,2014,2,0,0,0,2,0,0,1
83293440,2014-12-18,Quinta,16:30:00,RN,101,146.2,GOIANINHA,Outras,Colisão com objeto fixo,Sem Vítimas,Pleno dia,Decrescente,Ceu Claro,Dupla,Curva,Urbano,2014,1,0,0,0,1,0,0,1
83293484,2014-12-14,Domingo,20:30:00,RN,304,213.7,CAICARA DO RIO DO VENTO,Outras,Colisão frontal,Com Vítimas Fatais,Plena noite,Crescente,Ceu Claro,Simples,Reta,Rural,2014,2,1,0,0,0,1,0,2
83293487,2014-10-10,Sexta,18:15:00,RN,226,175.0,CURRAIS NOVOS,Outras,Atropelamento de pessoa,Com Vítimas Feridas,Plena noite,Crescente,Ceu Claro,Dupla,Reta,Urbano,2014,2,0,0,1,1,0,1,1
83293515,2014-12-22,Segunda,06:10:00,RN,304,234.5,RIACHUELO,Desobediência à sinalização,Colisão lateral,Sem Vítimas,Pleno dia,Decrescente,Ceu Claro,Simples,Curva,Rural,2014,2,0,0,0,2,0,0,2
83293569,2014-12-21,Domingo,23:20:00,RN,304,174.0,LAJES,Outras,Capotamento,Com Vítimas Feridas,Plena noite,Crescente,Ceu Claro,Simples,Reta,Rural,2014,3,0,2,0,1,0,2,1
83293623,2014-12-18,Quinta,07:50:00,RN,427,1.8,CURRAIS NOVOS,Outras,Colisão traseira,Com Vítimas Feridas,Pleno dia,Decrescente,Ceu Claro,Simples,Reta,Urbano,2014,2,0,0,1,1,0,1,2
83293731,2014-12-06,Sábado,16:00:00,RN,101,107.7,PARNAMIRIM,Não guardar distância de segurança,Colisão traseira,Sem Vítimas,Pleno dia,Crescente,Ceu Claro,Dupla,Reta,Urbano,2014,2,0,0,0,2,0,0,2
83293830,2014-12-22,Segunda,10:25:00,RN,304,47.9,MOSSORO,Não guardar distância de segurança,Colisão traseira,Sem Vítimas,Pleno dia,Crescente,Ceu Claro,Dupla,Curva,Urbano,2014,2,0,0,0,2,0,0,2
83293858,2014-12-22,Segunda,12:00:00,RN,304,295.9,MACAIBA,Não guardar distância de segurança,Colisão Transversal,Sem Vítimas,Pleno dia,Decrescente,Ceu Claro,Simples,Cruzamento,Urbano,2014,2,0,0,0,2,0,0,2
83293863,2014-12-22,Segunda,14:20:00,RN,226,4.1,NATAL,Desobediência à sinalização,Colisão Transversal,Sem Vítimas,Pleno dia,Decrescente,Sol,Simples,Cruzamento,Urbano,2014,2,0,0,0,2,0,0,2
83293866,2014-12-20,Sábado,01:20:00,RN,101,94.8,NATAL,Falta de atenção,Colisão lateral,Sem Vítimas,Plena noite,Crescente,Ceu Claro,Dupla,Reta,Urbano,2014,2,0,0,0,2,0,0,2
83293939,2014-12-22,Segunda,14:20:00,RN,101,97.6,NATAL,Não guardar distância de segurança,Colisão traseira,Sem Vítimas,Pleno dia,Decrescente,Sol,Múltipla,Reta,Urbano,2014,5,0,0,0,5,0,0,5
83293947,2014-12-22,Segunda,13:45:00,RN,304,282.4,MACAIBA,Não guardar distância de segurança,Colisão traseira,Com Vítimas Feridas,Pleno dia,Decrescente,Ceu Claro,Simples,Reta,Rural,2014,2,0,1,0,1,0,1,2
83293953,2014-12-21,Domingo,03:10:00,RN,304,302.0,MACAIBA,Outras,Capotamento,Com Vítimas Feridas,Plena noite,Crescente,Vento,Dupla,Reta,Rural,2014,2,0,0,1,1,0,1,1
83293957,2014-12-22,Segunda,10:30:00,RN,427,0.3,CURRAIS NOVOS,Falta de atenção,Colisão traseira,Sem Vítimas,Pleno dia,Crescente,Sol,Simples,Cruzamento,Urbano,2014,3,0,0,0,3,0,0,3
83293968,2014-12-22,Segunda,21:30:00,RN,101,96.3,NATAL,Desobediência à sinalização,Atropelamento de pessoa,Com Vítimas Feridas,Pleno dia,Crescente,Ceu Claro,Múltipla,Reta,Urbano,2014,2,0,0,1,1,0,1,1
83294020,2014-12-22,Segunda,23:20:00,RN,304,113.3,ASSU,Animais na Pista,Atropelamento de animal,Sem Vítimas,Plena noite,Crescente,Ceu Claro,Simples,Reta,Rural,2014,2,0,0,0,2,0,0,1
83294148,2014-12-20,Sábado,05:40:00,RN,101,98.2,NATAL,Ingestão de álcool,Colisão lateral,Sem Vítimas,Amanhecer,Decrescente,Ceu Claro,Simples,Reta,Urbano,2014,2,0,0,0,2,0,0,2
83294256,2014-12-23,Terça,10:30:00,RN,101,86.0,SAO GONCALO DO AMARANTE,Não guardar distância de segurança,Colisão traseira,Sem Vítimas,Pleno dia,Crescente,Ceu Claro,Dupla,Reta,Urbano,2014,5,0,0,0,5,0,0,5
83294285,2014-12-19,Sexta,00:50:00,RN,427,108.5,CAICO,Animais na Pista,Tombamento,Sem Vítimas,Plena noite,Decrescente,Ceu Claro,Simples,Reta,Rural,2014,1,0,0,0,1,0,0,1
83294352,2014-12-19,Sexta,17:50:00,RN,101,98.8,NATAL,Falta de atenção,Colisão traseira,Sem Vítimas,Anoitecer,Decrescente,Ceu Claro,Dupla,Reta,Urbano,2014,4,0,0,0,2,2,0,4
83294365,2014-12-23,Terça,10:10:00,RN,101,100.9,PARNAMIRIM,Não guardar distância de segurança,Colisão traseira,Sem Vítimas,Pleno dia,Crescente,Ceu Claro,Dupla,Reta,Urbano,2014,2,0,0,0,1,1,0,2
83294455,2014-12-23,Terça,08:00:00,RN,110,48.4,MOSSORO,Falta de atenção,Colisão lateral,Com Vítimas Feridas,Pleno dia,Crescente,Ceu Claro,Dupla,Reta,Urbano,2014,2,0,1,0,1,0,1,2
83294499,2014-12-23,Terça,17:00:00,RN,304,77.4,MOSSORO,Falta de atenção,Saída de Pista,Sem Vítimas,Anoitecer,Decrescente,Ceu Claro,Simples,Reta,Rural,2014,2,0,0,0,2,0,0,2
83294543,2014-12-19,Sexta,16:30:00,RN,101,151.5,GOIANINHA,Velocidade incompatível,Saída de Pista,Com Vítimas Feridas,Pleno dia,Decrescente,Chuva,Simples,Reta,Rural,2014,1,0,1,0,0,0,1,1
83294570,2014-12-23,Terça,19:30:00,RN,304,33.9,MOSSORO,Outras,Queda de motocicleta / bicicleta / veículo,Com Vítimas Feridas,Plena noite,Decrescente,Ceu Claro,Dupla,Reta,Urbano,2014,4,0,1,1,2,0,2,2
83294571,2014-12-19,Sexta,13:30:00,RN,101,100.1,NATAL,Ultrapassagem indevida,Colisão lateral,Com Vítimas Feridas,Pleno dia,Decrescente,Sol,Dupla,Cruzamento,Urbano,2014,2,0,1,0,1,0,1,2
83294633,2014-12-20,Sábado,05:40:00,RN,101,104.8,PARNAMIRIM,Outras,Colisão traseira,Sem Vítimas,Pleno dia,Crescente,Sol,Dupla,Curva,Urbano,2014,2,0,0,0,2,0,0,2
83294654,2014-12-23,Terça,15:30:00,RN,405,61.2,FELIPE GUERRA,Dormindo,Saída de Pista,Sem Vítimas,Pleno dia,Crescente,Ceu Claro,Simples,Reta,Rural,2014,1,0,0,0,1,0,0,1