id,data_inversa,dia_semana,horario,uf,br,km,municipio,causa_acidente,tipo_acidente,classificacao_acidente,fase_dia,sentido_via,condicao_metereologica,tipo_pista,tracado_via,uso_solo,ano,pessoas,mortos,feridos_leves,feridos_graves,ilesos,ignorados,feridos,veiculos
83294765,2014-12-20,Sábado,22:00:00,RN,304,35.6,MOSSORO,Outras,Colisão traseira,Com Vítimas Feridas,Plena noite,Decrescente,Ceu Claro,Simples,Cruzamento,Urbano,2014,2,0,0,1,1,0,1,2
83294852,2014-12-24,Quarta,06:20:00,RN,226,2.0,NATAL,Outras,Colisão lateral,Sem Vítimas,Pleno dia,Decrescente,Sol,Dupla,Reta,Urbano,2014,2,0,0,0,2,0,0,2
83294870,2014-12-24,Quarta,09:56:00,RN,406,156.6,CEARA-MIRIM,Ultrapassagem indevida,Colisão frontal,Com Vítimas Feridas,Pleno dia,Decrescente,Ceu Claro,Simples,Reta,Rural,2014,2,0,1,0,1,0,1,2
83295009,2014-12-24,Quarta,08:30:00,RN,101,101.0,PARNAMIRIM,Não guardar distância de segurança,Colisão traseira,Sem Vítimas,Pleno dia,Crescente,Ceu Claro,Dupla,Cruzamento,Urbano,2014,3,0,0,0,3,0,0,3
83295037,2014-12-24,Quarta,16:20:00,RN,101,110.0,PARNAMIRIM,Falta de atenção,Colisão lateral,Sem Vítimas,Pleno dia,Crescente,Sol,Dupla,Reta,Urbano,2014,2,0,0,0,2,0,0,2
83295089,2014-12-24,Quarta,16:50:00,RN,101,103.3,PARNAMIRIM,Não guardar distância de segurança,Colisão traseira,Sem Vítimas,Pleno dia,Decrescente,Ceu Claro,Múltipla,Reta,Urbano,2014,2,0,0,0,2,0,0,2
83295107,2014-12-24,Quarta,15:40:00,RN,406,168.0,SAO GONCALO DO AMARANTE,Outras,Colisão Transversal,Sem Vítimas,Pleno dia,Decrescente,Sol,Simples,Reta,Urbano,2014,2,0,0,0,2,0,0,2
83295174,2014-12-24,Quarta,12:30:00,RN,226,148.0,CURRAIS NOVOS,Outras,Colisão lateral,Com Vítimas Feridas,Pleno dia,Decrescente,Ceu Claro,Simples,Reta,Rural,2014,3,0,1,0,0,2,1,3
83295198,2014-12-24,Quarta,19:50:00,RN,101,108.0,PARNAMIRIM,Não guardar distância de segurança,Colisão traseira,Sem Vítimas,Plena noite,Decrescente,Ceu Claro,Dupla,Cruzamento,Urbano,2014,2,0,0,0,2,0,0,2
83295390,2014-12-24,Quarta,20:20:00,RN,226,84.5,TANGARA,Outras,Colisão lateral,Sem Vítimas,Plena noite,Crescente,Ceu Claro,Simples,Reta,Urbano,2014,2,0,0,0,2,0,0,2
83295467,2014-12-19,Sexta,05:00:00,RN,406,5.8,MACAU,Animais na Pista,Atropelamento de animal,Sem Vítimas,Pleno dia,Crescente,Sol,Simples,Reta,Rural,2014,1,0,0,0,1,0,0,1
83295734,2014-12-23,Terça,18:05:00,RN,101,105.0,PARNAMIRIM,Não guardar distância de segurança,Colisão lateral,Sem Vítimas,Plena noite,Crescente,Ceu Claro,Dupla,Reta,Urbano,2014,2,0,0,0,2,0,0,2
83295736,2014-12-22,Segunda,21:20:00,RN,304,81.6,ASSU,Defeito mecânico em veículo,Colisão com objeto fixo,Sem Vítimas,Plena noite,Decrescente,Ceu Claro,Simples,Reta,Rural,2014,3,0,0,0,3,0,0,3
83295776,2014-12-26,Sexta,07:30:00,RN,101,83.0,SAO GONCALO DO AMARANTE,Falta de atenção,Colisão lateral,Sem Vítimas,Pleno dia,Decrescente,Ceu Claro,Dupla,Reta,Urbano,2014,2,0,0,0,2,0,0,2
83295784,2014-12-02,Terça,14:20:00,RN,226,7.9,NATAL,Ultrapassagem indevida,Colisão traseira,Com Vítimas Feridas,Pleno dia,Crescente,Ceu Claro,Simples,Reta,Urbano,2014,2,0,1,0,1,0,1,2
83295792,2014-12-23,Terça,17:35:00,RN,101,105.8,PARNAMIRIM,Velocidade incompatível,Colisão traseira,Sem Vítimas,Pleno dia,Crescente,Ceu Claro,Dupla,Cruzamento,Urbano,2014,2,0,0,0,1,1,0,2
83295945,2014-12-26,Sexta,13:55:00,RN,101,94.1,NATAL,Falta de atenção,Colisão Transversal,Sem Vítimas,Pleno dia,Decrescente,Ceu Claro,Múltipla,Cruzamento,Urbano,2014,2,0,0,0,2,0,0,2
83296150,2014-12-26,Sexta,20:00:00,RN,406,61.0,JANDAIRA,Falta de atenção,Colisão lateral,Sem Vítimas,Plena noite,Decrescente,Ceu Claro,Dupla,Reta,Urbano,2014,2,0,0,0,1,1,0,2
83296153,2014-12-26,Sexta,17:15:00,RN,101,95.9,NATAL,Falta de atenção,Colisão Transversal,Sem Vítimas,Pleno dia,Crescente,Ceu Claro,Múltipla,Reta,Urbano,2014,2,0,0,0,2,0,0,2
83296155,2014-12-26,Sexta,15:30:00,RN,406,22.0,MACAU,Não guardar distância de segurança,Colisão traseira,Sem Vítimas,Pleno dia,Decrescente,Sol,Simples,Reta,Rural,2014,2,0,0,0,2,0,0,2
83296222,2014-12-26,Sexta,22:30:00,RN,101,95.9,NATAL,Não guardar distância de segurança,Colisão traseira,Sem Vítimas,Plena noite,Decrescente,Ceu Claro,Múltipla,Cruzamento,Urbano,2014,2,0,0,0,2,0,0,2
83296293,2014-12-19,Sexta,12:40:00,RN,304,305.4,PARNAMIRIM,Outras,Saída de Pista,Sem Vítimas,Pleno dia,Crescente,Ceu Claro,Dupla,Reta,Urbano,2014,1,0,0,0,1,0,0,1
83296303,2014-12-25,Quinta,17:00:00,RN,406,74.0,JOAO CAMARA,Outras,Colisão frontal,Com Vítimas Fatais,Pleno dia,Crescente,Ceu Claro,Simples,Reta,Rural,2014,9,5,1,1,2,0,2,3
83296321,2014-12-22,Segunda,14:30:00,RN,304,14.3,MOSSORO,Falta de atenção,Capotamento,Com Vítimas Fatais,Pleno dia,Crescente,Ceu Claro,Simples,Reta,Rural,2014,8,1,4,1,0,2,5,1
83296331,2014-12-23,Terça,17:46:00,RN,101,82.9,SAO GONCALO DO AMARANTE,Não guardar distância de segurança,Colisão traseira,Sem Vítimas,Anoitecer,Crescente,Ceu Claro,Dupla,Reta,Urbano,2014,3,0,0,0,1,2,0,3
83296342,2014-12-27,Sábado,04:05:00,RN,405,156.3,PAU DOS FERROS,Falta de atenção,Capotamento,Com Vítimas Fatais,Plena noite,Decrescente,Ceu Claro,Simples,Reta,Rural,2014,2,1,0,1,0,0,1,1
83296428,2014-12-27,Sábado,08:40:00,RN,101,99.9,NATAL,Falta de atenção,Colisão traseira,Sem Vítimas,Pleno dia,Crescente,Ceu Claro,Múltipla,Cruzamento,Urbano,2014,2,0,0,0,2,0,0,2
83296454,2014-12-27,Sábado,09:50:00,RN,101,130.0,SAO JOSE DE MIPIBU,Desobediência à sinalização,Colisão Transversal,Com Vítimas Feridas,Pleno dia,Decrescente,Ceu Claro,Simples,Curva,Rural,2014,3,0,1,1,1,0,2,2
83296460,2014-12-27,Sábado,14:20:00,RN,304,34.1,MOSSORO,Outras,Queda de motocicleta / bicicleta / veículo,Com Vítimas Feridas,Pleno dia,Decrescente,Ceu Claro,Dupla,Reta,Urbano,2014,2,0,0,1,1,0,1,1
83296523,2014-12-27,Sábado,12:30:00,RN,304,187.7,LAJES,Outras,Saída de Pista,Sem Vítimas,Pleno dia,Crescente,Ceu Claro,Simples,Curva,Rural,2014,4,0,0,0,2,2,0,4
83296581,2014-12-27,Sábado,15:00:00,RN,101,94.0,NATAL,Não guardar distância de segurança,Colisão lateral,Sem Vítimas,Pleno dia,Decrescente,Nublado,Múltipla,Reta,Urbano,2014,2,0,0,0,2,0,0,2
83296641,2014-12-23,Terça,10:10:00,RN,101,81.9,SAO GONCALO DO AMARANTE,Falta de atenção,Colisão traseira,Sem Vítimas,Pleno dia,Crescente,Ceu Claro,Múltipla,Reta,Urbano,2014,2,0,0,0,2,0,0,2
83296705,2014-12-23,Terça,13:40:00,RN,101,102.4,PARNAMIRIM,Não guardar distância de segurança,Colisão traseira,Sem Vítimas,Pleno dia,Crescente,Ceu Claro,Dupla,Reta,Urbano,2014,4,0,0,0,4,0,0,4
83296735,2014-12-25,Quinta,18:00:00,RN,405,1.8,MOSSORO,Outras,Colisão com objeto fixo,Ignorado,Plena noite,Crescente,Ceu Claro,Dupla,Reta,Urbano,2014,1,0,0,0,0,1,0,1
83296747,2014-12-25,Quinta,23:35:00,RN,304,47.2,MOSSORO,Ingestão de álcool,Queda de motocicleta / bicicleta / veículo,Com Vítimas Feridas,Plena noite,Decrescente,Ceu Claro,Dupla,Reta,Urbano,2014,1,0,1,0,0,0,1,1
83296774,2014-12-16,Terça,15:45:00,RN,101,85.2,SAO GONCALO DO AMARANTE,Não guardar distância de segurança,Colisão traseira,Sem Vítimas,Pleno dia,Crescente,Ceu Claro,Dupla,Reta,Urbano,2014,2,0,0,0,2,0,0,2
83296850,2014-12-28,Domingo,13:10:00,RN,101,0.0,EXTREMOZ,Não guardar distância de segurança,Colisão traseira,Sem Vítimas,Pleno dia,Decrescente,Sol,Simples,Reta,Urbano,2014,2,0,0,0,2,0,0,2
83296854,2014-12-28,Domingo,15:15:00,RN,304,25.4,MOSSORO,Falta de atenção,Saída de Pista,Com Vítimas Feridas,Pleno dia,Crescente,Sol,Dupla,Curva,Rural,2014,5,0,2,0,3,0,2,1
83296987,2014-12-28,Domingo,19:30:00,RN,101,146.9,GOIANINHA,Animais na Pista,Capotamento,Sem Vítimas,Plena noite,Crescente,Ceu Claro,Dupla,Reta,Urbano,2014,1,0,0,0,1,0,0,1
83296990,2014-12-28,Domingo,17:20:00,RN,226,47.5,BOM JESUS,Não guardar distância de segurança,Colisão traseira,Sem Vítimas,Amanhecer,Crescente,Vento,Simples,Curva,Rural,2014,2,0,0,0,2,0,0,2
83296996,2014-12-23,Terça,17:30:00,RN,101,109.0,PARNAMIRIM,Ingestão de álcool,Colisão lateral,Com Vítimas Feridas,Pleno dia,Crescente,Ceu Claro,Dupla,Reta,Urbano,2014,2,0,1,0,1,0,1,2
83297018,2014-12-28,Domingo,20:00:00,RN,226,83.2,TANGARA,Desobediência à sinalização,Colisão frontal,Com Vítimas Feridas,Pleno dia,Decrescente,Ceu Claro,Simples,Reta,Urbano,2014,2,0,0,1,1,0,1,2
83297050,2014-12-28,Domingo,18:30:00,RN,304,23.9,MOSSORO,Outras,Colisão frontal,Com Vítimas Feridas,Plena noite,Decrescente,Ceu Claro,Simples,Reta,Rural,2014,2,0,0,2,0,0,2,2
83297092,2014-12-25,Quinta,13:00:00,RN,304,47.8,MOSSORO,Ingestão de álcool,Colisão lateral,Com Vítimas Feridas,Pleno dia,Decrescente,Ceu Claro,Dupla,Reta,Urbano,2014,3,0,3,0,0,0,3,2
83297388,2014-12-29,Segunda,13:00:00,RN,101,131.0,SAO JOSE DE MIPIBU,Outras,Colisão com objeto fixo,Sem Vítimas,Pleno dia,Decrescente,Ceu Claro,Dupla,Reta,Rural,2014,1,0,0,0,1,0,0,1
83297393,2014-12-29,Segunda,20:00:00,RN,304,22.8,MOSSORO,Animais na Pista,Capotamento,Sem Vítimas,Plena noite,Crescente,Ceu Claro,Simples,Reta,Rural,2014,1,0,0,0,1,0,0,1
83297394,2014-12-29,Segunda,15:42:00,RN,101,85.5,NATAL,Não guardar distância de segurança,Colisão traseira,Sem Vítimas,Pleno dia,Decrescente,Ceu Claro,Dupla,Reta,Urbano,2014,3,0,0,0,3,0,0,3
83297408,2014-12-29,Segunda,19:00:00,RN,101,105.9,PARNAMIRIM,Falta de atenção,Colisão traseira,Com Vítimas Feridas,Plena noite,Crescente,Ceu Claro,Dupla,Reta,Urbano,2014,2,0,1,0,1,0,1,2
83297461,2014-12-30,Terça,00:40:00,RN,226,11.9,MACAIBA,Ingestão de álcool,Saída de Pista,Sem Vítimas,Plena noite,Decrescente,Ceu Claro,Simples,Reta,Urbano,2014,1,0,0,0,1,0,0,1
83297467,2014-12-25,Quinta,18:37:00,RN,110,47.1,MOSSORO,Não guardar distância de segurança,Colisão traseira,Sem Vítimas,Anoitecer,Crescente,Ceu Claro,Simples,Reta,Urbano,2014,5,0,0,0,4,1,0,2
83297531,2014-12-28,Domingo,15:20:00,RN,110,44.3,MOSSORO,Outras,Colisão Transversal,Com Vítimas Feridas,Pleno dia,Decrescente,Sol,Simples,Cruzamento,Urbano,2014,2,0,0,1,0,1,1,2
83297534,2014-12-30,Terça,07:30:00,RN,101,108.0,PARNAMIRIM,Falta de atenção,Colisão Transversal,Com Vítimas Feridas,Pleno dia,Decrescente,Ceu Claro,Dupla,Cruzamento,Urbano,2014,3,0,1,0,2,0,1,2
83297640,2014-12-26,Sexta,19:50:00,RN,110,1.9,AREIA BRANCA,Outras,Colisão traseira,Com Vítimas Feridas,Plena noite,Crescente,Ceu Claro,Simples,Reta,Urbano,2014,3,0,0,2,1,0,2,2
83297655,2014-12-30,Terça,13:30:00,RN,101,96.0,NATAL,Desobediência à sinalização,Colisão lateral,Sem Vítimas,Pleno dia,Decrescente,Sol,Dupla,Cruzamento,Urbano,2014,2,0,0,0,1,1,0,2
83297746,2014-12-30,Terça,17:11:00,RN,304,305.0,PARNAMIRIM,Falta de atenção,Colisão Transversal,Sem Vítimas,Anoitecer,Crescente,Ceu Claro,Dupla,Reta,Rural,2014,2,0,0,0,2,0,0,2
83297758,2014-12-30,Terça,07:50:00,RN,110,46.0,MOSSORO,Falta de atenção,Colisão traseira,Sem Vítimas,Pleno dia,Crescente,Ceu Claro,Simples,Reta,Urbano,2014,3,0,0,0,3,0,0,3
83297872,2014-12-26,Sexta,19:45:00,RN,226,424.3,PAU DOS FERROS,Falta de atenção,Colisão Transversal,Com Vítimas Fatais,Plena noite,Crescente,Ceu Claro,Simples,Reta,Rural,2014,2,1,0,0,0,1,0,2
83297946,2014-12-27,Sábado,11:20:00,RN,101,108.0,PARNAMIRIM,Outras,Colisão Transversal,Sem Vítimas,Pleno dia,Crescente,Sol,Dupla,Cruzamento,Urbano,2014,2,0,0,0,2,0,0,2
83297972,2014-12-31,Quarta,09:00:00,RN,226,155.8,CURRAIS NOVOS,Falta de atenção,Saída de Pista,Sem Vítimas,Pleno dia,Crescente,Ceu Claro,Simples,Reta,Rural,2014,2,0,0,0,2,0,0,1
83298077,2014-12-31,Quarta,11:10:00,RN,101,80.5,SAO GONCALO DO AMARANTE,Outras,Queda de motocicleta / bicicleta / veículo,Com Vítimas Feridas,Pleno dia,Crescente,Ceu Claro,Múltipla,Reta,Urbano,2014,1,0,1,0,0,0,1,1
83298102,2014-12-31,Quarta,16:30:00,RN,304,29.5,MOSSORO,Falta de atenção,Colisão traseira,Sem Vítimas,Pleno dia,Crescente,Ceu Claro,Simples,Reta,Rural,2014,3,0,0,0,2,1,0,3
83298230,2014-12-31,Quarta,18:30:00,RN,101,82.8,NATAL,Falta de atenção,Colisão lateral,Sem Vítimas,Plena noite,Decrescente,Ceu Claro,Dupla,Reta,Urbano,2014,2,0,0,0,2,0,0,2
83298337,2014-12-24,Quarta,19:30:00,RN,406,155.0,CEARA-MIRIM,Defeito mecânico em veículo,Tombamento,Com Vítimas Feridas,Plena noite,Decrescente,Ceu Claro,Simples,Reta,Rural,2014,2,0,2,0,0,0,2,1
83298994,2014-12-29,Segunda,19:40:00,RN,226,10.2,MACAIBA,Outras,Tombamento,Com Vítimas Feridas,Plena noite,Decrescente,Ceu Claro,Simples,Curva,Rural,2014,3,0,1,0,2,0,1,2
83299037,2014-12-30,Terça,23:00:00,RN,101,102.2,PARNAMIRIM,Falta de atenção,Atropelamento de pessoa,Com Vítimas Feridas,Plena noite,Crescente,Ceu Claro,Múltipla,Reta,Urbano,2014,2,0,0,1,1,0,1,1
83299277,2014-12-30,Terça,07:20:00,RN,304,46.5,MOSSORO,Falta de atenção,Colisão lateral,Com Vítimas Feridas,Pleno dia,Decrescente,Sol,Dupla,Reta,Urbano,2014,2,0,1,0,1,0,1,2
83299311,2014-12-29,Segunda,03:30:00,RN,101,139.0,GOIANINHA,Outras,Saída de Pista,Sem Vítimas,Plena noite,Decrescente,Ceu Claro,Dupla,Reta,Rural,2014,2,0,0,0,1,1,0,1
83299667,2014-12-31,Quarta,14:05:00,RN,101,107.0,PARNAMIRIM,Outras,Colisão traseira,Sem Vítimas,Pleno dia,Decrescente,Ceu Claro,Dupla,Reta,Urbano,2014,2,0,0,0,2,0,0,2
83299793,2014-01-04,Sábado,21:20:00,RN,405,62.8,FELIPE GUERRA,Animais na Pista,Atropelamento de animal,Com Vítimas Fatais,Plena noite,Crescente,Ceu Claro,Simples,Reta,Rural,2014,1,1,0,0,0,0,0,1
83300181,2014-01-05,Domingo,17:00:00,RN,101,123.5,SAO JOSE DE MIPIBU,Outras,Colisão Transversal,Com Vítimas Feridas,Pleno dia,Crescente,Ceu Claro,Dupla,Reta,Urbano,2014,2,0,1,0,1,0,1,2
83300864,2014-01-07,Terça,13:15:00,RN,406,170.0,SAO GONCALO DO AMARANTE,Não guardar distância de segurança,Colisão traseira,Sem Vítimas,Pleno dia,Crescente,Sol,Simples,Reta,Urbano,2014,3,0,0,0,3,0,0,3
83301813,2014-12-20,Sábado,07:55:00,RN,101,86.0,SAO GONCALO DO AMARANTE,Não guardar distância de segurança,Colisão traseira,Sem Vítimas,Pleno dia,Crescente,Ceu Claro,Dupla,Reta,Urbano,2014,4,0,0,0,4,0,0,4
83301894,2014-11-15,Sábado,19:25:00,RN,304,299.0,MACAIBA,Animais na Pista,Colisão traseira,Sem Vítimas,Plena noite,Decrescente,Ceu Claro,Múltipla,Reta,Urbano,2014,2,0,0,0,2,0,0,2
83303184,2014-01-13,Segunda,09:20:00,RN,101,84.8,NATAL,Falta de atenção,Colisão lateral,Sem Vítimas,Pleno dia,Decrescente,Ceu Claro,Simples,Reta,Urbano,2014,2,0,0,0,2,0,0,2
83303886,2014-01-15,Quarta,01:20:00,RN,304,292.0,MACAIBA,Ingestão de álcool,Colisão traseira,Sem Vítimas,Plena noite,Crescente,Ceu Claro,Simples,Reta,Rural,2014,2,0,0,0,1,1,0,2
83304570,2014-01-16,Quinta,18:15:00,RN,101,95.0,NATAL,Falta de atenção,Colisão com objeto fixo,Sem Vítimas,Plena noite,Decrescente,Ceu Claro,Dupla,Reta,Urbano,2014,1,0,0,0,1,0,0,1
83305772,2014-01-07,Terça,19:00:00,RN,101,80.8,NATAL,Desobediência à sinalização,Colisão Transversal,Sem Vítimas,Plena noite,Decrescente,Ceu Claro,Dupla,Cruzamento,Urbano,2014,2,0,0,0,2,0,0,2
83306718,2014-09-25,Quinta,17:00:00,RN,101,94.0,NATAL,Outras,Colisão lateral,Sem Vítimas,Pleno dia,Crescente,Ceu Claro,Múltipla,Reta,Urbano,2014,2,0,0,0,2,0,0,2
83308200,2014-12-12,Sexta,13:30:00,RN,101,99.9,NATAL,Falta de atenção,Colisão traseira,Sem Vítimas,Pleno dia,Decrescente,Sol,Dupla,Reta,Urbano,2014,2,0,0,0,2,0,0,2
83308540,2014-10-25,Sábado,22:15:00,RN,226,13.0,MACAIBA,Outras,Colisão frontal,Sem Vítimas,Plena noite,Decrescente,Vento,Simples,Cruzamento,Rural,2014,2,0,0,0,1,1,0,2
83308627,2014-08-31,Domingo,06:25:00,RN,101,76.0,NATAL,Falta de atenção,Colisão Transversal,Com Vítimas Feridas,Pleno dia,Decrescente,Ceu Claro,Dupla,Reta,Urbano,2014,3,0,0,3,0,0,3,2
83309069,2014-12-31,Quarta,00:05:00,RN,406,149.7,CEARA-MIRIM,Outras,Colisão frontal,Com Vítimas Feridas,Plena noite,Decrescente,Nublado,Simples,Reta,Rural,2014,2,0,0,1,1,0,1,2
83309086,2014-11-28,Sexta,22:15:00,RN,101,79.0,NATAL,Outras,Colisão com bicicleta,Com Vítimas Feridas,Plena noite,Crescente,Ceu Claro,Dupla,Reta,Rural,2014,2,0,0,1,1,0,1,2
83310689,2014-01-30,Quinta,15:30:00,RN,101,30.4,RIO DO FOGO,Falta de atenção,Colisão Transversal,Com Vítimas Feridas,Pleno dia,Decrescente,Ceu Claro,Simples,Reta,Rural,2014,3,0,0,2,1,0,2,2
83313689,2014-09-23,Terça,07:30:00,RN,406,163.0,SAO GONCALO DO AMARANTE,Falta de atenção,Colisão lateral,Sem Vítimas,Pleno dia,Decrescente,Ceu Claro,Simples,Reta,Urbano,2014,2,0,0,0,2,0,0,2
83315523,2014-10-13,Segunda,08:00:00,RN,101,104.0,PARNAMIRIM,Outras,Colisão Transversal,Com Vítimas Feridas,Pleno dia,Decrescente,Ceu Claro,Dupla,Cruzamento,Urbano,2014,2,0,1,0,1,0,1,2
83315715,2014-08-24,Domingo,17:25:00,RN,304,297.7,MACAIBA,Outras,Colisão Transversal,Com Vítimas Feridas,Anoitecer,Decrescente,Ceu Claro,Simples,Curva,Urbano,2014,4,0,4,0,0,0,4,2
83317257,2014-10-05,Domingo,19:40:00,RN,101,100.0,NATAL,Falta de atenção,Colisão traseira,Sem Vítimas,Plena noite,Decrescente,Chuva,Múltipla,Reta,Urbano,2014,2,0,0,0,2,0,0,2
83317921,2014-02-14,Sexta,03:00:00,RN,406,126.3,POCO BRANCO,Outras,Colisão lateral,Com Vítimas Feridas,Plena noite,Crescente,Ceu Claro,Simples,Curva,Rural,2014,2,0,0,2,0,0,2,2
83320915,2014-10-12,Domingo,13:41:00,RN,226,0.9,NATAL,Outras,Colisão com objeto fixo,Com Vítimas Feridas,Pleno dia,Decrescente,Sol,Múltipla,Reta,Urbano,2014,4,0,3,0,1,0,3,1
83321796,2014-02-25,Terça,09:30:00,RN,101,97.5,NATAL,Não guardar distância de segurança,Colisão traseira,Sem Vítimas,Pleno dia,Decrescente,Ceu Claro,Múltipla,Reta,Urbano,2014,2,0,0,0,2,0,0,2
83323018,2014-09-26,Sexta,21:10:00,RN,226,14.5,MACAIBA,Outras,Colisão frontal,Com Vítimas Feridas,Plena noite,Crescente,Ceu Claro,Simples,Reta,Urbano,2014,2,0,0,1,0,1,1,2
83323558,2014-10-06,Segunda,18:10:00,RN,101,76.4,NATAL,Falta de atenção,Colisão Transversal,Com Vítimas Feridas,Plena noite,Decrescente,Ceu Claro,Simples,Reta,Rural,2014,2,0,0,1,1,0,1,2
83326277,2014-10-12,Domingo,04:00:00,RN,101,105.5,PARNAMIRIM,Velocidade incompatível,Colisão traseira,Com Vítimas Feridas,Plena noite,Decrescente,Ceu Claro,Dupla,Reta,Urbano,2014,2,0,1,0,1,0,1,2
83332518,2014-03-23,Domingo,17:00:00,RN,427,59.6,JARDIM DO SERIDO,Outras,Capotamento,Com Vítimas Feridas,Pleno dia,Decrescente,Chuva,Simples,Curva,Rural,2014,3,0,1,0,2,0,1,1
83332971,2014-03-20,Quinta,20:00:00,RN,101,155.9,CANGUARETAMA,Outras,Capotamento,Sem Vítimas,Plena noite,Crescente,Chuva,Dupla,Reta,Rural,2014,1,0,0,0,1,0,0,1
83335805,2014-08-28,Quinta,16:00:00,RN,101,5.0,TOUROS,Defeito mecânico em veículo,Incêndio,Sem Vítimas,Pleno dia,Decrescente,Ceu Claro,Simples,Reta,Rural,2014,1,0,0,0,1,0,0,1
83345249,2014-12-01,Segunda,23:50:00,RN,101,96.0,NATAL,Desobediência à sinalização,Colisão frontal,Sem Vítimas,Plena noite,Crescente,Ceu Claro,Dupla,Curva,Urbano,2014,3,0,0,0,2,1,0,3
83348545,2014-04-27,Domingo,11:35:00,RN,304,47.7,MOSSORO,Desobediência à sinalização,Colisão Transversal,Com Vítimas Feridas,Pleno dia,Decrescente,Sol,Dupla,Cruzamento,Urbano,2014,4,0,2,0,2,0,2,3
83350211,2014-09-15,Segunda,17:20:00,RN,101,84.5,NATAL,Falta de atenção,Colisão lateral,Sem Vítimas,Anoitecer,Decrescente,Ceu Claro,Dupla,Reta,Urbano,2014,2,0,0,0,2,0,0,2
83352275,2014-05-09,Sexta,18:40:00,RN,101,83.0,SAO GONCALO DO AMARANTE,Não guardar distância de segurança,Colisão traseira,Sem Vítimas,Plena noite,Crescente,Ceu Claro,Dupla,Reta,Urbano,2014,4,0,0,0,4,0,0,4
83363156,2014-04-04,Sexta,11:30:00,RN,226,4.0,NATAL,Falta de atenção,Colisão traseira,Sem Vítimas,Pleno dia,Crescente,Ceu Claro,Simples,Reta,Urbano,2014,2,0,0,0,2,0,0,2
83363546,2014-06-05,Quinta,10:50:00,RN,101,84.0,SAO GONCALO DO AMARANTE,Outras,Colisão lateral,Sem Vítimas,Pleno dia,Crescente,Sol,Dupla,Reta,Urbano,2014,2,0,0,0,2,0,0,2
83365917,2014-01-18,Sábado,00:15:00,RN,427,114.8,CAICO,Outras,Colisão Transversal,Com Vítimas Feridas,Plena noite,Decrescente,Ceu Claro,Simples,Reta,Rural,2014,2,0,0,1,1,0,1,2
83366039,2014-06-11,Quarta,07:00:00,RN,406,170.0,SAO GONCALO DO AMARANTE,Outras,Atropelamento de pessoa,Com Vítimas Feridas,Pleno dia,Decrescente,Sol,Simples,Reta,Urbano,2014,2,0,0,2,0,0,2,1
83366991,2014-10-27,Segunda,17:29:00,RN,304,124.0,ITAJA,Outras,Colisão lateral,Com Vítimas Feridas,Anoitecer,Crescente,Ceu Claro,Simples,Reta,Rural,2014,4,0,3,0,1,0,3,2
83368184,2014-10-24,Sexta,11:40:00,RN,304,240.0,RIACHUELO,Ultrapassagem indevida,Capotamento,Com Vítimas Feridas,Pleno dia,Decrescente,Sol,Simples,Reta,Urbano,2014,4,0,1,3,0,0,4,1
83371950,2014-10-06,Segunda,06:10:00,RN,101,143.8,GOIANINHA,Ingestão de álcool,Capotamento,Com Vítimas Feridas,Amanhecer,Decrescente,Ceu Claro,Dupla,Reta,Rural,2014,4,0,3,0,1,0,3,1
83377592,2014-03-15,Sábado,17:15:00,RN,101,74.0,EXTREMOZ,Outras,Capotamento,Sem Vítimas,Pleno dia,Decrescente,Chuva,Simples,Reta,Rural,2014,1,0,0,0,1,0,0,1
83378827,2014-12-08,Segunda,17:00:00,RN,101,77.3,NATAL,Outras,Colisão Transversal,Com Vítimas Feridas,Pleno dia,Decrescente,Ceu Claro,Dupla,Reta,Urbano,2014,3,0,0,1,2,0,1,2
83379835,2014-12-31,Quarta,10:30:00,RN,405,152.2,PAU DOS FERROS,Falta de atenção,Atropelamento de pessoa,Com Vítimas Feridas,Pleno dia,Decrescente,Ceu Claro,Dupla,Reta,Urbano,2014,3,0,2,0,1,0,2,1
83383375,2014-09-27,Sábado,06:10:00,RN,304,177.6,ANGICOS,Ultrapassagem indevida,Colisão frontal,Com Vítimas Fatais,Pleno dia,Decrescente,Sol,Simples,Reta,Rural,2014,5,3,0,2,0,0,2,2
83384914,2014-12-15,Segunda,08:50:00,RN,101,107.2,PARNAMIRIM,Falta de atenção,Colisão traseira,Sem Vítimas,Pleno dia,Decrescente,Ceu Claro,Dupla,Reta,Urbano,2014,2,0,0,0,2,0,0,2
83385806,2014-07-18,Sexta,06:50:00,RN,101,103.4,PARNAMIRIM,Defeito mecânico em veículo,Colisão com objeto móvel,Com Vítimas Feridas,Pleno dia,Crescente,Ceu Claro,Dupla,Reta,Urbano,2014,3,0,1,1,1,0,2,2
83400531,2014-11-23,Domingo,16:15:00,RN,304,197.0,LAJES,Outras,Capotamento,Com Vítimas Feridas,Pleno dia,Crescente,Ceu Claro,Simples,Reta,Rural,2014,5,0,2,0,1,2,2,2